-- MySQL dump 10.13  Distrib 5.5.16, for Win64 (x86)
--
-- Host: localhost    Database: 4.4.2
-- ------------------------------------------------------
-- Server version	5.5.16

/*!40101 SET @OLD_CHARACTER_SET_CLIENT=@@CHARACTER_SET_CLIENT */;
/*!40101 SET @OLD_CHARACTER_SET_RESULTS=@@CHARACTER_SET_RESULTS */;
/*!40101 SET @OLD_COLLATION_CONNECTION=@@COLLATION_CONNECTION */;
/*!40101 SET NAMES utf8 */;
/*!40103 SET @OLD_TIME_ZONE=@@TIME_ZONE */;
/*!40103 SET TIME_ZONE='+00:00' */;
/*!40014 SET @OLD_UNIQUE_CHECKS=@@UNIQUE_CHECKS, UNIQUE_CHECKS=0 */;
/*!40014 SET @OLD_FOREIGN_KEY_CHECKS=@@FOREIGN_KEY_CHECKS, FOREIGN_KEY_CHECKS=0 */;
/*!40101 SET @OLD_SQL_MODE=@@SQL_MODE, SQL_MODE='NO_AUTO_VALUE_ON_ZERO' */;
/*!40111 SET @OLD_SQL_NOTES=@@SQL_NOTES, SQL_NOTES=0 */;

--
-- Table structure for table `acl`
--

DROP TABLE IF EXISTS `acl`;
/*!40101 SET @saved_cs_client     = @@character_set_client */;
/*!40101 SET character_set_client = utf8 */;
CREATE TABLE `acl` (
  `id` int(11) NOT NULL DEFAULT '0',
  `section_value` varchar(230) NOT NULL DEFAULT 'system',
  `allow` int(11) NOT NULL DEFAULT '0',
  `enabled` int(11) NOT NULL DEFAULT '0',
  `return_value` text,
  `note` text,
  `updated_date` int(11) NOT NULL DEFAULT '0',
  PRIMARY KEY (`id`),
  KEY `enabled_acl` (`enabled`),
  KEY `section_value_acl` (`section_value`),
  KEY `updated_date_acl` (`updated_date`)
) ENGINE=InnoDB DEFAULT CHARSET=utf8 PACK_KEYS=0 ROW_FORMAT=COMPACT COMMENT='InnoDB free: 6144 kB; InnoDB free: 13312 kB; InnoDB free: 13';
/*!40101 SET character_set_client = @saved_cs_client */;

--
-- Dumping data for table `acl`
--

LOCK TABLES `acl` WRITE;
/*!40000 ALTER TABLE `acl` DISABLE KEYS */;
INSERT INTO `acl` VALUES (32,'general',1,1,'','',1257873042),(33,'general',1,1,'','',1257873047),(34,'general',1,1,'','',1288269843),(36,'general',1,1,'','',1288267938),(37,'general',1,1,'','',1288269869),(38,'general',1,1,'','',1288269875),(39,'general',1,1,'','',1288269882),(40,'general',1,1,'','',1288269887),(41,'general',1,1,'','',1288269906),(42,'general',1,1,'','',1288269916),(43,'general',1,1,'','',1288269955),(44,'general',1,1,'','',1288269963),(45,'general',1,1,'','',1288269971),(46,'general',1,1,'','',1288269978),(47,'general',1,1,'','',1288269984),(48,'general',1,1,'','',1288269989),(55,'general',1,1,'','',1288269995),(56,'general',1,1,'','',1288270003),(57,'general',1,1,'','',1235520674),(58,'general',1,1,'','',1288270013),(59,'general',1,1,'','',1288270021),(60,'general',1,1,'','',1235578430),(61,'general',1,1,'','',1288267922),(143,'general',1,1,'','',1290602109),(144,'general',0,1,'','',1290602113),(145,'general',1,1,'','',1290602124),(177,'1',1,1,'','',1292930587),(178,'1',1,1,'','',1292930587),(179,'1',1,1,'','',1292930587),(180,'1',1,1,'','',1292930587),(181,'1',1,1,'','',1292930587),(182,'1',1,1,'','',1292930587),(183,'1',1,1,'','',1292930587),(184,'1',1,1,'','',1292930587),(185,'1',1,1,'','',1292930587),(186,'1',1,1,'','',1292930587),(187,'1',1,1,'','',1292930587),(188,'1',1,1,'','',1292930587),(189,'1',1,1,'','',1292930587),(190,'1',1,1,'','',1292930587),(191,'1',1,1,'','',1292930587),(192,'1',1,1,'','',1292930587),(194,'1',1,1,'','',1292930588),(195,'1',1,1,'','',1292930588),(196,'1',1,1,'','',1292930588),(197,'1',1,1,'','',1292930588),(198,'1',1,1,'','',1292930588),(199,'1',1,1,'','',1292930588),(200,'1',1,1,'','',1292930588),(201,'1',1,1,'','',1292930588),(202,'1',1,1,'','',1292930588),(203,'1',1,1,'','',1292930588),(204,'1',1,1,'','',1292930588),(205,'1',1,1,'','',1292930588),(206,'1',1,1,'','',1292930588),(207,'1',1,1,'','',1292930588),(208,'23',0,1,'','',1295881678),(209,'23',0,1,'','',1295881678),(210,'23',0,1,'','',1295881678),(211,'23',0,1,'','',1295881678),(212,'23',0,1,'','',1295881678),(213,'23',0,1,'','',1295881678),(214,'23',0,1,'','',1295881678),(215,'23',0,1,'','',1295881678),(216,'23',0,1,'','',1295881678),(217,'23',1,1,'','',1295881678),(218,'23',1,1,'','',1295881678),(219,'23',1,1,'','',1295881678),(220,'23',1,1,'','',1295881678),(221,'23',1,1,'','',1295881678),(222,'23',1,1,'','',1295881678),(223,'23',0,1,'','',1295881678),(225,'23',1,1,'','',1295881678),(226,'23',0,1,'','',1295881678),(227,'23',0,1,'','',1295881678),(228,'23',0,1,'','',1295881678),(229,'23',0,1,'','',1295881678),(230,'23',0,1,'','',1295881678),(231,'23',0,1,'','',1295881678),(232,'23',0,1,'','',1295881678),(233,'23',0,1,'','',1295881678),(234,'23',0,1,'','',1295881678),(235,'23',0,1,'','',1295881678),(236,'23',1,1,'','',1295881678),(237,'23',0,1,'','',1295881678),(238,'23',0,1,'','',1295881678),(239,'23',0,1,'','',1295892102),(240,'23',0,1,'','',1295892102),(241,'23',0,1,'','',1295892102),(242,'23',0,1,'','',1295892102),(243,'23',0,1,'','',1295892102),(244,'23',0,1,'','',1295892102),(245,'23',0,1,'','',1295892102),(246,'23',0,1,'','',1295892102),(247,'23',0,1,'','',1295892102),(248,'23',1,1,'','',1295892102),(249,'23',1,1,'','',1295892102),(250,'23',1,1,'','',1295892102),(251,'23',1,1,'','',1295892102),(252,'23',1,1,'','',1295892102),(253,'23',1,1,'','',1295892102),(254,'23',0,1,'','',1295892102),(256,'23',1,1,'','',1295892102),(257,'23',1,1,'','',1295892102),(258,'23',0,1,'','',1295892102),(259,'23',0,1,'','',1295892102),(260,'23',0,1,'','',1295892102),(261,'23',0,1,'','',1295892102),(262,'23',0,1,'','',1295892102),(263,'23',0,1,'','',1295892102),(264,'23',0,1,'','',1295892102),(265,'23',0,1,'','',1295892102),(266,'23',0,1,'','',1295892102),(267,'23',1,1,'','',1295892102),(268,'23',0,1,'','',1295892102),(269,'23',0,1,'','',1295892102),(270,'23',0,1,'','',1295881706),(271,'23',0,1,'','',1295881706),(272,'23',0,1,'','',1295881706),(273,'23',0,1,'','',1295881706),(274,'23',0,1,'','',1295881706),(275,'23',0,1,'','',1295881706),(276,'23',0,1,'','',1295881706),(277,'23',0,1,'','',1295881706),(278,'23',0,1,'','',1295881706),(279,'23',1,1,'','',1295881706),(280,'23',1,1,'','',1295881706),(281,'23',1,1,'','',1295881706),(282,'23',1,1,'','',1295881706),(283,'23',1,1,'','',1295881706),(284,'23',1,1,'','',1295881706),(285,'23',0,1,'','',1295881706),(287,'23',1,1,'','',1295881706),(288,'23',1,1,'','',1295881706),(289,'23',0,1,'','',1295881706),(290,'23',0,1,'','',1295881706),(291,'23',0,1,'','',1295881706),(292,'23',0,1,'','',1295881706),(293,'23',0,1,'','',1295881706),(294,'23',0,1,'','',1295881706),(295,'23',0,1,'','',1295881706),(296,'23',0,1,'','',1295881706),(297,'23',0,1,'','',1295881706),(298,'23',1,1,'','',1295881706),(299,'23',0,1,'','',1295881706),(300,'23',0,1,'','',1295881706),(301,'23',0,1,'','',1295881721),(302,'23',0,1,'','',1295881721),(303,'23',0,1,'','',1295881721),(304,'23',0,1,'','',1295881721),(305,'23',0,1,'','',1295881721),(306,'23',0,1,'','',1295881721),(307,'23',0,1,'','',1295881721),(308,'23',0,1,'','',1295881721),(309,'23',0,1,'','',1295881721),(310,'23',1,1,'','',1295881721),(311,'23',1,1,'','',1295881721),(312,'23',1,1,'','',1295881721),(313,'23',1,1,'','',1295881721),(314,'23',1,1,'','',1295881721),(315,'23',1,1,'','',1295881721),(316,'23',0,1,'','',1295881721),(318,'23',1,1,'','',1295881721),(319,'23',1,1,'','',1295881721),(320,'23',0,1,'','',1295881721),(321,'23',0,1,'','',1295881721),(322,'23',0,1,'','',1295881721),(323,'23',0,1,'','',1295881721),(324,'23',0,1,'','',1295881721),(325,'23',0,1,'','',1295881721),(326,'23',0,1,'','',1295881721),(327,'23',0,1,'','',1295881721),(328,'23',0,1,'','',1295881721),(329,'23',1,1,'','',1295881721),(330,'23',0,1,'','',1295881721),(331,'23',0,1,'','',1295881721),(332,'general',1,1,'','',1296153671),(333,'general',1,1,'','',1296557891),(334,'general',1,1,'','',1296557927),(335,'general',1,1,'','',1296557941),(336,'26',1,1,'','',1300446149),(337,'26',1,1,'','',1300446149),(338,'26',1,1,'','',1300446149),(339,'26',1,1,'','',1300446149),(340,'26',1,1,'','',1300446149),(341,'26',1,1,'','',1300446149),(342,'26',1,1,'','',1300446149),(343,'26',1,1,'','',1300446149),(344,'26',1,1,'','',1300446149),(345,'26',1,1,'','',1300446149),(346,'26',1,1,'','',1300446149),(347,'26',1,1,'','',1300446149),(348,'26',1,1,'','',1300446149),(349,'26',1,1,'','',1300446149),(350,'26',1,1,'','',1300446149),(351,'26',1,1,'','',1300446149),(353,'26',1,1,'','',1300446149),(354,'26',1,1,'','',1300446149),(355,'26',1,1,'','',1300446149),(356,'26',1,1,'','',1300446149),(357,'26',1,1,'','',1300446149),(358,'26',1,1,'','',1300446149),(359,'26',0,1,'','',1300446149),(360,'26',1,1,'','',1300446149),(361,'26',1,1,'','',1300446149),(362,'26',1,1,'','',1300446149),(363,'26',1,1,'','',1300446149),(364,'26',1,1,'','',1300446149),(365,'26',1,1,'','',1300446149),(366,'26',1,1,'','',1300446149),(367,'26',1,1,'','',1300446149),(368,'26',1,1,'','',1300446149),(369,'26',1,1,'','',1300446149),(370,'26',1,1,'','',1300446149),(371,'1',1,1,'','',1298040386),(372,'1',1,1,'','',1298040386),(373,'1',1,1,'','',1298040386),(374,'1',1,1,'','',1298040386),(375,'1',1,1,'','',1298040386),(376,'1',1,1,'','',1298040386),(377,'1',1,1,'','',1298040386),(378,'1',1,1,'','',1298040386),(379,'1',1,1,'','',1298040386),(380,'1',1,1,'','',1298040386),(381,'1',1,1,'','',1298040386),(382,'1',1,1,'','',1298040386),(383,'1',1,1,'','',1298040386),(384,'1',1,1,'','',1298040386),(385,'1',1,1,'','',1298040386),(386,'1',1,1,'','',1298040386),(388,'1',1,1,'','',1298040386),(389,'1',1,1,'','',1298040386),(390,'1',1,1,'','',1298040386),(391,'1',1,1,'','',1298040386),(392,'1',1,1,'','',1298040386),(393,'1',1,1,'','',1298040386),(394,'1',0,1,'','',1298040386),(395,'1',1,1,'','',1298040386),(396,'1',1,1,'','',1298040386),(397,'1',1,1,'','',1298040386),(398,'1',1,1,'','',1298040386),(399,'1',1,1,'','',1298040386),(400,'1',1,1,'','',1298040386),(401,'1',1,1,'','',1298040386),(402,'1',1,1,'','',1298040386),(403,'1',1,1,'','',1298040386),(404,'1',1,1,'','',1298040386),(405,'1',1,1,'','',1298040386),(406,'31',1,1,'','',1300202936),(407,'31',1,1,'','',1300202936),(408,'31',1,1,'','',1300202936),(409,'31',1,1,'','',1300202936),(410,'31',1,1,'','',1300202936),(411,'31',1,1,'','',1300202936),(412,'31',1,1,'','',1300202936),(413,'31',1,1,'','',1300202936),(414,'31',1,1,'','',1300202936),(415,'31',1,1,'','',1300202936),(416,'31',1,1,'','',1300202936),(417,'31',1,1,'','',1300202936),(418,'31',1,1,'','',1300202936),(419,'31',1,1,'','',1300202936),(420,'31',1,1,'','',1300202936),(421,'31',1,1,'','',1300202936),(423,'31',1,1,'','',1300202936),(424,'31',1,1,'','',1300202936),(425,'31',1,1,'','',1300202936),(426,'31',1,1,'','',1300202936),(427,'31',1,1,'','',1300202936),(428,'31',1,1,'','',1300202936),(429,'31',0,1,'','',1300202936),(430,'31',1,1,'','',1300202936),(431,'31',1,1,'','',1300202936),(432,'31',1,1,'','',1300202936),(433,'31',1,1,'','',1300202936),(434,'31',1,1,'','',1300202936),(435,'31',1,1,'','',1300202936),(436,'31',1,1,'','',1300202936),(437,'31',1,1,'','',1300202936),(438,'31',1,1,'','',1300202936),(439,'31',1,1,'','',1300202936),(440,'31',1,1,'','',1300202936),(441,'general',1,1,'','',1300215862),(442,'26',1,1,'','',1300446149),(443,'general',1,1,'','',1301905038),(444,'general',1,1,'','',1301905051),(445,'general',1,1,'','',1301905065),(446,'general',1,1,'','',1301905081),(447,'33',1,1,'','',1306493273),(448,'33',1,1,'','',1306493273),(449,'33',1,1,'','',1306493273),(450,'33',1,1,'','',1306493273),(451,'33',1,1,'','',1306493273),(452,'33',1,1,'','',1306493273),(453,'33',1,1,'','',1306493273),(454,'33',1,1,'','',1306493273),(455,'33',1,1,'','',1306493273),(456,'33',1,1,'','',1306493273),(457,'33',1,1,'','',1306493273),(458,'33',1,1,'','',1306493273),(459,'33',1,1,'','',1306493273),(460,'33',1,1,'','',1306493273),(461,'33',1,1,'','',1306493273),(462,'33',1,1,'','',1306493273),(463,'33',1,1,'','',1306493273),(464,'33',1,1,'','',1306493273),(465,'33',1,1,'','',1306493273),(466,'33',1,1,'','',1306493273),(467,'33',1,1,'','',1306493273),(468,'33',1,1,'','',1306493273),(469,'33',0,1,'','',1306493273),(470,'33',1,1,'','',1306493273),(471,'33',1,1,'','',1306493273),(472,'33',1,1,'','',1306493273),(473,'33',1,1,'','',1306493273),(474,'33',1,1,'','',1306493273),(475,'33',1,1,'','',1306493273),(476,'33',1,1,'','',1306493274),(477,'33',1,1,'','',1306493274),(478,'33',1,1,'','',1306493274),(479,'33',1,1,'','',1306493274),(480,'33',1,1,'','',1306493274),(481,'33',1,1,'','',1306493274),(482,'33',1,1,'','',1306493274),(483,'33',1,1,'','',1306493274),(484,'33',1,1,'','',1306493274),(485,'33',1,1,'','',1306493274),(525,'general',1,1,'','',1302510866),(527,'35',1,1,'','',1302792539),(528,'35',1,1,'','',1302792539),(529,'35',1,1,'','',1302792539),(530,'35',1,1,'','',1302792539),(531,'35',1,1,'','',1302792539),(532,'35',1,1,'','',1302792540),(533,'35',1,1,'','',1302792540),(534,'35',1,1,'','',1302792540),(535,'35',0,1,'','',1302792540),(536,'35',1,1,'','',1302792540),(537,'35',1,1,'','',1302792540),(538,'35',1,1,'','',1302792540),(539,'35',1,1,'','',1302792540),(540,'35',1,1,'','',1302792540),(541,'35',1,1,'','',1302792541),(542,'35',0,1,'','',1302792541),(543,'35',1,1,'','',1302792541),(544,'35',1,1,'','',1302792541),(545,'35',1,1,'','',1302792541),(546,'35',1,1,'','',1302792541),(547,'35',0,1,'','',1302792541),(548,'35',0,1,'','',1302792541),(549,'35',0,1,'','',1302792541),(550,'35',1,1,'','',1302792541),(551,'35',1,1,'','',1302792541),(552,'35',1,1,'','',1302792541),(553,'35',1,1,'','',1302792541),(554,'35',1,1,'','',1302792541),(555,'35',1,1,'','',1302792541),(556,'35',1,1,'','',1302792541),(557,'35',1,1,'','',1302792542),(558,'35',1,1,'','',1302792542),(559,'35',1,1,'','',1302792542),(560,'35',1,1,'','',1302792542),(561,'35',1,1,'','',1302792542),(562,'35',1,1,'','',1302792542),(563,'35',1,1,'','',1302792542),(564,'35',1,1,'','',1302792542),(565,'35',1,1,'','',1302792542),(566,'35',1,1,'','',1302792542),(567,'1',0,1,'','',1305028670),(568,'1',0,1,'','',1305028670),(569,'1',0,1,'','',1305028670),(570,'1',1,1,'','',1305028670),(571,'1',0,1,'','',1305028670),(572,'1',0,1,'','',1305028670),(573,'1',0,1,'','',1305028670),(574,'1',0,1,'','',1305028670),(575,'1',0,1,'','',1305028670),(576,'1',1,1,'','',1305028670),(577,'1',0,1,'','',1305028670),(578,'1',1,1,'','',1305028670),(579,'1',1,1,'','',1305028670),(580,'1',1,1,'','',1305028670),(581,'1',1,1,'','',1305028670),(582,'1',0,1,'','',1305028670),(583,'1',1,1,'','',1305028670),(584,'1',1,1,'','',1305028670),(585,'1',1,1,'','',1305028670),(586,'1',0,1,'','',1305028670),(587,'1',0,1,'','',1305028670),(588,'1',0,1,'','',1305028670),(589,'1',0,1,'','',1305028670),(590,'1',0,1,'','',1305028670),(591,'1',0,1,'','',1305028670),(592,'1',0,1,'','',1305028670),(593,'1',0,1,'','',1305028670),(594,'1',0,1,'','',1305028670),(595,'1',1,1,'','',1305028670),(596,'1',1,1,'','',1305028670),(597,'1',1,1,'','',1305028670),(598,'1',0,1,'','',1305028670),(599,'1',0,1,'','',1305028670),(600,'1',1,1,'','',1305028670),(601,'1',0,1,'','',1305028670),(602,'1',0,1,'','',1305028670),(603,'1',1,1,'','',1305028670),(604,'1',0,1,'','',1305028670),(605,'1',0,1,'','',1305028670),(606,'1',0,1,'','',1305028670),(607,'33',1,1,'','',1306493274),(608,'37',0,1,'','',1305092229),(609,'37',0,1,'','',1305092229),(610,'37',0,1,'','',1305092229),(611,'37',0,1,'','',1305092229),(612,'37',0,1,'','',1305092229),(613,'37',0,1,'','',1305092229),(614,'37',0,1,'','',1305092229),(615,'37',0,1,'','',1305092229),(616,'37',0,1,'','',1305092229),(617,'37',1,1,'','',1305092229),(618,'37',1,1,'','',1305092229),(619,'37',1,1,'','',1305092229),(620,'37',1,1,'','',1305092229),(621,'37',1,1,'','',1305092229),(622,'37',1,1,'','',1305092229),(623,'37',0,1,'','',1305092229),(624,'37',1,1,'','',1305092230),(625,'37',1,1,'','',1305092230),(626,'37',0,1,'','',1305092230),(627,'37',0,1,'','',1305092230),(628,'37',0,1,'','',1305092230),(629,'37',0,1,'','',1305092230),(630,'37',0,1,'','',1305092230),(631,'37',0,1,'','',1305092230),(632,'37',0,1,'','',1305092230),(633,'37',0,1,'','',1305092230),(634,'37',0,1,'','',1305092230),(635,'37',0,1,'','',1305092230),(636,'37',1,1,'','',1305092230),(637,'37',1,1,'','',1305092230),(638,'37',1,1,'','',1305092230),(639,'37',0,1,'','',1305092230),(640,'37',0,1,'','',1305092230),(641,'37',1,1,'','',1305092230),(642,'37',0,1,'','',1305092230),(643,'37',0,1,'','',1305092230),(644,'37',1,1,'','',1305092230),(645,'37',0,1,'','',1305092230),(646,'37',0,1,'','',1305092230),(647,'37',0,1,'','',1305092230),(648,'30',1,1,'','',1305291884),(649,'30',1,1,'','',1305291884),(650,'30',1,1,'','',1305291884),(651,'30',1,1,'','',1305291884),(652,'30',1,1,'','',1305291884),(653,'30',1,1,'','',1305291884),(654,'30',1,1,'','',1305291884),(655,'30',1,1,'','',1305291884),(656,'30',1,1,'','',1305291884),(657,'30',1,1,'','',1305291884),(658,'30',1,1,'','',1305291884),(659,'30',1,1,'','',1305291884),(660,'30',1,1,'','',1305291884),(661,'30',1,1,'','',1305291884),(662,'30',1,1,'','',1305291884),(663,'30',1,1,'','',1305291884),(664,'30',1,1,'','',1305291884),(665,'30',1,1,'','',1305291884),(666,'30',1,1,'','',1305291884),(667,'30',1,1,'','',1305291884),(668,'30',1,1,'','',1305291884),(669,'30',1,1,'','',1305291885),(670,'30',0,1,'','',1305291885),(671,'30',1,1,'','',1305291885),(672,'30',1,1,'','',1305291885),(673,'30',1,1,'','',1305291885),(674,'30',1,1,'','',1305291885),(675,'30',1,1,'','',1305291885),(676,'30',1,1,'','',1305291885),(677,'30',1,1,'','',1305291885),(678,'30',1,1,'','',1305291885),(679,'30',1,1,'','',1305291885),(680,'30',1,1,'','',1305291885),(681,'30',1,1,'','',1305291885),(682,'30',1,1,'','',1305291885),(683,'30',1,1,'','',1305291885),(684,'30',1,1,'','',1305291885),(685,'30',1,1,'','',1305291885),(686,'30',1,1,'','',1305291885),(687,'30',1,1,'','',1305291885),(688,'38',1,1,'','',1307654535),(689,'38',1,1,'','',1307654535),(690,'38',1,1,'','',1307654535),(691,'38',1,1,'','',1307654535),(692,'38',1,1,'','',1307654535),(693,'38',1,1,'','',1307654535),(694,'38',1,1,'','',1307654535),(695,'38',1,1,'','',1307654535),(696,'38',1,1,'','',1307654535),(697,'38',1,1,'','',1307654535),(698,'38',1,1,'','',1307654535),(699,'38',1,1,'','',1307654535),(700,'38',1,1,'','',1307654535),(701,'38',1,1,'','',1307654535),(702,'38',1,1,'','',1307654535),(703,'38',1,1,'','',1307654535),(704,'38',1,1,'','',1307654535),(705,'38',1,1,'','',1307654535),(706,'38',1,1,'','',1307654535),(707,'38',1,1,'','',1307654535),(708,'38',1,1,'','',1307654535),(709,'38',1,1,'','',1307654535),(710,'38',0,1,'','',1307654535),(711,'38',1,1,'','',1307654535),(712,'38',1,1,'','',1307654535),(713,'38',1,1,'','',1307654535),(714,'38',1,1,'','',1307654535),(715,'38',1,1,'','',1307654535),(716,'38',1,1,'','',1307654535),(717,'38',1,1,'','',1307654535),(718,'38',1,1,'','',1307654535),(719,'38',1,1,'','',1307654535),(720,'38',1,1,'','',1307654535),(721,'38',1,1,'','',1307654535),(722,'38',1,1,'','',1307654535),(723,'38',1,1,'','',1307654535),(724,'38',1,1,'','',1307654535),(725,'38',1,1,'','',1307654535),(726,'38',1,1,'','',1307654535),(727,'38',1,1,'','',1307654536),(728,'38',0,1,'','',1306335458),(729,'38',0,1,'','',1306335458),(730,'38',0,1,'','',1306335458),(731,'38',0,1,'','',1306335458),(732,'38',0,1,'','',1306335458),(733,'38',0,1,'','',1306335458),(734,'38',0,1,'','',1306335458),(735,'38',0,1,'','',1306335458),(736,'38',0,1,'','',1306335458),(737,'38',1,1,'','',1306335458),(738,'38',1,1,'','',1306335458),(739,'38',1,1,'','',1306335458),(740,'38',1,1,'','',1306335458),(741,'38',1,1,'','',1306335458),(742,'38',1,1,'','',1306335458),(743,'38',0,1,'','',1306335458),(744,'38',1,1,'','',1306335458),(745,'38',1,1,'','',1306335458),(746,'38',0,1,'','',1306335458),(747,'38',0,1,'','',1306335458),(748,'38',0,1,'','',1306335458),(749,'38',0,1,'','',1306335458),(750,'38',0,1,'','',1306335458),(751,'38',0,1,'','',1306335458),(752,'38',0,1,'','',1306335458),(753,'38',0,1,'','',1306335458),(754,'38',0,1,'','',1306335458),(755,'38',0,1,'','',1306335458),(756,'38',1,1,'','',1306335458),(757,'38',1,1,'','',1306335458),(758,'38',1,1,'','',1306335458),(759,'38',0,1,'','',1306335458),(760,'38',0,1,'','',1306335458),(761,'38',1,1,'','',1306335458),(762,'38',0,1,'','',1306335458),(763,'38',0,1,'','',1306335459),(764,'38',1,1,'','',1306335459),(765,'38',0,1,'','',1306335459),(766,'38',0,1,'','',1306335459),(767,'38',0,1,'','',1306335459),(768,'39',1,1,'','',1306498689),(769,'39',1,1,'','',1306498689),(770,'39',1,1,'','',1306498689),(771,'39',1,1,'','',1306498689),(772,'39',1,1,'','',1306498689),(773,'39',1,1,'','',1306498689),(774,'39',1,1,'','',1306498689),(775,'39',1,1,'','',1306498689),(776,'39',1,1,'','',1306498689),(777,'39',1,1,'','',1306498689),(778,'39',1,1,'','',1306498689),(779,'39',1,1,'','',1306498689),(780,'39',1,1,'','',1306498689),(781,'39',1,1,'','',1306498689),(782,'39',1,1,'','',1306498689),(783,'39',1,1,'','',1306498689),(784,'39',1,1,'','',1306498689),(785,'39',1,1,'','',1306498689),(786,'39',1,1,'','',1306498689),(787,'39',1,1,'','',1306498689),(788,'39',1,1,'','',1306498689),(789,'39',1,1,'','',1306498689),(790,'39',0,1,'','',1306498689),(791,'39',1,1,'','',1306498689),(792,'39',1,1,'','',1306498689),(793,'39',1,1,'','',1306498689),(794,'39',1,1,'','',1306498690),(795,'39',1,1,'','',1306498690),(796,'39',1,1,'','',1306498690),(797,'39',1,1,'','',1306498690),(798,'39',1,1,'','',1306498690),(799,'39',1,1,'','',1306498690),(800,'39',1,1,'','',1306498690),(801,'39',1,1,'','',1306498690),(802,'39',1,1,'','',1306498690),(803,'39',1,1,'','',1306498690),(804,'39',1,1,'','',1306498690),(805,'39',1,1,'','',1306498690),(806,'39',1,1,'','',1306498690),(807,'39',1,1,'','',1306498690),(808,'general',1,1,'','',1306509597),(809,'40',0,1,'','',1307549119),(810,'40',0,1,'','',1307549119),(811,'40',0,1,'','',1307549119),(812,'40',0,1,'','',1307549119),(813,'40',0,1,'','',1307549119),(814,'40',0,1,'','',1307549119),(815,'40',0,1,'','',1307549119),(816,'40',0,1,'','',1307549119),(817,'40',0,1,'','',1307549119),(818,'40',0,1,'','',1307549119),(819,'40',0,1,'','',1307549119),(820,'40',1,1,'','',1307549119),(821,'40',1,1,'','',1307549119),(822,'40',1,1,'','',1307549119),(823,'40',1,1,'','',1307549119),(824,'40',1,1,'','',1307549119),(825,'40',1,1,'','',1307549119),(826,'40',0,1,'','',1307549119),(827,'40',1,1,'','',1307549119),(828,'40',1,1,'','',1307549119),(829,'40',0,1,'','',1307549119),(830,'40',0,1,'','',1307549119),(831,'40',0,1,'','',1307549119),(832,'40',0,1,'','',1307549120),(833,'40',0,1,'','',1307549120),(834,'40',0,1,'','',1307549120),(835,'40',0,1,'','',1307549120),(836,'40',0,1,'','',1307549120),(837,'40',0,1,'','',1307549120),(838,'40',0,1,'','',1307549120),(839,'40',1,1,'','',1307549120),(840,'40',1,1,'','',1307549120),(841,'40',1,1,'','',1307549120),(842,'40',0,1,'','',1307549120),(843,'40',0,1,'','',1307549120),(844,'40',1,1,'','',1307549120),(845,'40',0,1,'','',1307549120),(846,'40',0,1,'','',1307549120),(847,'40',1,1,'','',1307549120),(848,'40',0,1,'','',1307549120),(849,'40',0,1,'','',1307549120),(850,'40',0,1,'','',1307549120),(935,'38',1,1,'','',1307654535),(936,'38',1,1,'','',1307654535),(979,'1',0,1,'','',1307697082),(980,'1',0,1,'','',1307697082),(981,'1',0,1,'','',1307697082),(982,'1',0,1,'','',1307697082),(983,'1',0,1,'','',1307697082),(984,'1',0,1,'','',1307697082),(985,'1',0,1,'','',1307697082),(986,'1',0,1,'','',1307697082),(987,'1',0,1,'','',1307697082),(988,'1',0,1,'','',1307697082),(989,'1',0,1,'','',1307697082),(990,'1',1,1,'','',1307697082),(991,'1',1,1,'','',1307697083),(992,'1',1,1,'','',1307697083),(993,'1',1,1,'','',1307697083),(994,'1',1,1,'','',1307697083),(995,'1',1,1,'','',1307697083),(996,'1',0,1,'','',1307697083),(997,'1',1,1,'','',1307697083),(998,'1',1,1,'','',1307697083),(999,'1',0,1,'','',1307697083),(1000,'1',0,1,'','',1307697083),(1001,'1',0,1,'','',1307697083),(1002,'1',0,1,'','',1307697083),(1003,'1',0,1,'','',1307697083),(1004,'1',0,1,'','',1307697083),(1005,'1',0,1,'','',1307697083),(1006,'1',0,1,'','',1307697083),(1007,'1',0,1,'','',1307697083),(1008,'1',0,1,'','',1307697083),(1009,'1',1,1,'','',1307697083),(1010,'1',1,1,'','',1307697083),(1011,'1',1,1,'','',1307697083),(1012,'1',0,1,'','',1307697083),(1013,'1',0,1,'','',1307697083),(1014,'1',1,1,'','',1307697083),(1015,'1',0,1,'','',1307697083),(1016,'1',0,1,'','',1307697083),(1017,'1',0,1,'','',1307697083),(1018,'1',1,1,'','',1307697083),(1019,'1',0,1,'','',1307697083),(1020,'1',0,1,'','',1307697083),(1021,'1',0,1,'','',1309361915),(1022,'1',0,1,'','',1309361915),(1023,'1',0,1,'','',1309361915),(1024,'1',0,1,'','',1309361915),(1025,'1',0,1,'','',1309361915),(1026,'1',0,1,'','',1309361915),(1027,'1',0,1,'','',1309361915),(1028,'1',0,1,'','',1309361915),(1029,'1',0,1,'','',1309361915),(1030,'1',0,1,'','',1309361915),(1031,'1',0,1,'','',1309361915),(1032,'1',1,1,'','',1309361915),(1033,'1',1,1,'','',1309361915),(1034,'1',1,1,'','',1309361915),(1035,'1',1,1,'','',1309361915),(1036,'1',1,1,'','',1309361915),(1037,'1',1,1,'','',1309361915),(1038,'1',0,1,'','',1309361915),(1039,'1',1,1,'','',1309361915),(1040,'1',1,1,'','',1309361915),(1041,'1',0,1,'','',1309361915),(1042,'1',0,1,'','',1309361915),(1043,'1',0,1,'','',1309361915),(1044,'1',0,1,'','',1309361915),(1045,'1',0,1,'','',1309361915),(1046,'1',0,1,'','',1309361915),(1047,'1',0,1,'','',1309361915),(1048,'1',0,1,'','',1309361915),(1049,'1',0,1,'','',1309361915),(1050,'1',0,1,'','',1309361915),(1051,'1',1,1,'','',1309361915),(1052,'1',1,1,'','',1309361915),(1053,'1',1,1,'','',1309361915),(1054,'1',0,1,'','',1309361915),(1055,'1',0,1,'','',1309361915),(1056,'1',1,1,'','',1309361915),(1057,'1',0,1,'','',1309361915),(1058,'1',0,1,'','',1309361915),(1059,'1',0,1,'','',1309361915),(1060,'1',1,1,'','',1309361915),(1061,'1',0,1,'','',1309361915),(1062,'1',0,1,'','',1309361915),(1063,'1',1,1,'','',1307964665),(1064,'1',1,1,'','',1307964665),(1065,'1',1,1,'','',1307964665),(1066,'1',1,1,'','',1307964665),(1067,'1',1,1,'','',1307964665),(1068,'1',1,1,'','',1307964665),(1069,'1',1,1,'','',1307964665),(1070,'1',1,1,'','',1307964665),(1071,'1',1,1,'','',1307964665),(1072,'1',1,1,'','',1307964665),(1073,'1',0,1,'','',1307964665),(1074,'1',1,1,'','',1307964665),(1075,'1',1,1,'','',1307964665),(1076,'1',1,1,'','',1307964665),(1077,'1',1,1,'','',1307964665),(1078,'1',1,1,'','',1307964665),(1079,'1',1,1,'','',1307964665),(1080,'1',0,1,'','',1307964665),(1081,'1',1,1,'','',1307964665),(1082,'1',1,1,'','',1307964665),(1083,'1',1,1,'','',1307964665),(1084,'1',1,1,'','',1307964665),(1085,'1',0,1,'','',1307964665),(1086,'1',0,1,'','',1307964665),(1087,'1',0,1,'','',1307964665),(1088,'1',1,1,'','',1307964665),(1089,'1',1,1,'','',1307964665),(1090,'1',1,1,'','',1307964665),(1091,'1',1,1,'','',1307964665),(1092,'1',1,1,'','',1307964665),(1093,'1',1,1,'','',1307964665),(1094,'1',1,1,'','',1307964665),(1095,'1',1,1,'','',1307964665),(1096,'1',1,1,'','',1307964665),(1097,'1',1,1,'','',1307964665),(1098,'1',1,1,'','',1307964665),(1099,'1',1,1,'','',1307964665),(1100,'1',1,1,'','',1307964666),(1101,'1',1,1,'','',1307964666),(1102,'1',1,1,'','',1307964666),(1103,'1',1,1,'','',1307964666),(1104,'1',1,1,'','',1307964666),(1105,'1',0,1,'','',1312465893),(1106,'1',0,1,'','',1312465893),(1107,'1',0,1,'','',1312465893),(1108,'1',0,1,'','',1312465893),(1109,'1',0,1,'','',1312465893),(1110,'1',0,1,'','',1312465893),(1111,'1',0,1,'','',1312465893),(1112,'1',0,1,'','',1312465893),(1113,'1',0,1,'','',1312465893),(1114,'1',0,1,'','',1312465893),(1115,'1',0,1,'','',1312465893),(1116,'1',1,1,'','',1312465893),(1117,'1',1,1,'','',1312465893),(1118,'1',1,1,'','',1312465893),(1119,'1',1,1,'','',1312465893),(1120,'1',1,1,'','',1312465893),(1121,'1',1,1,'','',1312465893),(1122,'1',0,1,'','',1312465894),(1123,'1',1,1,'','',1312465894),(1124,'1',1,1,'','',1312465894),(1125,'1',0,1,'','',1312465894),(1126,'1',0,1,'','',1312465894),(1127,'1',0,1,'','',1312465894),(1128,'1',0,1,'','',1312465894),(1129,'1',0,1,'','',1312465894),(1130,'1',0,1,'','',1312465894),(1131,'1',0,1,'','',1312465894),(1132,'1',0,1,'','',1312465894),(1133,'1',0,1,'','',1312465894),(1134,'1',0,1,'','',1312465894),(1135,'1',1,1,'','',1312465894),(1136,'1',1,1,'','',1312465894),(1137,'1',1,1,'','',1312465894),(1138,'1',0,1,'','',1312465894),(1139,'1',0,1,'','',1312465894),(1140,'1',1,1,'','',1312465894),(1141,'1',0,1,'','',1312465894),(1142,'1',0,1,'','',1312465894),(1143,'1',1,1,'','',1312465894),(1144,'1',0,1,'','',1312465894),(1145,'1',0,1,'','',1312465894),(1146,'1',0,1,'','',1312465894),(1147,'1',0,1,'','',1309420344),(1148,'1',0,1,'','',1309420344),(1149,'1',0,1,'','',1309420345),(1150,'1',0,1,'','',1309420345),(1151,'1',0,1,'','',1309420345),(1152,'1',0,1,'','',1309420345),(1153,'1',0,1,'','',1309420345),(1154,'1',0,1,'','',1309420345),(1155,'1',0,1,'','',1309420345),(1156,'1',0,1,'','',1309420345),(1157,'1',0,1,'','',1309420345),(1158,'1',1,1,'','',1309420345),(1159,'1',1,1,'','',1309420345),(1160,'1',1,1,'','',1309420345),(1161,'1',1,1,'','',1309420345),(1162,'1',1,1,'','',1309420345),(1163,'1',1,1,'','',1309420345),(1164,'1',0,1,'','',1309420345),(1165,'1',1,1,'','',1309420345),(1166,'1',1,1,'','',1309420345),(1167,'1',0,1,'','',1309420345),(1168,'1',0,1,'','',1309420345),(1169,'1',0,1,'','',1309420345),(1170,'1',0,1,'','',1309420345),(1171,'1',0,1,'','',1309420345),(1172,'1',0,1,'','',1309420345),(1173,'1',0,1,'','',1309420345),(1174,'1',0,1,'','',1309420345),(1175,'1',0,1,'','',1309420345),(1176,'1',0,1,'','',1309420345),(1177,'1',1,1,'','',1309420345),(1178,'1',1,1,'','',1309420345),(1179,'1',1,1,'','',1309420345),(1180,'1',0,1,'','',1309420345),(1181,'1',0,1,'','',1309420345),(1182,'1',1,1,'','',1309420345),(1183,'1',0,1,'','',1309420345),(1184,'1',0,1,'','',1309420345),(1185,'1',0,1,'','',1309420345),(1186,'1',1,1,'','',1309420345),(1187,'1',0,1,'','',1309420345),(1188,'1',0,1,'','',1309420345),(1189,'1',1,1,'','',1309420316),(1190,'1',1,1,'','',1309420316),(1191,'1',1,1,'','',1309420316),(1192,'1',1,1,'','',1309420316),(1193,'1',1,1,'','',1309420316),(1194,'1',1,1,'','',1309420316),(1195,'1',1,1,'','',1309420316),(1196,'1',1,1,'','',1309420316),(1197,'1',1,1,'','',1309420316),(1198,'1',1,1,'','',1309420316),(1199,'1',1,1,'','',1309420316),(1200,'1',1,1,'','',1309420316),(1201,'1',1,1,'','',1309420316),(1202,'1',1,1,'','',1309420316),(1203,'1',1,1,'','',1309420316),(1204,'1',1,1,'','',1309420316),(1205,'1',1,1,'','',1309420316),(1206,'1',1,1,'','',1309420316),(1207,'1',1,1,'','',1309420316),(1208,'1',1,1,'','',1309420316),(1209,'1',1,1,'','',1309420316),(1210,'1',1,1,'','',1309420316),(1211,'1',1,1,'','',1309420316),(1212,'1',1,1,'','',1309420316),(1213,'1',0,1,'','',1309420316),(1214,'1',1,1,'','',1309420316),(1215,'1',1,1,'','',1309420316),(1216,'1',1,1,'','',1309420316),(1217,'1',1,1,'','',1309420316),(1218,'1',1,1,'','',1309420316),(1219,'1',1,1,'','',1309420316),(1220,'1',1,1,'','',1309420316),(1221,'1',1,1,'','',1309420316),(1222,'1',1,1,'','',1309420316),(1223,'1',1,1,'','',1309420316),(1224,'1',1,1,'','',1309420316),(1225,'1',1,1,'','',1309420316),(1226,'1',1,1,'','',1309420316),(1227,'1',1,1,'','',1309420316),(1228,'1',1,1,'','',1309420316),(1229,'1',1,1,'','',1309420316),(1230,'1',1,1,'','',1309420316),(1231,'42',1,1,'','',1310388943),(1232,'42',1,1,'','',1310388943),(1233,'42',1,1,'','',1310388943),(1234,'42',1,1,'','',1310388943),(1235,'42',1,1,'','',1310388943),(1236,'42',1,1,'','',1310388943),(1237,'42',1,1,'','',1310388943),(1238,'42',1,1,'','',1310388943),(1239,'42',1,1,'','',1310388943),(1240,'42',1,1,'','',1310388943),(1241,'42',1,1,'','',1310388943),(1242,'42',1,1,'','',1310388943),(1243,'42',1,1,'','',1310388943),(1244,'42',1,1,'','',1310388943),(1245,'42',1,1,'','',1310388943),(1246,'42',1,1,'','',1310388943),(1247,'42',1,1,'','',1310388943),(1248,'42',1,1,'','',1310388943),(1249,'42',1,1,'','',1310388943),(1250,'42',1,1,'','',1310388943),(1251,'42',1,1,'','',1310388943),(1252,'42',1,1,'','',1310388943),(1253,'42',1,1,'','',1310388943),(1254,'42',1,1,'','',1310388943),(1255,'42',0,1,'','',1310388943),(1256,'42',1,1,'','',1310388943),(1257,'42',1,1,'','',1310388944),(1258,'42',1,1,'','',1310388944),(1259,'42',1,1,'','',1310388944),(1260,'42',1,1,'','',1310388944),(1261,'42',1,1,'','',1310388944),(1262,'42',1,1,'','',1310388944),(1263,'42',1,1,'','',1310388944),(1264,'42',1,1,'','',1310388944),(1265,'42',1,1,'','',1310388944),(1266,'42',1,1,'','',1310388944),(1267,'42',1,1,'','',1310388944),(1268,'42',1,1,'','',1310388944),(1269,'42',1,1,'','',1310388944),(1270,'42',1,1,'','',1310388944),(1271,'42',1,1,'','',1310388944),(1272,'42',1,1,'','',1310388944),(1273,'43',1,1,'','',1312373149),(1274,'43',1,1,'','',1312373149),(1275,'43',1,1,'','',1312373149),(1276,'43',1,1,'','',1312373149),(1277,'43',1,1,'','',1312373149),(1278,'43',1,1,'','',1312373149),(1279,'43',1,1,'','',1312373149),(1280,'43',1,1,'','',1312373149),(1281,'43',1,1,'','',1312373149),(1282,'43',1,1,'','',1312373149),(1283,'43',1,1,'','',1312373149),(1284,'43',1,1,'','',1312373149),(1285,'43',1,1,'','',1312373149),(1286,'43',1,1,'','',1312373149),(1287,'43',1,1,'','',1312373149),(1288,'43',1,1,'','',1312373149),(1289,'43',1,1,'','',1312373150),(1290,'43',1,1,'','',1312373150),(1291,'43',1,1,'','',1312373150),(1292,'43',1,1,'','',1312373150),(1293,'43',1,1,'','',1312373150),(1294,'43',1,1,'','',1312373150),(1295,'43',1,1,'','',1312373150),(1296,'43',1,1,'','',1312373150),(1297,'43',0,1,'','',1312373150),(1298,'43',1,1,'','',1312373150),(1299,'43',1,1,'','',1312373150),(1300,'43',1,1,'','',1312373150),(1301,'43',1,1,'','',1312373150),(1302,'43',1,1,'','',1312373150),(1303,'43',1,1,'','',1312373150),(1304,'43',1,1,'','',1312373150),(1305,'43',1,1,'','',1312373150),(1306,'43',1,1,'','',1312373150),(1307,'43',1,1,'','',1312373150),(1308,'43',1,1,'','',1312373150),(1309,'43',1,1,'','',1312373150),(1310,'43',1,1,'','',1312373150),(1311,'43',1,1,'','',1312373150),(1312,'43',1,1,'','',1312373150),(1313,'43',1,1,'','',1312373150),(1314,'43',1,1,'','',1312373150),(1315,'47',0,1,'','',1313566824),(1316,'47',0,1,'','',1313566824),(1317,'47',0,1,'','',1313566824),(1318,'47',0,1,'','',1313566824),(1319,'47',0,1,'','',1313566824),(1320,'47',0,1,'','',1313566824),(1321,'47',0,1,'','',1313566824),(1322,'47',0,1,'','',1313566824),(1323,'47',0,1,'','',1313566824),(1324,'47',0,1,'','',1313566824),(1325,'47',0,1,'','',1313566824),(1326,'47',1,1,'','',1313566824),(1327,'47',1,1,'','',1313566824),(1328,'47',1,1,'','',1313566824),(1329,'47',1,1,'','',1313566824),(1330,'47',1,1,'','',1313566824),(1331,'47',1,1,'','',1313566824),(1332,'47',0,1,'','',1313566824),(1333,'47',1,1,'','',1313566824),(1334,'47',1,1,'','',1313566824),(1335,'47',0,1,'','',1313566824),(1336,'47',0,1,'','',1313566825),(1337,'47',0,1,'','',1313566825),(1338,'47',0,1,'','',1313566825),(1339,'47',0,1,'','',1313566825),(1340,'47',0,1,'','',1313566825),(1341,'47',0,1,'','',1313566825),(1342,'47',0,1,'','',1313566825),(1343,'47',0,1,'','',1313566825),(1344,'47',0,1,'','',1313566825),(1345,'47',1,1,'','',1313566825),(1346,'47',1,1,'','',1313566825),(1347,'47',1,1,'','',1313566825),(1348,'47',0,1,'','',1313566825),(1349,'47',0,1,'','',1313566825),(1350,'47',1,1,'','',1313566825),(1351,'47',0,1,'','',1313566825),(1352,'47',0,1,'','',1313566825),(1353,'47',0,1,'','',1313566825),(1354,'47',1,1,'','',1313566825),(1355,'47',0,1,'','',1313566825),(1356,'47',0,1,'','',1313566825),(1357,'47',1,1,'','',1313566803),(1358,'47',1,1,'','',1313566803),(1359,'47',1,1,'','',1313566803),(1360,'47',1,1,'','',1313566803),(1361,'47',1,1,'','',1313566803),(1362,'47',1,1,'','',1313566803),(1363,'47',1,1,'','',1313566803),(1364,'47',1,1,'','',1313566803),(1365,'47',1,1,'','',1313566803),(1366,'47',1,1,'','',1313566803),(1367,'47',1,1,'','',1313566803),(1368,'47',1,1,'','',1313566803),(1369,'47',1,1,'','',1313566803),(1370,'47',1,1,'','',1313566803),(1371,'47',1,1,'','',1313566803),(1372,'47',1,1,'','',1313566803),(1373,'47',1,1,'','',1313566803),(1374,'47',1,1,'','',1313566803),(1375,'47',1,1,'','',1313566803),(1376,'47',1,1,'','',1313566803),(1377,'47',1,1,'','',1313566803),(1378,'47',1,1,'','',1313566803),(1379,'47',1,1,'','',1313566803),(1380,'47',1,1,'','',1313566803),(1381,'47',0,1,'','',1313566803),(1382,'47',1,1,'','',1313566803),(1383,'47',1,1,'','',1313566803),(1384,'47',1,1,'','',1313566803),(1385,'47',1,1,'','',1313566803),(1386,'47',1,1,'','',1313566803),(1387,'47',1,1,'','',1313566803),(1388,'47',1,1,'','',1313566803),(1389,'47',1,1,'','',1313566804),(1390,'47',1,1,'','',1313566804),(1391,'47',1,1,'','',1313566804),(1392,'47',1,1,'','',1313566804),(1393,'47',1,1,'','',1313566804),(1394,'47',1,1,'','',1313566804),(1395,'47',1,1,'','',1313566804),(1396,'47',1,1,'','',1313566804),(1397,'47',1,1,'','',1313566804),(1398,'47',1,1,'','',1313566804);
/*!40000 ALTER TABLE `acl` ENABLE KEYS */;
UNLOCK TABLES;

--
-- Table structure for table `acl_sections`
--

DROP TABLE IF EXISTS `acl_sections`;
/*!40101 SET @saved_cs_client     = @@character_set_client */;
/*!40101 SET character_set_client = utf8 */;
CREATE TABLE `acl_sections` (
  `id` int(11) NOT NULL DEFAULT '0',
  `value` varchar(230) NOT NULL DEFAULT '''''',
  `order_value` int(11) NOT NULL DEFAULT '0',
  `name` varchar(230) NOT NULL DEFAULT '''''',
  `hidden` int(11) NOT NULL DEFAULT '0',
  PRIMARY KEY (`id`),
  UNIQUE KEY `value_acl_sections` (`value`),
  KEY `hidden_acl_sections` (`hidden`)
) ENGINE=InnoDB DEFAULT CHARSET=utf8 PACK_KEYS=0 ROW_FORMAT=COMPACT COMMENT='InnoDB free: 6144 kB; InnoDB free: 13312 kB; InnoDB free: 13';
/*!40101 SET character_set_client = @saved_cs_client */;

--
-- Dumping data for table `acl_sections`
--

LOCK TABLES `acl_sections` WRITE;
/*!40000 ALTER TABLE `acl_sections` DISABLE KEYS */;
INSERT INTO `acl_sections` VALUES (18,'1',1,'StorePOINT International',0),(20,'general',0,'General',0),(43,'22',22,'Transcreation Portal',0),(58,'23',23,'Paramount',0),(59,'24',24,'Digital Print Business',0),(60,'25',25,'Technical Language Service',0),(61,'26',26,'Tag',0),(62,'27',27,'Chef Du Monde',0),(63,'28',28,'Printflow',0),(64,'29',29,'E-Graphics',0),(65,'30',30,'Emagine',0),(66,'31',31,'B&Q',0),(67,'32',32,'Parlour Wood',0),(68,'33',33,'Story London',0),(70,'35',35,'HAYS PLC',0),(71,'36',36,'Julian & co',0),(72,'37',37,'Proco',0),(73,'38',38,'Hemant',0),(74,'39',39,'compo',0),(75,'40',40,'AgencyTrans',0),(76,'41',41,'Duo Media',0),(77,'42',42,'PageFlow',0),(78,'43',43,'Cogent Demo',0),(79,'44',44,'Walker Books',0),(80,'45',45,'Christies',0),(81,'46',46,'Addison',0),(82,'47',47,'Creative Translation Ltd',0);
/*!40000 ALTER TABLE `acl_sections` ENABLE KEYS */;
UNLOCK TABLES;

--
-- Table structure for table `acl_sections_seq`
--

DROP TABLE IF EXISTS `acl_sections_seq`;
/*!40101 SET @saved_cs_client     = @@character_set_client */;
/*!40101 SET character_set_client = utf8 */;
CREATE TABLE `acl_sections_seq` (
  `id` int(11) NOT NULL
) ENGINE=InnoDB DEFAULT CHARSET=utf8 PACK_KEYS=0 ROW_FORMAT=COMPACT COMMENT='InnoDB free: 6144 kB; InnoDB free: 13312 kB; InnoDB free: 13';
/*!40101 SET character_set_client = @saved_cs_client */;

--
-- Dumping data for table `acl_sections_seq`
--

LOCK TABLES `acl_sections_seq` WRITE;
/*!40000 ALTER TABLE `acl_sections_seq` DISABLE KEYS */;
INSERT INTO `acl_sections_seq` VALUES (82);
/*!40000 ALTER TABLE `acl_sections_seq` ENABLE KEYS */;
UNLOCK TABLES;

--
-- Table structure for table `acl_seq`
--

DROP TABLE IF EXISTS `acl_seq`;
/*!40101 SET @saved_cs_client     = @@character_set_client */;
/*!40101 SET character_set_client = utf8 */;
CREATE TABLE `acl_seq` (
  `id` int(11) NOT NULL
) ENGINE=InnoDB DEFAULT CHARSET=utf8 PACK_KEYS=0 ROW_FORMAT=COMPACT COMMENT='InnoDB free: 6144 kB; InnoDB free: 13312 kB; InnoDB free: 13';
/*!40101 SET character_set_client = @saved_cs_client */;

--
-- Dumping data for table `acl_seq`
--

LOCK TABLES `acl_seq` WRITE;
/*!40000 ALTER TABLE `acl_seq` DISABLE KEYS */;
INSERT INTO `acl_seq` VALUES (1398);
/*!40000 ALTER TABLE `acl_seq` ENABLE KEYS */;
UNLOCK TABLES;

--
-- Table structure for table `aco`
--

DROP TABLE IF EXISTS `aco`;
/*!40101 SET @saved_cs_client     = @@character_set_client */;
/*!40101 SET character_set_client = utf8 */;
CREATE TABLE `aco` (
  `id` int(11) NOT NULL DEFAULT '0',
  `section_value` varchar(240) NOT NULL DEFAULT '0',
  `value` varchar(240) NOT NULL DEFAULT '''''',
  `order_value` int(11) NOT NULL DEFAULT '0',
  `name` varchar(255) NOT NULL DEFAULT '''''',
  `hidden` int(11) NOT NULL DEFAULT '0',
  PRIMARY KEY (`id`),
  UNIQUE KEY `section_value_value_aco` (`section_value`,`value`),
  KEY `hidden_aco` (`hidden`)
) ENGINE=InnoDB DEFAULT CHARSET=utf8 PACK_KEYS=0 ROW_FORMAT=COMPACT COMMENT='InnoDB free: 6144 kB; InnoDB free: 13312 kB; InnoDB free: 13';
/*!40101 SET character_set_client = @saved_cs_client */;

--
-- Dumping data for table `aco`
--

LOCK TABLES `aco` WRITE;
/*!40000 ALTER TABLE `aco` DISABLE KEYS */;
INSERT INTO `aco` VALUES (20,'profile','editProfile',2,'Edit Profile',0),(21,'profile','upPhoto',3,'Upload Photo',0),(22,'profile','editLang',4,'Update Language Capacity',0),(23,'profile','editSpec',5,'Update Specialisations',0),(24,'profile','eidtRate',6,'Update Rates',0),(25,'profile','changePass',7,'Change Password',0),(26,'profile','changeAcc',8,'Change Account Details',0),(27,'system','login',1,'Allow Login',0),(28,'system','cpanel',5,'Access to Control Panel',0),(29,'campaigns','new',1,'Create New Campaigns',0),(30,'campaigns','edit',2,'Edit Campaigns',0),(31,'campaigns','manage',3,'Manage Campaigns',0),(32,'campaigns','trash',4,'Trash Campaigns',0),(33,'campaigns','delete',5,'Delete Campaigns',0),(34,'artworks','new',1,'Upload New Artworks',0),(35,'artworks','edit',2,'Edit Artworks',0),(36,'artworks','trash',3,'Trash Artworks',0),(37,'tasks','new',1,'Create New Tasks',0),(38,'tasks','edit',2,'Edit Tasks',0),(39,'tasks','manage',3,'Manage Tasks',0),(40,'tasks','delete',4,'Delete Tasks',0),(47,'artworks','viewtasks',6,'View Artwork Tasks',0),(48,'taskworkflow','tasklog',6,'View Task Log',0),(49,'taskworkflow','newcomments',7,'Add New Comments',0),(50,'taskworkflow','editcomments',8,'Edit Comments',0),(51,'taskworkflow','deletecomments',9,'Delete Comments',0),(52,'system','superadmin',7,'Access to Super Admin Functions',0),(53,'system','admin',6,'Access to Admin Functions',0),(55,'system','campaigns',4,'Access to Campaigns',0),(56,'system','dashboard',2,'Show Dashboard',0),(57,'system','cost',3,'Show Cost',0),(58,'taskworkflow','submit',10,'Submit Task',0),(59,'taskworkflow','approve',11,'Approve Task',0),(60,'taskworkflow','signoff',12,'Sign off Task',0),(61,'taskworkflow','search',2,'Search',0),(62,'taskworkflow','addguests',1,'Add Guests',0),(63,'taskworkflow','export',3,'Export Document',0),(64,'taskworkflow','import',4,'Import Document',0),(65,'taskworkflow','download',13,'Download Artwork',0),(66,'taskworkflow','customise',5,'Customise',0),(67,'artworks','restore',4,'Restore Artworks',0),(68,'artworks','delete',5,'Delete Artworks',0);
/*!40000 ALTER TABLE `aco` ENABLE KEYS */;
UNLOCK TABLES;

--
-- Table structure for table `aco_map`
--

DROP TABLE IF EXISTS `aco_map`;
/*!40101 SET @saved_cs_client     = @@character_set_client */;
/*!40101 SET character_set_client = utf8 */;
CREATE TABLE `aco_map` (
  `acl_id` int(11) NOT NULL DEFAULT '0',
  `section_value` varchar(230) NOT NULL DEFAULT '0',
  `value` varchar(230) NOT NULL DEFAULT '''''',
  PRIMARY KEY (`acl_id`,`section_value`,`value`)
) ENGINE=InnoDB DEFAULT CHARSET=utf8 PACK_KEYS=0 ROW_FORMAT=COMPACT COMMENT='InnoDB free: 6144 kB; InnoDB free: 13312 kB; InnoDB free: 13';
/*!40101 SET character_set_client = @saved_cs_client */;

--
-- Dumping data for table `aco_map`
--

LOCK TABLES `aco_map` WRITE;
/*!40000 ALTER TABLE `aco_map` DISABLE KEYS */;
INSERT INTO `aco_map` VALUES (32,'system','login'),(33,'profile','changePass'),(33,'profile','editLang'),(33,'profile','editProfile'),(33,'profile','editSpec'),(33,'profile','eidtRate'),(33,'profile','upPhoto'),(34,'profile','changeAcc'),(36,'system','cpanel'),(37,'campaigns','new'),(38,'campaigns','edit'),(39,'campaigns','manage'),(40,'campaigns','trash'),(41,'campaigns','delete'),(42,'artworks','new'),(43,'artworks','edit'),(44,'artworks','trash'),(45,'tasks','new'),(46,'tasks','edit'),(47,'tasks','manage'),(48,'tasks','delete'),(55,'artworks','viewtasks'),(56,'taskworkflow','tasklog'),(57,'taskworkflow','newcomments'),(58,'taskworkflow','editcomments'),(59,'taskworkflow','deletecomments'),(60,'system','superadmin'),(61,'system','admin'),(143,'system','dashboard'),(144,'system','dashboard'),(145,'system','campaigns'),(177,'artworks','new'),(178,'artworks','edit'),(179,'artworks','trash'),(180,'artworks','viewtasks'),(181,'campaigns','new'),(182,'campaigns','edit'),(183,'campaigns','manage'),(184,'campaigns','trash'),(185,'campaigns','delete'),(186,'profile','editProfile'),(187,'profile','upPhoto'),(188,'profile','editLang'),(189,'profile','editSpec'),(190,'profile','eidtRate'),(191,'profile','changePass'),(192,'profile','changeAcc'),(194,'system','login'),(195,'system','dashboard'),(196,'system','campaigns'),(197,'system','cpanel'),(198,'system','admin'),(199,'system','superadmin'),(200,'tasks','new'),(201,'tasks','edit'),(202,'tasks','manage'),(203,'tasks','delete'),(204,'taskworkflow','tasklog'),(205,'taskworkflow','newcomments'),(206,'taskworkflow','editcomments'),(207,'taskworkflow','deletecomments'),(208,'artworks','new'),(209,'artworks','edit'),(210,'artworks','trash'),(211,'artworks','viewtasks'),(212,'campaigns','new'),(213,'campaigns','edit'),(214,'campaigns','manage'),(215,'campaigns','trash'),(216,'campaigns','delete'),(217,'profile','editProfile'),(218,'profile','upPhoto'),(219,'profile','editLang'),(220,'profile','editSpec'),(221,'profile','eidtRate'),(222,'profile','changePass'),(223,'profile','changeAcc'),(225,'system','login'),(226,'system','dashboard'),(227,'system','campaigns'),(228,'system','cpanel'),(229,'system','admin'),(230,'system','superadmin'),(231,'tasks','new'),(232,'tasks','edit'),(233,'tasks','manage'),(234,'tasks','delete'),(235,'taskworkflow','tasklog'),(236,'taskworkflow','newcomments'),(237,'taskworkflow','editcomments'),(238,'taskworkflow','deletecomments'),(239,'artworks','new'),(240,'artworks','edit'),(241,'artworks','trash'),(242,'artworks','viewtasks'),(243,'campaigns','new'),(244,'campaigns','edit'),(245,'campaigns','manage'),(246,'campaigns','trash'),(247,'campaigns','delete'),(248,'profile','editProfile'),(249,'profile','upPhoto'),(250,'profile','editLang'),(251,'profile','editSpec'),(252,'profile','eidtRate'),(253,'profile','changePass'),(254,'profile','changeAcc'),(256,'system','login'),(257,'system','dashboard'),(258,'system','campaigns'),(259,'system','cpanel'),(260,'system','admin'),(261,'system','superadmin'),(262,'tasks','new'),(263,'tasks','edit'),(264,'tasks','manage'),(265,'tasks','delete'),(266,'taskworkflow','tasklog'),(267,'taskworkflow','newcomments'),(268,'taskworkflow','editcomments'),(269,'taskworkflow','deletecomments'),(270,'artworks','new'),(271,'artworks','edit'),(272,'artworks','trash'),(273,'artworks','viewtasks'),(274,'campaigns','new'),(275,'campaigns','edit'),(276,'campaigns','manage'),(277,'campaigns','trash'),(278,'campaigns','delete'),(279,'profile','editProfile'),(280,'profile','upPhoto'),(281,'profile','editLang'),(282,'profile','editSpec'),(283,'profile','eidtRate'),(284,'profile','changePass'),(285,'profile','changeAcc'),(287,'system','login'),(288,'system','dashboard'),(289,'system','campaigns'),(290,'system','cpanel'),(291,'system','admin'),(292,'system','superadmin'),(293,'tasks','new'),(294,'tasks','edit'),(295,'tasks','manage'),(296,'tasks','delete'),(297,'taskworkflow','tasklog'),(298,'taskworkflow','newcomments'),(299,'taskworkflow','editcomments'),(300,'taskworkflow','deletecomments'),(301,'artworks','new'),(302,'artworks','edit'),(303,'artworks','trash'),(304,'artworks','viewtasks'),(305,'campaigns','new'),(306,'campaigns','edit'),(307,'campaigns','manage'),(308,'campaigns','trash'),(309,'campaigns','delete'),(310,'profile','editProfile'),(311,'profile','upPhoto'),(312,'profile','editLang'),(313,'profile','editSpec'),(314,'profile','eidtRate'),(315,'profile','changePass'),(316,'profile','changeAcc'),(318,'system','login'),(319,'system','dashboard'),(320,'system','campaigns'),(321,'system','cpanel'),(322,'system','admin'),(323,'system','superadmin'),(324,'tasks','new'),(325,'tasks','edit'),(326,'tasks','manage'),(327,'tasks','delete'),(328,'taskworkflow','tasklog'),(329,'taskworkflow','newcomments'),(330,'taskworkflow','editcomments'),(331,'taskworkflow','deletecomments'),(332,'system','cost'),(333,'taskworkflow','submit'),(334,'taskworkflow','approve'),(335,'taskworkflow','signoff'),(336,'artworks','new'),(337,'artworks','edit'),(338,'artworks','trash'),(339,'artworks','viewtasks'),(340,'campaigns','new'),(341,'campaigns','edit'),(342,'campaigns','manage'),(343,'campaigns','trash'),(344,'campaigns','delete'),(345,'profile','editProfile'),(346,'profile','upPhoto'),(347,'profile','editLang'),(348,'profile','editSpec'),(349,'profile','eidtRate'),(350,'profile','changePass'),(351,'profile','changeAcc'),(353,'system','login'),(354,'system','dashboard'),(355,'system','cost'),(356,'system','campaigns'),(357,'system','cpanel'),(358,'system','admin'),(359,'system','superadmin'),(360,'tasks','new'),(361,'tasks','edit'),(362,'tasks','manage'),(363,'tasks','delete'),(364,'taskworkflow','tasklog'),(365,'taskworkflow','newcomments'),(366,'taskworkflow','editcomments'),(367,'taskworkflow','deletecomments'),(368,'taskworkflow','submit'),(369,'taskworkflow','approve'),(370,'taskworkflow','signoff'),(371,'artworks','new'),(372,'artworks','edit'),(373,'artworks','trash'),(374,'artworks','viewtasks'),(375,'campaigns','new'),(376,'campaigns','edit'),(377,'campaigns','manage'),(378,'campaigns','trash'),(379,'campaigns','delete'),(380,'profile','editProfile'),(381,'profile','upPhoto'),(382,'profile','editLang'),(383,'profile','editSpec'),(384,'profile','eidtRate'),(385,'profile','changePass'),(386,'profile','changeAcc'),(388,'system','login'),(389,'system','dashboard'),(390,'system','cost'),(391,'system','campaigns'),(392,'system','cpanel'),(393,'system','admin'),(394,'system','superadmin'),(395,'tasks','new'),(396,'tasks','edit'),(397,'tasks','manage'),(398,'tasks','delete'),(399,'taskworkflow','tasklog'),(400,'taskworkflow','newcomments'),(401,'taskworkflow','editcomments'),(402,'taskworkflow','deletecomments'),(403,'taskworkflow','submit'),(404,'taskworkflow','approve'),(405,'taskworkflow','signoff'),(406,'artworks','new'),(407,'artworks','edit'),(408,'artworks','trash'),(409,'artworks','viewtasks'),(410,'campaigns','new'),(411,'campaigns','edit'),(412,'campaigns','manage'),(413,'campaigns','trash'),(414,'campaigns','delete'),(415,'profile','editProfile'),(416,'profile','upPhoto'),(417,'profile','editLang'),(418,'profile','editSpec'),(419,'profile','eidtRate'),(420,'profile','changePass'),(421,'profile','changeAcc'),(423,'system','login'),(424,'system','dashboard'),(425,'system','cost'),(426,'system','campaigns'),(427,'system','cpanel'),(428,'system','admin'),(429,'system','superadmin'),(430,'tasks','new'),(431,'tasks','edit'),(432,'tasks','manage'),(433,'tasks','delete'),(434,'taskworkflow','tasklog'),(435,'taskworkflow','newcomments'),(436,'taskworkflow','editcomments'),(437,'taskworkflow','deletecomments'),(438,'taskworkflow','submit'),(439,'taskworkflow','approve'),(440,'taskworkflow','signoff'),(441,'taskworkflow','search'),(442,'taskworkflow','search'),(443,'taskworkflow','addguests'),(444,'taskworkflow','export'),(445,'taskworkflow','import'),(446,'taskworkflow','download'),(447,'artworks','new'),(448,'artworks','edit'),(449,'artworks','trash'),(450,'artworks','viewtasks'),(451,'campaigns','new'),(452,'campaigns','edit'),(453,'campaigns','manage'),(454,'campaigns','trash'),(455,'campaigns','delete'),(456,'profile','editProfile'),(457,'profile','upPhoto'),(458,'profile','editLang'),(459,'profile','editSpec'),(460,'profile','eidtRate'),(461,'profile','changePass'),(462,'profile','changeAcc'),(463,'system','login'),(464,'system','dashboard'),(465,'system','cost'),(466,'system','campaigns'),(467,'system','cpanel'),(468,'system','admin'),(469,'system','superadmin'),(470,'tasks','new'),(471,'tasks','edit'),(472,'tasks','manage'),(473,'tasks','delete'),(474,'taskworkflow','addguests'),(475,'taskworkflow','search'),(476,'taskworkflow','export'),(477,'taskworkflow','import'),(478,'taskworkflow','tasklog'),(479,'taskworkflow','newcomments'),(480,'taskworkflow','editcomments'),(481,'taskworkflow','deletecomments'),(482,'taskworkflow','submit'),(483,'taskworkflow','approve'),(484,'taskworkflow','signoff'),(485,'taskworkflow','download'),(525,'taskworkflow','customise'),(527,'artworks','new'),(528,'artworks','edit'),(529,'artworks','trash'),(530,'artworks','viewtasks'),(531,'campaigns','new'),(532,'campaigns','edit'),(533,'campaigns','manage'),(534,'campaigns','trash'),(535,'campaigns','delete'),(536,'profile','editProfile'),(537,'profile','upPhoto'),(538,'profile','editLang'),(539,'profile','editSpec'),(540,'profile','eidtRate'),(541,'profile','changePass'),(542,'profile','changeAcc'),(543,'system','login'),(544,'system','dashboard'),(545,'system','cost'),(546,'system','campaigns'),(547,'system','cpanel'),(548,'system','admin'),(549,'system','superadmin'),(550,'tasks','new'),(551,'tasks','edit'),(552,'tasks','manage'),(553,'tasks','delete'),(554,'taskworkflow','addguests'),(555,'taskworkflow','search'),(556,'taskworkflow','export'),(557,'taskworkflow','import'),(558,'taskworkflow','customise'),(559,'taskworkflow','tasklog'),(560,'taskworkflow','newcomments'),(561,'taskworkflow','editcomments'),(562,'taskworkflow','deletecomments'),(563,'taskworkflow','submit'),(564,'taskworkflow','approve'),(565,'taskworkflow','signoff'),(566,'taskworkflow','download'),(567,'artworks','new'),(568,'artworks','edit'),(569,'artworks','trash'),(570,'artworks','viewtasks'),(571,'campaigns','new'),(572,'campaigns','edit'),(573,'campaigns','manage'),(574,'campaigns','trash'),(575,'campaigns','delete'),(576,'profile','editProfile'),(577,'profile','upPhoto'),(578,'profile','editLang'),(579,'profile','editSpec'),(580,'profile','eidtRate'),(581,'profile','changePass'),(582,'profile','changeAcc'),(583,'system','login'),(584,'system','dashboard'),(585,'system','cost'),(586,'system','campaigns'),(587,'system','cpanel'),(588,'system','admin'),(589,'system','superadmin'),(590,'tasks','new'),(591,'tasks','edit'),(592,'tasks','manage'),(593,'tasks','delete'),(594,'taskworkflow','addguests'),(595,'taskworkflow','search'),(596,'taskworkflow','export'),(597,'taskworkflow','import'),(598,'taskworkflow','customise'),(599,'taskworkflow','tasklog'),(600,'taskworkflow','newcomments'),(601,'taskworkflow','editcomments'),(602,'taskworkflow','deletecomments'),(603,'taskworkflow','submit'),(604,'taskworkflow','approve'),(605,'taskworkflow','signoff'),(606,'taskworkflow','download'),(607,'taskworkflow','customise'),(608,'artworks','new'),(609,'artworks','edit'),(610,'artworks','trash'),(611,'artworks','viewtasks'),(612,'campaigns','new'),(613,'campaigns','edit'),(614,'campaigns','manage'),(615,'campaigns','trash'),(616,'campaigns','delete'),(617,'profile','editProfile'),(618,'profile','upPhoto'),(619,'profile','editLang'),(620,'profile','editSpec'),(621,'profile','eidtRate'),(622,'profile','changePass'),(623,'profile','changeAcc'),(624,'system','login'),(625,'system','dashboard'),(626,'system','cost'),(627,'system','campaigns'),(628,'system','cpanel'),(629,'system','admin'),(630,'system','superadmin'),(631,'tasks','new'),(632,'tasks','edit'),(633,'tasks','manage'),(634,'tasks','delete'),(635,'taskworkflow','addguests'),(636,'taskworkflow','search'),(637,'taskworkflow','export'),(638,'taskworkflow','import'),(639,'taskworkflow','customise'),(640,'taskworkflow','tasklog'),(641,'taskworkflow','newcomments'),(642,'taskworkflow','editcomments'),(643,'taskworkflow','deletecomments'),(644,'taskworkflow','submit'),(645,'taskworkflow','approve'),(646,'taskworkflow','signoff'),(647,'taskworkflow','download'),(648,'artworks','new'),(649,'artworks','edit'),(650,'artworks','trash'),(651,'artworks','viewtasks'),(652,'campaigns','new'),(653,'campaigns','edit'),(654,'campaigns','manage'),(655,'campaigns','trash'),(656,'campaigns','delete'),(657,'profile','editProfile'),(658,'profile','upPhoto'),(659,'profile','editLang'),(660,'profile','editSpec'),(661,'profile','eidtRate'),(662,'profile','changePass'),(663,'profile','changeAcc'),(664,'system','login'),(665,'system','dashboard'),(666,'system','cost'),(667,'system','campaigns'),(668,'system','cpanel'),(669,'system','admin'),(670,'system','superadmin'),(671,'tasks','new'),(672,'tasks','edit'),(673,'tasks','manage'),(674,'tasks','delete'),(675,'taskworkflow','addguests'),(676,'taskworkflow','search'),(677,'taskworkflow','export'),(678,'taskworkflow','import'),(679,'taskworkflow','customise'),(680,'taskworkflow','tasklog'),(681,'taskworkflow','newcomments'),(682,'taskworkflow','editcomments'),(683,'taskworkflow','deletecomments'),(684,'taskworkflow','submit'),(685,'taskworkflow','approve'),(686,'taskworkflow','signoff'),(687,'taskworkflow','download'),(688,'artworks','new'),(689,'artworks','edit'),(690,'artworks','trash'),(691,'artworks','viewtasks'),(692,'campaigns','new'),(693,'campaigns','edit'),(694,'campaigns','manage'),(695,'campaigns','trash'),(696,'campaigns','delete'),(697,'profile','editProfile'),(698,'profile','upPhoto'),(699,'profile','editLang'),(700,'profile','editSpec'),(701,'profile','eidtRate'),(702,'profile','changePass'),(703,'profile','changeAcc'),(704,'system','login'),(705,'system','dashboard'),(706,'system','cost'),(707,'system','campaigns'),(708,'system','cpanel'),(709,'system','admin'),(710,'system','superadmin'),(711,'tasks','new'),(712,'tasks','edit'),(713,'tasks','manage'),(714,'tasks','delete'),(715,'taskworkflow','addguests'),(716,'taskworkflow','search'),(717,'taskworkflow','export'),(718,'taskworkflow','import'),(719,'taskworkflow','customise'),(720,'taskworkflow','tasklog'),(721,'taskworkflow','newcomments'),(722,'taskworkflow','editcomments'),(723,'taskworkflow','deletecomments'),(724,'taskworkflow','submit'),(725,'taskworkflow','approve'),(726,'taskworkflow','signoff'),(727,'taskworkflow','download'),(728,'artworks','new'),(729,'artworks','edit'),(730,'artworks','trash'),(731,'artworks','viewtasks'),(732,'campaigns','new'),(733,'campaigns','edit'),(734,'campaigns','manage'),(735,'campaigns','trash'),(736,'campaigns','delete'),(737,'profile','editProfile'),(738,'profile','upPhoto'),(739,'profile','editLang'),(740,'profile','editSpec'),(741,'profile','eidtRate'),(742,'profile','changePass'),(743,'profile','changeAcc'),(744,'system','login'),(745,'system','dashboard'),(746,'system','cost'),(747,'system','campaigns'),(748,'system','cpanel'),(749,'system','admin'),(750,'system','superadmin'),(751,'tasks','new'),(752,'tasks','edit'),(753,'tasks','manage'),(754,'tasks','delete'),(755,'taskworkflow','addguests'),(756,'taskworkflow','search'),(757,'taskworkflow','export'),(758,'taskworkflow','import'),(759,'taskworkflow','customise'),(760,'taskworkflow','tasklog'),(761,'taskworkflow','newcomments'),(762,'taskworkflow','editcomments'),(763,'taskworkflow','deletecomments'),(764,'taskworkflow','submit'),(765,'taskworkflow','approve'),(766,'taskworkflow','signoff'),(767,'taskworkflow','download'),(768,'artworks','new'),(769,'artworks','edit'),(770,'artworks','trash'),(771,'artworks','viewtasks'),(772,'campaigns','new'),(773,'campaigns','edit'),(774,'campaigns','manage'),(775,'campaigns','trash'),(776,'campaigns','delete'),(777,'profile','editProfile'),(778,'profile','upPhoto'),(779,'profile','editLang'),(780,'profile','editSpec'),(781,'profile','eidtRate'),(782,'profile','changePass'),(783,'profile','changeAcc'),(784,'system','login'),(785,'system','dashboard'),(786,'system','cost'),(787,'system','campaigns'),(788,'system','cpanel'),(789,'system','admin'),(790,'system','superadmin'),(791,'tasks','new'),(792,'tasks','edit'),(793,'tasks','manage'),(794,'tasks','delete'),(795,'taskworkflow','addguests'),(796,'taskworkflow','search'),(797,'taskworkflow','export'),(798,'taskworkflow','import'),(799,'taskworkflow','customise'),(800,'taskworkflow','tasklog'),(801,'taskworkflow','newcomments'),(802,'taskworkflow','editcomments'),(803,'taskworkflow','deletecomments'),(804,'taskworkflow','submit'),(805,'taskworkflow','approve'),(806,'taskworkflow','signoff'),(807,'taskworkflow','download'),(808,'artworks','delete'),(808,'artworks','restore'),(809,'artworks','new'),(810,'artworks','edit'),(811,'artworks','trash'),(812,'artworks','restore'),(813,'artworks','delete'),(814,'artworks','viewtasks'),(815,'campaigns','new'),(816,'campaigns','edit'),(817,'campaigns','manage'),(818,'campaigns','trash'),(819,'campaigns','delete'),(820,'profile','editProfile'),(821,'profile','upPhoto'),(822,'profile','editLang'),(823,'profile','editSpec'),(824,'profile','eidtRate'),(825,'profile','changePass'),(826,'profile','changeAcc'),(827,'system','login'),(828,'system','dashboard'),(829,'system','cost'),(830,'system','campaigns'),(831,'system','cpanel'),(832,'system','admin'),(833,'system','superadmin'),(834,'tasks','new'),(835,'tasks','edit'),(836,'tasks','manage'),(837,'tasks','delete'),(838,'taskworkflow','addguests'),(839,'taskworkflow','search'),(840,'taskworkflow','export'),(841,'taskworkflow','import'),(842,'taskworkflow','customise'),(843,'taskworkflow','tasklog'),(844,'taskworkflow','newcomments'),(845,'taskworkflow','editcomments'),(846,'taskworkflow','deletecomments'),(847,'taskworkflow','submit'),(848,'taskworkflow','approve'),(849,'taskworkflow','signoff'),(850,'taskworkflow','download'),(935,'artworks','restore'),(936,'artworks','delete'),(979,'artworks','new'),(980,'artworks','edit'),(981,'artworks','trash'),(982,'artworks','restore'),(983,'artworks','delete'),(984,'artworks','viewtasks'),(985,'campaigns','new'),(986,'campaigns','edit'),(987,'campaigns','manage'),(988,'campaigns','trash'),(989,'campaigns','delete'),(990,'profile','editProfile'),(991,'profile','upPhoto'),(992,'profile','editLang'),(993,'profile','editSpec'),(994,'profile','eidtRate'),(995,'profile','changePass'),(996,'profile','changeAcc'),(997,'system','login'),(998,'system','dashboard'),(999,'system','cost'),(1000,'system','campaigns'),(1001,'system','cpanel'),(1002,'system','admin'),(1003,'system','superadmin'),(1004,'tasks','new'),(1005,'tasks','edit'),(1006,'tasks','manage'),(1007,'tasks','delete'),(1008,'taskworkflow','addguests'),(1009,'taskworkflow','search'),(1010,'taskworkflow','export'),(1011,'taskworkflow','import'),(1012,'taskworkflow','customise'),(1013,'taskworkflow','tasklog'),(1014,'taskworkflow','newcomments'),(1015,'taskworkflow','editcomments'),(1016,'taskworkflow','deletecomments'),(1017,'taskworkflow','submit'),(1018,'taskworkflow','approve'),(1019,'taskworkflow','signoff'),(1020,'taskworkflow','download'),(1021,'artworks','new'),(1022,'artworks','edit'),(1023,'artworks','trash'),(1024,'artworks','restore'),(1025,'artworks','delete'),(1026,'artworks','viewtasks'),(1027,'campaigns','new'),(1028,'campaigns','edit'),(1029,'campaigns','manage'),(1030,'campaigns','trash'),(1031,'campaigns','delete'),(1032,'profile','editProfile'),(1033,'profile','upPhoto'),(1034,'profile','editLang'),(1035,'profile','editSpec'),(1036,'profile','eidtRate'),(1037,'profile','changePass'),(1038,'profile','changeAcc'),(1039,'system','login'),(1040,'system','dashboard'),(1041,'system','cost'),(1042,'system','campaigns'),(1043,'system','cpanel'),(1044,'system','admin'),(1045,'system','superadmin'),(1046,'tasks','new'),(1047,'tasks','edit'),(1048,'tasks','manage'),(1049,'tasks','delete'),(1050,'taskworkflow','addguests'),(1051,'taskworkflow','search'),(1052,'taskworkflow','export'),(1053,'taskworkflow','import'),(1054,'taskworkflow','customise'),(1055,'taskworkflow','tasklog'),(1056,'taskworkflow','newcomments'),(1057,'taskworkflow','editcomments'),(1058,'taskworkflow','deletecomments'),(1059,'taskworkflow','submit'),(1060,'taskworkflow','approve'),(1061,'taskworkflow','signoff'),(1062,'taskworkflow','download'),(1063,'artworks','new'),(1064,'artworks','edit'),(1065,'artworks','trash'),(1066,'artworks','restore'),(1067,'artworks','delete'),(1068,'artworks','viewtasks'),(1069,'campaigns','new'),(1070,'campaigns','edit'),(1071,'campaigns','manage'),(1072,'campaigns','trash'),(1073,'campaigns','delete'),(1074,'profile','editProfile'),(1075,'profile','upPhoto'),(1076,'profile','editLang'),(1077,'profile','editSpec'),(1078,'profile','eidtRate'),(1079,'profile','changePass'),(1080,'profile','changeAcc'),(1081,'system','login'),(1082,'system','dashboard'),(1083,'system','cost'),(1084,'system','campaigns'),(1085,'system','cpanel'),(1086,'system','admin'),(1087,'system','superadmin'),(1088,'tasks','new'),(1089,'tasks','edit'),(1090,'tasks','manage'),(1091,'tasks','delete'),(1092,'taskworkflow','addguests'),(1093,'taskworkflow','search'),(1094,'taskworkflow','export'),(1095,'taskworkflow','import'),(1096,'taskworkflow','customise'),(1097,'taskworkflow','tasklog'),(1098,'taskworkflow','newcomments'),(1099,'taskworkflow','editcomments'),(1100,'taskworkflow','deletecomments'),(1101,'taskworkflow','submit'),(1102,'taskworkflow','approve'),(1103,'taskworkflow','signoff'),(1104,'taskworkflow','download'),(1105,'artworks','new'),(1106,'artworks','edit'),(1107,'artworks','trash'),(1108,'artworks','restore'),(1109,'artworks','delete'),(1110,'artworks','viewtasks'),(1111,'campaigns','new'),(1112,'campaigns','edit'),(1113,'campaigns','manage'),(1114,'campaigns','trash'),(1115,'campaigns','delete'),(1116,'profile','editProfile'),(1117,'profile','upPhoto'),(1118,'profile','editLang'),(1119,'profile','editSpec'),(1120,'profile','eidtRate'),(1121,'profile','changePass'),(1122,'profile','changeAcc'),(1123,'system','login'),(1124,'system','dashboard'),(1125,'system','cost'),(1126,'system','campaigns'),(1127,'system','cpanel'),(1128,'system','admin'),(1129,'system','superadmin'),(1130,'tasks','new'),(1131,'tasks','edit'),(1132,'tasks','manage'),(1133,'tasks','delete'),(1134,'taskworkflow','addguests'),(1135,'taskworkflow','search'),(1136,'taskworkflow','export'),(1137,'taskworkflow','import'),(1138,'taskworkflow','customise'),(1139,'taskworkflow','tasklog'),(1140,'taskworkflow','newcomments'),(1141,'taskworkflow','editcomments'),(1142,'taskworkflow','deletecomments'),(1143,'taskworkflow','submit'),(1144,'taskworkflow','approve'),(1145,'taskworkflow','signoff'),(1146,'taskworkflow','download'),(1147,'artworks','new'),(1148,'artworks','edit'),(1149,'artworks','trash'),(1150,'artworks','restore'),(1151,'artworks','delete'),(1152,'artworks','viewtasks'),(1153,'campaigns','new'),(1154,'campaigns','edit'),(1155,'campaigns','manage'),(1156,'campaigns','trash'),(1157,'campaigns','delete'),(1158,'profile','editProfile'),(1159,'profile','upPhoto'),(1160,'profile','editLang'),(1161,'profile','editSpec'),(1162,'profile','eidtRate'),(1163,'profile','changePass'),(1164,'profile','changeAcc'),(1165,'system','login'),(1166,'system','dashboard'),(1167,'system','cost'),(1168,'system','campaigns'),(1169,'system','cpanel'),(1170,'system','admin'),(1171,'system','superadmin'),(1172,'tasks','new'),(1173,'tasks','edit'),(1174,'tasks','manage'),(1175,'tasks','delete'),(1176,'taskworkflow','addguests'),(1177,'taskworkflow','search'),(1178,'taskworkflow','export'),(1179,'taskworkflow','import'),(1180,'taskworkflow','customise'),(1181,'taskworkflow','tasklog'),(1182,'taskworkflow','newcomments'),(1183,'taskworkflow','editcomments'),(1184,'taskworkflow','deletecomments'),(1185,'taskworkflow','submit'),(1186,'taskworkflow','approve'),(1187,'taskworkflow','signoff'),(1188,'taskworkflow','download'),(1189,'artworks','new'),(1190,'artworks','edit'),(1191,'artworks','trash'),(1192,'artworks','restore'),(1193,'artworks','delete'),(1194,'artworks','viewtasks'),(1195,'campaigns','new'),(1196,'campaigns','edit'),(1197,'campaigns','manage'),(1198,'campaigns','trash'),(1199,'campaigns','delete'),(1200,'profile','editProfile'),(1201,'profile','upPhoto'),(1202,'profile','editLang'),(1203,'profile','editSpec'),(1204,'profile','eidtRate'),(1205,'profile','changePass'),(1206,'profile','changeAcc'),(1207,'system','login'),(1208,'system','dashboard'),(1209,'system','cost'),(1210,'system','campaigns'),(1211,'system','cpanel'),(1212,'system','admin'),(1213,'system','superadmin'),(1214,'tasks','new'),(1215,'tasks','edit'),(1216,'tasks','manage'),(1217,'tasks','delete'),(1218,'taskworkflow','addguests'),(1219,'taskworkflow','search'),(1220,'taskworkflow','export'),(1221,'taskworkflow','import'),(1222,'taskworkflow','customise'),(1223,'taskworkflow','tasklog'),(1224,'taskworkflow','newcomments'),(1225,'taskworkflow','editcomments'),(1226,'taskworkflow','deletecomments'),(1227,'taskworkflow','submit'),(1228,'taskworkflow','approve'),(1229,'taskworkflow','signoff'),(1230,'taskworkflow','download'),(1231,'artworks','new'),(1232,'artworks','edit'),(1233,'artworks','trash'),(1234,'artworks','restore'),(1235,'artworks','delete'),(1236,'artworks','viewtasks'),(1237,'campaigns','new'),(1238,'campaigns','edit'),(1239,'campaigns','manage'),(1240,'campaigns','trash'),(1241,'campaigns','delete'),(1242,'profile','editProfile'),(1243,'profile','upPhoto'),(1244,'profile','editLang'),(1245,'profile','editSpec'),(1246,'profile','eidtRate'),(1247,'profile','changePass'),(1248,'profile','changeAcc'),(1249,'system','login'),(1250,'system','dashboard'),(1251,'system','cost'),(1252,'system','campaigns'),(1253,'system','cpanel'),(1254,'system','admin'),(1255,'system','superadmin'),(1256,'tasks','new'),(1257,'tasks','edit'),(1258,'tasks','manage'),(1259,'tasks','delete'),(1260,'taskworkflow','addguests'),(1261,'taskworkflow','search'),(1262,'taskworkflow','export'),(1263,'taskworkflow','import'),(1264,'taskworkflow','customise'),(1265,'taskworkflow','tasklog'),(1266,'taskworkflow','newcomments'),(1267,'taskworkflow','editcomments'),(1268,'taskworkflow','deletecomments'),(1269,'taskworkflow','submit'),(1270,'taskworkflow','approve'),(1271,'taskworkflow','signoff'),(1272,'taskworkflow','download'),(1273,'artworks','new'),(1274,'artworks','edit'),(1275,'artworks','trash'),(1276,'artworks','restore'),(1277,'artworks','delete'),(1278,'artworks','viewtasks'),(1279,'campaigns','new'),(1280,'campaigns','edit'),(1281,'campaigns','manage'),(1282,'campaigns','trash'),(1283,'campaigns','delete'),(1284,'profile','editProfile'),(1285,'profile','upPhoto'),(1286,'profile','editLang'),(1287,'profile','editSpec'),(1288,'profile','eidtRate'),(1289,'profile','changePass'),(1290,'profile','changeAcc'),(1291,'system','login'),(1292,'system','dashboard'),(1293,'system','cost'),(1294,'system','campaigns'),(1295,'system','cpanel'),(1296,'system','admin'),(1297,'system','superadmin'),(1298,'tasks','new'),(1299,'tasks','edit'),(1300,'tasks','manage'),(1301,'tasks','delete'),(1302,'taskworkflow','addguests'),(1303,'taskworkflow','search'),(1304,'taskworkflow','export'),(1305,'taskworkflow','import'),(1306,'taskworkflow','customise'),(1307,'taskworkflow','tasklog'),(1308,'taskworkflow','newcomments'),(1309,'taskworkflow','editcomments'),(1310,'taskworkflow','deletecomments'),(1311,'taskworkflow','submit'),(1312,'taskworkflow','approve'),(1313,'taskworkflow','signoff'),(1314,'taskworkflow','download'),(1315,'artworks','new'),(1316,'artworks','edit'),(1317,'artworks','trash'),(1318,'artworks','restore'),(1319,'artworks','delete'),(1320,'artworks','viewtasks'),(1321,'campaigns','new'),(1322,'campaigns','edit'),(1323,'campaigns','manage'),(1324,'campaigns','trash'),(1325,'campaigns','delete'),(1326,'profile','editProfile'),(1327,'profile','upPhoto'),(1328,'profile','editLang'),(1329,'profile','editSpec'),(1330,'profile','eidtRate'),(1331,'profile','changePass'),(1332,'profile','changeAcc'),(1333,'system','login'),(1334,'system','dashboard'),(1335,'system','cost'),(1336,'system','campaigns'),(1337,'system','cpanel'),(1338,'system','admin'),(1339,'system','superadmin'),(1340,'tasks','new'),(1341,'tasks','edit'),(1342,'tasks','manage'),(1343,'tasks','delete'),(1344,'taskworkflow','addguests'),(1345,'taskworkflow','search'),(1346,'taskworkflow','export'),(1347,'taskworkflow','import'),(1348,'taskworkflow','customise'),(1349,'taskworkflow','tasklog'),(1350,'taskworkflow','newcomments'),(1351,'taskworkflow','editcomments'),(1352,'taskworkflow','deletecomments'),(1353,'taskworkflow','submit'),(1354,'taskworkflow','approve'),(1355,'taskworkflow','signoff'),(1356,'taskworkflow','download'),(1357,'artworks','new'),(1358,'artworks','edit'),(1359,'artworks','trash'),(1360,'artworks','restore'),(1361,'artworks','delete'),(1362,'artworks','viewtasks'),(1363,'campaigns','new'),(1364,'campaigns','edit'),(1365,'campaigns','manage'),(1366,'campaigns','trash'),(1367,'campaigns','delete'),(1368,'profile','editProfile'),(1369,'profile','upPhoto'),(1370,'profile','editLang'),(1371,'profile','editSpec'),(1372,'profile','eidtRate'),(1373,'profile','changePass'),(1374,'profile','changeAcc'),(1375,'system','login'),(1376,'system','dashboard'),(1377,'system','cost'),(1378,'system','campaigns'),(1379,'system','cpanel'),(1380,'system','admin'),(1381,'system','superadmin'),(1382,'tasks','new'),(1383,'tasks','edit'),(1384,'tasks','manage'),(1385,'tasks','delete'),(1386,'taskworkflow','addguests'),(1387,'taskworkflow','search'),(1388,'taskworkflow','export'),(1389,'taskworkflow','import'),(1390,'taskworkflow','customise'),(1391,'taskworkflow','tasklog'),(1392,'taskworkflow','newcomments'),(1393,'taskworkflow','editcomments'),(1394,'taskworkflow','deletecomments'),(1395,'taskworkflow','submit'),(1396,'taskworkflow','approve'),(1397,'taskworkflow','signoff'),(1398,'taskworkflow','download');
/*!40000 ALTER TABLE `aco_map` ENABLE KEYS */;
UNLOCK TABLES;

--
-- Table structure for table `aco_sections`
--

DROP TABLE IF EXISTS `aco_sections`;
/*!40101 SET @saved_cs_client     = @@character_set_client */;
/*!40101 SET character_set_client = utf8 */;
CREATE TABLE `aco_sections` (
  `id` int(11) NOT NULL DEFAULT '0',
  `value` varchar(230) NOT NULL DEFAULT '''''',
  `order_value` int(11) NOT NULL DEFAULT '0',
  `name` varchar(230) NOT NULL DEFAULT '''''',
  `hidden` int(11) NOT NULL DEFAULT '0',
  PRIMARY KEY (`id`),
  UNIQUE KEY `value_aco_sections` (`value`),
  KEY `hidden_aco_sections` (`hidden`)
) ENGINE=InnoDB DEFAULT CHARSET=utf8 PACK_KEYS=0 ROW_FORMAT=COMPACT COMMENT='InnoDB free: 6144 kB; InnoDB free: 13312 kB; InnoDB free: 13';
/*!40101 SET character_set_client = @saved_cs_client */;

--
-- Dumping data for table `aco_sections`
--

LOCK TABLES `aco_sections` WRITE;
/*!40000 ALTER TABLE `aco_sections` DISABLE KEYS */;
INSERT INTO `aco_sections` VALUES (45,'profile',2,'User Profile',0),(46,'system',1,'System',0),(47,'campaigns',3,'Campaigns',0),(48,'artworks',4,'Artworks',0),(49,'tasks',5,'Tasks',0),(50,'taskworkflow',6,'Task Workflow',0);
/*!40000 ALTER TABLE `aco_sections` ENABLE KEYS */;
UNLOCK TABLES;

--
-- Table structure for table `aco_sections_seq`
--

DROP TABLE IF EXISTS `aco_sections_seq`;
/*!40101 SET @saved_cs_client     = @@character_set_client */;
/*!40101 SET character_set_client = utf8 */;
CREATE TABLE `aco_sections_seq` (
  `id` int(11) NOT NULL
) ENGINE=InnoDB DEFAULT CHARSET=utf8 PACK_KEYS=0 ROW_FORMAT=COMPACT COMMENT='InnoDB free: 6144 kB; InnoDB free: 13312 kB; InnoDB free: 13';
/*!40101 SET character_set_client = @saved_cs_client */;

--
-- Dumping data for table `aco_sections_seq`
--

LOCK TABLES `aco_sections_seq` WRITE;
/*!40000 ALTER TABLE `aco_sections_seq` DISABLE KEYS */;
INSERT INTO `aco_sections_seq` VALUES (51);
/*!40000 ALTER TABLE `aco_sections_seq` ENABLE KEYS */;
UNLOCK TABLES;

--
-- Table structure for table `aco_seq`
--

DROP TABLE IF EXISTS `aco_seq`;
/*!40101 SET @saved_cs_client     = @@character_set_client */;
/*!40101 SET character_set_client = utf8 */;
CREATE TABLE `aco_seq` (
  `id` int(11) NOT NULL
) ENGINE=InnoDB DEFAULT CHARSET=utf8 PACK_KEYS=0 ROW_FORMAT=COMPACT COMMENT='InnoDB free: 6144 kB; InnoDB free: 13312 kB; InnoDB free: 13';
/*!40101 SET character_set_client = @saved_cs_client */;

--
-- Dumping data for table `aco_seq`
--

LOCK TABLES `aco_seq` WRITE;
/*!40000 ALTER TABLE `aco_seq` DISABLE KEYS */;
INSERT INTO `aco_seq` VALUES (68);
/*!40000 ALTER TABLE `aco_seq` ENABLE KEYS */;
UNLOCK TABLES;

--
-- Table structure for table `aro`
--

DROP TABLE IF EXISTS `aro`;
/*!40101 SET @saved_cs_client     = @@character_set_client */;
/*!40101 SET character_set_client = utf8 */;
CREATE TABLE `aro` (
  `id` int(11) NOT NULL DEFAULT '0',
  `section_value` varchar(240) NOT NULL DEFAULT '0',
  `value` varchar(240) NOT NULL DEFAULT '''''',
  `order_value` int(11) NOT NULL DEFAULT '0',
  `name` varchar(255) NOT NULL DEFAULT '''''',
  `hidden` int(11) NOT NULL DEFAULT '0',
  PRIMARY KEY (`id`),
  UNIQUE KEY `section_value_value_aro` (`section_value`,`value`),
  KEY `hidden_aro` (`hidden`)
) ENGINE=InnoDB DEFAULT CHARSET=utf8 PACK_KEYS=0 ROW_FORMAT=COMPACT COMMENT='InnoDB free: 6144 kB; InnoDB free: 13312 kB; InnoDB free: 13';
/*!40101 SET character_set_client = @saved_cs_client */;

--
-- Dumping data for table `aro`
--

LOCK TABLES `aro` WRITE;
/*!40000 ALTER TABLE `aro` DISABLE KEYS */;
INSERT INTO `aro` VALUES (7,'1','7',7,'admin',0),(129,'1','113',113,'googlebot',0),(130,'1','114',114,'demo',0),(131,'23','115',115,'luke.alexandre@sp-int.com',0),(132,'23','116',116,'jan.ohye@goexp.com',0),(133,'23','117',117,'nigel.kent@wgexp.com',0),(134,'23','118',118,'charlotte.lannoy@hotmail.fr',0),(135,'23','119',119,'mattia.brundo@gmail.com',0),(136,'1','120',120,'atranslator',0),(137,'24','121',121,'paul',0),(138,'25','122',122,'nmole@tls-translations.com',0),(139,'26','123',123,'rtredway@tagworldwide.com',0),(140,'27','124',124,'fabio.ercole@chefdumonde.co.uk',0),(141,'28','125',125,'david.timpson@printflow.com',0),(142,'29','126',126,'joe.balamash@uk.e-graphics.com',0),(143,'30','127',127,'darrenayles@wyndeham-prepress.co.uk',0),(144,'30','128',128,'gregfeltham@wyndeham-prepress.co.uk',0),(146,'31','130',130,'diyadmin',0),(147,'26','131',131,'tagadmin',0),(148,'26','132',132,'rpurton@tagworldwide.com',0),(149,'26','133',133,'shickman@tagworldwide.com',0),(150,'32','134',134,'paul.stoddart@parlourwood.co.uk',0),(151,'33','135',135,'flavie.bordes@storyworldwide.com',0),(152,'30','136',136,'smathews@masterpiececreate.co.uk',0),(153,'33','137',137,'Julian',0),(154,'35','138',138,'Simon.Evered@hays.com',0),(156,'35','140',140,'Julie.Griffouliere@hays.com',0),(157,'35','141',141,'luca.rosi@hays.com',0),(158,'1','142',142,'juls_tra',0),(159,'37','143',143,'ken.whild@proco.com',0),(160,'38','144',144,'Hemant',0),(161,'37','145',145,'jamesH',0),(163,'38','147',147,'Hemant_translator',0),(164,'1','148',148,'test_trans',0),(165,'39','149',149,'comp_',0),(166,'40','150',150,'AgencyTrans',0),(170,'1','154',154,'pr2',0),(171,'1','155',155,'pr1',0),(172,'1','156',156,'ma',0),(173,'1','157',157,'projectm',0),(174,'1','158',158,'translator',0),(175,'1','159',159,'approver',0),(176,'41','160',160,'creative-services@duomedia.com',0),(179,'42','163',163,'mark@creativetranslation.com',0),(180,'43','164',164,'generic',0),(181,'44','165',165,'gudrun.claeys@walker.co.uk',0),(182,'45','166',166,'nmccutcheon@christies.com',0),(183,'46','167',167,'addisonadmin',0),(184,'47','168',168,'Mark Alford',0),(185,'47','169',169,'Luke Innis',0),(186,'42','170',170,'luke@creativetranslation.com',0);
/*!40000 ALTER TABLE `aro` ENABLE KEYS */;
UNLOCK TABLES;

--
-- Table structure for table `aro_groups`
--

DROP TABLE IF EXISTS `aro_groups`;
/*!40101 SET @saved_cs_client     = @@character_set_client */;
/*!40101 SET character_set_client = utf8 */;
CREATE TABLE `aro_groups` (
  `id` int(11) NOT NULL DEFAULT '0',
  `parent_id` int(11) NOT NULL DEFAULT '0',
  `lft` int(11) NOT NULL DEFAULT '0',
  `rgt` int(11) NOT NULL DEFAULT '0',
  `name` varchar(255) NOT NULL DEFAULT '''''',
  `value` varchar(255) NOT NULL DEFAULT '''''',
  PRIMARY KEY (`id`,`value`),
  UNIQUE KEY `value_aro_groups` (`value`),
  KEY `parent_id_aro_groups` (`parent_id`),
  KEY `lft_rgt_aro_groups` (`lft`,`rgt`)
) ENGINE=InnoDB DEFAULT CHARSET=utf8 PACK_KEYS=0 ROW_FORMAT=COMPACT COMMENT='InnoDB free: 6144 kB; InnoDB free: 13312 kB; InnoDB free: 13';
/*!40101 SET character_set_client = @saved_cs_client */;

--
-- Dumping data for table `aro_groups`
--

LOCK TABLES `aro_groups` WRITE;
/*!40000 ALTER TABLE `aro_groups` DISABLE KEYS */;
INSERT INTO `aro_groups` VALUES (22,0,1,14,'Registered','registered'),(28,22,2,3,'Translator','translator'),(30,22,4,5,'Limited Proofreader','limitedproofreader'),(31,22,6,7,'Proofreader','proofreader'),(32,22,8,9,'Manager','manager'),(33,22,10,11,'Administrator','admin'),(34,22,12,13,'Super Administrator','superadmin');
/*!40000 ALTER TABLE `aro_groups` ENABLE KEYS */;
UNLOCK TABLES;

--
-- Table structure for table `aro_groups_id_seq`
--

DROP TABLE IF EXISTS `aro_groups_id_seq`;
/*!40101 SET @saved_cs_client     = @@character_set_client */;
/*!40101 SET character_set_client = utf8 */;
CREATE TABLE `aro_groups_id_seq` (
  `id` int(11) NOT NULL
) ENGINE=InnoDB DEFAULT CHARSET=utf8 PACK_KEYS=0 ROW_FORMAT=COMPACT COMMENT='InnoDB free: 6144 kB; InnoDB free: 13312 kB; InnoDB free: 13';
/*!40101 SET character_set_client = @saved_cs_client */;

--
-- Dumping data for table `aro_groups_id_seq`
--

LOCK TABLES `aro_groups_id_seq` WRITE;
/*!40000 ALTER TABLE `aro_groups_id_seq` DISABLE KEYS */;
INSERT INTO `aro_groups_id_seq` VALUES (35);
/*!40000 ALTER TABLE `aro_groups_id_seq` ENABLE KEYS */;
UNLOCK TABLES;

--
-- Table structure for table `aro_groups_map`
--

DROP TABLE IF EXISTS `aro_groups_map`;
/*!40101 SET @saved_cs_client     = @@character_set_client */;
/*!40101 SET character_set_client = utf8 */;
CREATE TABLE `aro_groups_map` (
  `acl_id` int(11) NOT NULL DEFAULT '0',
  `group_id` int(11) NOT NULL DEFAULT '0',
  PRIMARY KEY (`acl_id`,`group_id`)
) ENGINE=InnoDB DEFAULT CHARSET=utf8 PACK_KEYS=0 ROW_FORMAT=COMPACT COMMENT='InnoDB free: 6144 kB; InnoDB free: 13312 kB; InnoDB free: 13';
/*!40101 SET character_set_client = @saved_cs_client */;

--
-- Dumping data for table `aro_groups_map`
--

LOCK TABLES `aro_groups_map` WRITE;
/*!40000 ALTER TABLE `aro_groups_map` DISABLE KEYS */;
INSERT INTO `aro_groups_map` VALUES (32,22),(33,22),(34,33),(34,34),(36,33),(36,34),(37,32),(37,33),(37,34),(38,32),(38,33),(38,34),(39,32),(39,33),(39,34),(40,32),(40,33),(40,34),(41,33),(41,34),(42,32),(42,33),(42,34),(43,32),(43,33),(43,34),(44,32),(44,33),(44,34),(45,32),(45,33),(45,34),(46,32),(46,33),(46,34),(47,32),(47,33),(47,34),(48,32),(48,33),(48,34),(55,32),(55,33),(55,34),(56,32),(56,33),(56,34),(57,22),(58,32),(58,33),(58,34),(59,32),(59,33),(59,34),(60,34),(61,33),(61,34),(143,22),(144,30),(145,32),(145,33),(145,34),(332,32),(332,33),(332,34),(333,28),(333,32),(333,33),(333,34),(334,30),(334,31),(334,32),(334,33),(334,34),(335,32),(335,33),(335,34),(441,28),(441,30),(441,31),(441,32),(441,33),(441,34),(443,32),(443,33),(443,34),(444,28),(444,30),(444,31),(444,32),(444,33),(444,34),(445,28),(445,30),(445,31),(445,32),(445,33),(445,34),(446,32),(446,33),(446,34),(525,32),(525,33),(525,34),(808,32),(808,33),(808,34);
/*!40000 ALTER TABLE `aro_groups_map` ENABLE KEYS */;
UNLOCK TABLES;

--
-- Table structure for table `aro_map`
--

DROP TABLE IF EXISTS `aro_map`;
/*!40101 SET @saved_cs_client     = @@character_set_client */;
/*!40101 SET character_set_client = utf8 */;
CREATE TABLE `aro_map` (
  `acl_id` int(11) NOT NULL DEFAULT '0',
  `section_value` varchar(230) NOT NULL DEFAULT '0',
  `value` varchar(230) NOT NULL DEFAULT '''''',
  PRIMARY KEY (`acl_id`,`section_value`,`value`)
) ENGINE=InnoDB DEFAULT CHARSET=utf8 PACK_KEYS=0 ROW_FORMAT=COMPACT COMMENT='InnoDB free: 6144 kB; InnoDB free: 13312 kB; InnoDB free: 13';
/*!40101 SET character_set_client = @saved_cs_client */;

--
-- Dumping data for table `aro_map`
--

LOCK TABLES `aro_map` WRITE;
/*!40000 ALTER TABLE `aro_map` DISABLE KEYS */;
INSERT INTO `aro_map` VALUES (177,'1','7'),(178,'1','7'),(179,'1','7'),(180,'1','7'),(181,'1','7'),(182,'1','7'),(183,'1','7'),(184,'1','7'),(185,'1','7'),(186,'1','7'),(187,'1','7'),(188,'1','7'),(189,'1','7'),(190,'1','7'),(191,'1','7'),(192,'1','7'),(194,'1','7'),(195,'1','7'),(196,'1','7'),(197,'1','7'),(198,'1','7'),(199,'1','7'),(200,'1','7'),(201,'1','7'),(202,'1','7'),(203,'1','7'),(204,'1','7'),(205,'1','7'),(206,'1','7'),(207,'1','7'),(208,'23','116'),(209,'23','116'),(210,'23','116'),(211,'23','116'),(212,'23','116'),(213,'23','116'),(214,'23','116'),(215,'23','116'),(216,'23','116'),(217,'23','116'),(218,'23','116'),(219,'23','116'),(220,'23','116'),(221,'23','116'),(222,'23','116'),(223,'23','116'),(225,'23','116'),(226,'23','116'),(227,'23','116'),(228,'23','116'),(229,'23','116'),(230,'23','116'),(231,'23','116'),(232,'23','116'),(233,'23','116'),(234,'23','116'),(235,'23','116'),(236,'23','116'),(237,'23','116'),(238,'23','116'),(239,'23','117'),(240,'23','117'),(241,'23','117'),(242,'23','117'),(243,'23','117'),(244,'23','117'),(245,'23','117'),(246,'23','117'),(247,'23','117'),(248,'23','117'),(249,'23','117'),(250,'23','117'),(251,'23','117'),(252,'23','117'),(253,'23','117'),(254,'23','117'),(256,'23','117'),(257,'23','117'),(258,'23','117'),(259,'23','117'),(260,'23','117'),(261,'23','117'),(262,'23','117'),(263,'23','117'),(264,'23','117'),(265,'23','117'),(266,'23','117'),(267,'23','117'),(268,'23','117'),(269,'23','117'),(270,'23','118'),(271,'23','118'),(272,'23','118'),(273,'23','118'),(274,'23','118'),(275,'23','118'),(276,'23','118'),(277,'23','118'),(278,'23','118'),(279,'23','118'),(280,'23','118'),(281,'23','118'),(282,'23','118'),(283,'23','118'),(284,'23','118'),(285,'23','118'),(287,'23','118'),(288,'23','118'),(289,'23','118'),(290,'23','118'),(291,'23','118'),(292,'23','118'),(293,'23','118'),(294,'23','118'),(295,'23','118'),(296,'23','118'),(297,'23','118'),(298,'23','118'),(299,'23','118'),(300,'23','118'),(301,'23','119'),(302,'23','119'),(303,'23','119'),(304,'23','119'),(305,'23','119'),(306,'23','119'),(307,'23','119'),(308,'23','119'),(309,'23','119'),(310,'23','119'),(311,'23','119'),(312,'23','119'),(313,'23','119'),(314,'23','119'),(315,'23','119'),(316,'23','119'),(318,'23','119'),(319,'23','119'),(320,'23','119'),(321,'23','119'),(322,'23','119'),(323,'23','119'),(324,'23','119'),(325,'23','119'),(326,'23','119'),(327,'23','119'),(328,'23','119'),(329,'23','119'),(330,'23','119'),(331,'23','119'),(336,'26','123'),(337,'26','123'),(338,'26','123'),(339,'26','123'),(340,'26','123'),(341,'26','123'),(342,'26','123'),(343,'26','123'),(344,'26','123'),(345,'26','123'),(346,'26','123'),(347,'26','123'),(348,'26','123'),(349,'26','123'),(350,'26','123'),(351,'26','123'),(353,'26','123'),(354,'26','123'),(355,'26','123'),(356,'26','123'),(357,'26','123'),(358,'26','123'),(359,'26','123'),(360,'26','123'),(361,'26','123'),(362,'26','123'),(363,'26','123'),(364,'26','123'),(365,'26','123'),(366,'26','123'),(367,'26','123'),(368,'26','123'),(369,'26','123'),(370,'26','123'),(371,'1','114'),(372,'1','114'),(373,'1','114'),(374,'1','114'),(375,'1','114'),(376,'1','114'),(377,'1','114'),(378,'1','114'),(379,'1','114'),(380,'1','114'),(381,'1','114'),(382,'1','114'),(383,'1','114'),(384,'1','114'),(385,'1','114'),(386,'1','114'),(388,'1','114'),(389,'1','114'),(390,'1','114'),(391,'1','114'),(392,'1','114'),(393,'1','114'),(394,'1','114'),(395,'1','114'),(396,'1','114'),(397,'1','114'),(398,'1','114'),(399,'1','114'),(400,'1','114'),(401,'1','114'),(402,'1','114'),(403,'1','114'),(404,'1','114'),(405,'1','114'),(406,'31','130'),(407,'31','130'),(408,'31','130'),(409,'31','130'),(410,'31','130'),(411,'31','130'),(412,'31','130'),(413,'31','130'),(414,'31','130'),(415,'31','130'),(416,'31','130'),(417,'31','130'),(418,'31','130'),(419,'31','130'),(420,'31','130'),(421,'31','130'),(423,'31','130'),(424,'31','130'),(425,'31','130'),(426,'31','130'),(427,'31','130'),(428,'31','130'),(429,'31','130'),(430,'31','130'),(431,'31','130'),(432,'31','130'),(433,'31','130'),(434,'31','130'),(435,'31','130'),(436,'31','130'),(437,'31','130'),(438,'31','130'),(439,'31','130'),(440,'31','130'),(442,'26','123'),(447,'33','137'),(448,'33','137'),(449,'33','137'),(450,'33','137'),(451,'33','137'),(452,'33','137'),(453,'33','137'),(454,'33','137'),(455,'33','137'),(456,'33','137'),(457,'33','137'),(458,'33','137'),(459,'33','137'),(460,'33','137'),(461,'33','137'),(462,'33','137'),(463,'33','137'),(464,'33','137'),(465,'33','137'),(466,'33','137'),(467,'33','137'),(468,'33','137'),(469,'33','137'),(470,'33','137'),(471,'33','137'),(472,'33','137'),(473,'33','137'),(474,'33','137'),(475,'33','137'),(476,'33','137'),(477,'33','137'),(478,'33','137'),(479,'33','137'),(480,'33','137'),(481,'33','137'),(482,'33','137'),(483,'33','137'),(484,'33','137'),(485,'33','137'),(527,'35','140'),(528,'35','140'),(529,'35','140'),(530,'35','140'),(531,'35','140'),(532,'35','140'),(533,'35','140'),(534,'35','140'),(535,'35','140'),(536,'35','140'),(537,'35','140'),(538,'35','140'),(539,'35','140'),(540,'35','140'),(541,'35','140'),(542,'35','140'),(543,'35','140'),(544,'35','140'),(545,'35','140'),(546,'35','140'),(547,'35','140'),(548,'35','140'),(549,'35','140'),(550,'35','140'),(551,'35','140'),(552,'35','140'),(553,'35','140'),(554,'35','140'),(555,'35','140'),(556,'35','140'),(557,'35','140'),(558,'35','140'),(559,'35','140'),(560,'35','140'),(561,'35','140'),(562,'35','140'),(563,'35','140'),(564,'35','140'),(565,'35','140'),(566,'35','140'),(567,'1','142'),(568,'1','142'),(569,'1','142'),(570,'1','142'),(571,'1','142'),(572,'1','142'),(573,'1','142'),(574,'1','142'),(575,'1','142'),(576,'1','142'),(577,'1','142'),(578,'1','142'),(579,'1','142'),(580,'1','142'),(581,'1','142'),(582,'1','142'),(583,'1','142'),(584,'1','142'),(585,'1','142'),(586,'1','142'),(587,'1','142'),(588,'1','142'),(589,'1','142'),(590,'1','142'),(591,'1','142'),(592,'1','142'),(593,'1','142'),(594,'1','142'),(595,'1','142'),(596,'1','142'),(597,'1','142'),(598,'1','142'),(599,'1','142'),(600,'1','142'),(601,'1','142'),(602,'1','142'),(603,'1','142'),(604,'1','142'),(605,'1','142'),(606,'1','142'),(607,'33','137'),(608,'37','145'),(609,'37','145'),(610,'37','145'),(611,'37','145'),(612,'37','145'),(613,'37','145'),(614,'37','145'),(615,'37','145'),(616,'37','145'),(617,'37','145'),(618,'37','145'),(619,'37','145'),(620,'37','145'),(621,'37','145'),(622,'37','145'),(623,'37','145'),(624,'37','145'),(625,'37','145'),(626,'37','145'),(627,'37','145'),(628,'37','145'),(629,'37','145'),(630,'37','145'),(631,'37','145'),(632,'37','145'),(633,'37','145'),(634,'37','145'),(635,'37','145'),(636,'37','145'),(637,'37','145'),(638,'37','145'),(639,'37','145'),(640,'37','145'),(641,'37','145'),(642,'37','145'),(643,'37','145'),(644,'37','145'),(645,'37','145'),(646,'37','145'),(647,'37','145'),(648,'30','136'),(649,'30','136'),(650,'30','136'),(651,'30','136'),(652,'30','136'),(653,'30','136'),(654,'30','136'),(655,'30','136'),(656,'30','136'),(657,'30','136'),(658,'30','136'),(659,'30','136'),(660,'30','136'),(661,'30','136'),(662,'30','136'),(663,'30','136'),(664,'30','136'),(665,'30','136'),(666,'30','136'),(667,'30','136'),(668,'30','136'),(669,'30','136'),(670,'30','136'),(671,'30','136'),(672,'30','136'),(673,'30','136'),(674,'30','136'),(675,'30','136'),(676,'30','136'),(677,'30','136'),(678,'30','136'),(679,'30','136'),(680,'30','136'),(681,'30','136'),(682,'30','136'),(683,'30','136'),(684,'30','136'),(685,'30','136'),(686,'30','136'),(687,'30','136'),(688,'38','144'),(689,'38','144'),(690,'38','144'),(691,'38','144'),(692,'38','144'),(693,'38','144'),(694,'38','144'),(695,'38','144'),(696,'38','144'),(697,'38','144'),(698,'38','144'),(699,'38','144'),(700,'38','144'),(701,'38','144'),(702,'38','144'),(703,'38','144'),(704,'38','144'),(705,'38','144'),(706,'38','144'),(707,'38','144'),(708,'38','144'),(709,'38','144'),(710,'38','144'),(711,'38','144'),(712,'38','144'),(713,'38','144'),(714,'38','144'),(715,'38','144'),(716,'38','144'),(717,'38','144'),(718,'38','144'),(719,'38','144'),(720,'38','144'),(721,'38','144'),(722,'38','144'),(723,'38','144'),(724,'38','144'),(725,'38','144'),(726,'38','144'),(727,'38','144'),(728,'38','147'),(729,'38','147'),(730,'38','147'),(731,'38','147'),(732,'38','147'),(733,'38','147'),(734,'38','147'),(735,'38','147'),(736,'38','147'),(737,'38','147'),(738,'38','147'),(739,'38','147'),(740,'38','147'),(741,'38','147'),(742,'38','147'),(743,'38','147'),(744,'38','147'),(745,'38','147'),(746,'38','147'),(747,'38','147'),(748,'38','147'),(749,'38','147'),(750,'38','147'),(751,'38','147'),(752,'38','147'),(753,'38','147'),(754,'38','147'),(755,'38','147'),(756,'38','147'),(757,'38','147'),(758,'38','147'),(759,'38','147'),(760,'38','147'),(761,'38','147'),(762,'38','147'),(763,'38','147'),(764,'38','147'),(765,'38','147'),(766,'38','147'),(767,'38','147'),(768,'39','149'),(769,'39','149'),(770,'39','149'),(771,'39','149'),(772,'39','149'),(773,'39','149'),(774,'39','149'),(775,'39','149'),(776,'39','149'),(777,'39','149'),(778,'39','149'),(779,'39','149'),(780,'39','149'),(781,'39','149'),(782,'39','149'),(783,'39','149'),(784,'39','149'),(785,'39','149'),(786,'39','149'),(787,'39','149'),(788,'39','149'),(789,'39','149'),(790,'39','149'),(791,'39','149'),(792,'39','149'),(793,'39','149'),(794,'39','149'),(795,'39','149'),(796,'39','149'),(797,'39','149'),(798,'39','149'),(799,'39','149'),(800,'39','149'),(801,'39','149'),(802,'39','149'),(803,'39','149'),(804,'39','149'),(805,'39','149'),(806,'39','149'),(807,'39','149'),(809,'40','150'),(810,'40','150'),(811,'40','150'),(812,'40','150'),(813,'40','150'),(814,'40','150'),(815,'40','150'),(816,'40','150'),(817,'40','150'),(818,'40','150'),(819,'40','150'),(820,'40','150'),(821,'40','150'),(822,'40','150'),(823,'40','150'),(824,'40','150'),(825,'40','150'),(826,'40','150'),(827,'40','150'),(828,'40','150'),(829,'40','150'),(830,'40','150'),(831,'40','150'),(832,'40','150'),(833,'40','150'),(834,'40','150'),(835,'40','150'),(836,'40','150'),(837,'40','150'),(838,'40','150'),(839,'40','150'),(840,'40','150'),(841,'40','150'),(842,'40','150'),(843,'40','150'),(844,'40','150'),(845,'40','150'),(846,'40','150'),(847,'40','150'),(848,'40','150'),(849,'40','150'),(850,'40','150'),(935,'38','144'),(936,'38','144'),(979,'1','155'),(980,'1','155'),(981,'1','155'),(982,'1','155'),(983,'1','155'),(984,'1','155'),(985,'1','155'),(986,'1','155'),(987,'1','155'),(988,'1','155'),(989,'1','155'),(990,'1','155'),(991,'1','155'),(992,'1','155'),(993,'1','155'),(994,'1','155'),(995,'1','155'),(996,'1','155'),(997,'1','155'),(998,'1','155'),(999,'1','155'),(1000,'1','155'),(1001,'1','155'),(1002,'1','155'),(1003,'1','155'),(1004,'1','155'),(1005,'1','155'),(1006,'1','155'),(1007,'1','155'),(1008,'1','155'),(1009,'1','155'),(1010,'1','155'),(1011,'1','155'),(1012,'1','155'),(1013,'1','155'),(1014,'1','155'),(1015,'1','155'),(1016,'1','155'),(1017,'1','155'),(1018,'1','155'),(1019,'1','155'),(1020,'1','155'),(1021,'1','154'),(1022,'1','154'),(1023,'1','154'),(1024,'1','154'),(1025,'1','154'),(1026,'1','154'),(1027,'1','154'),(1028,'1','154'),(1029,'1','154'),(1030,'1','154'),(1031,'1','154'),(1032,'1','154'),(1033,'1','154'),(1034,'1','154'),(1035,'1','154'),(1036,'1','154'),(1037,'1','154'),(1038,'1','154'),(1039,'1','154'),(1040,'1','154'),(1041,'1','154'),(1042,'1','154'),(1043,'1','154'),(1044,'1','154'),(1045,'1','154'),(1046,'1','154'),(1047,'1','154'),(1048,'1','154'),(1049,'1','154'),(1050,'1','154'),(1051,'1','154'),(1052,'1','154'),(1053,'1','154'),(1054,'1','154'),(1055,'1','154'),(1056,'1','154'),(1057,'1','154'),(1058,'1','154'),(1059,'1','154'),(1060,'1','154'),(1061,'1','154'),(1062,'1','154'),(1063,'1','156'),(1064,'1','156'),(1065,'1','156'),(1066,'1','156'),(1067,'1','156'),(1068,'1','156'),(1069,'1','156'),(1070,'1','156'),(1071,'1','156'),(1072,'1','156'),(1073,'1','156'),(1074,'1','156'),(1075,'1','156'),(1076,'1','156'),(1077,'1','156'),(1078,'1','156'),(1079,'1','156'),(1080,'1','156'),(1081,'1','156'),(1082,'1','156'),(1083,'1','156'),(1084,'1','156'),(1085,'1','156'),(1086,'1','156'),(1087,'1','156'),(1088,'1','156'),(1089,'1','156'),(1090,'1','156'),(1091,'1','156'),(1092,'1','156'),(1093,'1','156'),(1094,'1','156'),(1095,'1','156'),(1096,'1','156'),(1097,'1','156'),(1098,'1','156'),(1099,'1','156'),(1100,'1','156'),(1101,'1','156'),(1102,'1','156'),(1103,'1','156'),(1104,'1','156'),(1105,'1','158'),(1106,'1','158'),(1107,'1','158'),(1108,'1','158'),(1109,'1','158'),(1110,'1','158'),(1111,'1','158'),(1112,'1','158'),(1113,'1','158'),(1114,'1','158'),(1115,'1','158'),(1116,'1','158'),(1117,'1','158'),(1118,'1','158'),(1119,'1','158'),(1120,'1','158'),(1121,'1','158'),(1122,'1','158'),(1123,'1','158'),(1124,'1','158'),(1125,'1','158'),(1126,'1','158'),(1127,'1','158'),(1128,'1','158'),(1129,'1','158'),(1130,'1','158'),(1131,'1','158'),(1132,'1','158'),(1133,'1','158'),(1134,'1','158'),(1135,'1','158'),(1136,'1','158'),(1137,'1','158'),(1138,'1','158'),(1139,'1','158'),(1140,'1','158'),(1141,'1','158'),(1142,'1','158'),(1143,'1','158'),(1144,'1','158'),(1145,'1','158'),(1146,'1','158'),(1147,'1','159'),(1148,'1','159'),(1149,'1','159'),(1150,'1','159'),(1151,'1','159'),(1152,'1','159'),(1153,'1','159'),(1154,'1','159'),(1155,'1','159'),(1156,'1','159'),(1157,'1','159'),(1158,'1','159'),(1159,'1','159'),(1160,'1','159'),(1161,'1','159'),(1162,'1','159'),(1163,'1','159'),(1164,'1','159'),(1165,'1','159'),(1166,'1','159'),(1167,'1','159'),(1168,'1','159'),(1169,'1','159'),(1170,'1','159'),(1171,'1','159'),(1172,'1','159'),(1173,'1','159'),(1174,'1','159'),(1175,'1','159'),(1176,'1','159'),(1177,'1','159'),(1178,'1','159'),(1179,'1','159'),(1180,'1','159'),(1181,'1','159'),(1182,'1','159'),(1183,'1','159'),(1184,'1','159'),(1185,'1','159'),(1186,'1','159'),(1187,'1','159'),(1188,'1','159'),(1189,'1','157'),(1190,'1','157'),(1191,'1','157'),(1192,'1','157'),(1193,'1','157'),(1194,'1','157'),(1195,'1','157'),(1196,'1','157'),(1197,'1','157'),(1198,'1','157'),(1199,'1','157'),(1200,'1','157'),(1201,'1','157'),(1202,'1','157'),(1203,'1','157'),(1204,'1','157'),(1205,'1','157'),(1206,'1','157'),(1207,'1','157'),(1208,'1','157'),(1209,'1','157'),(1210,'1','157'),(1211,'1','157'),(1212,'1','157'),(1213,'1','157'),(1214,'1','157'),(1215,'1','157'),(1216,'1','157'),(1217,'1','157'),(1218,'1','157'),(1219,'1','157'),(1220,'1','157'),(1221,'1','157'),(1222,'1','157'),(1223,'1','157'),(1224,'1','157'),(1225,'1','157'),(1226,'1','157'),(1227,'1','157'),(1228,'1','157'),(1229,'1','157'),(1230,'1','157'),(1231,'42','163'),(1232,'42','163'),(1233,'42','163'),(1234,'42','163'),(1235,'42','163'),(1236,'42','163'),(1237,'42','163'),(1238,'42','163'),(1239,'42','163'),(1240,'42','163'),(1241,'42','163'),(1242,'42','163'),(1243,'42','163'),(1244,'42','163'),(1245,'42','163'),(1246,'42','163'),(1247,'42','163'),(1248,'42','163'),(1249,'42','163'),(1250,'42','163'),(1251,'42','163'),(1252,'42','163'),(1253,'42','163'),(1254,'42','163'),(1255,'42','163'),(1256,'42','163'),(1257,'42','163'),(1258,'42','163'),(1259,'42','163'),(1260,'42','163'),(1261,'42','163'),(1262,'42','163'),(1263,'42','163'),(1264,'42','163'),(1265,'42','163'),(1266,'42','163'),(1267,'42','163'),(1268,'42','163'),(1269,'42','163'),(1270,'42','163'),(1271,'42','163'),(1272,'42','163'),(1273,'43','164'),(1274,'43','164'),(1275,'43','164'),(1276,'43','164'),(1277,'43','164'),(1278,'43','164'),(1279,'43','164'),(1280,'43','164'),(1281,'43','164'),(1282,'43','164'),(1283,'43','164'),(1284,'43','164'),(1285,'43','164'),(1286,'43','164'),(1287,'43','164'),(1288,'43','164'),(1289,'43','164'),(1290,'43','164'),(1291,'43','164'),(1292,'43','164'),(1293,'43','164'),(1294,'43','164'),(1295,'43','164'),(1296,'43','164'),(1297,'43','164'),(1298,'43','164'),(1299,'43','164'),(1300,'43','164'),(1301,'43','164'),(1302,'43','164'),(1303,'43','164'),(1304,'43','164'),(1305,'43','164'),(1306,'43','164'),(1307,'43','164'),(1308,'43','164'),(1309,'43','164'),(1310,'43','164'),(1311,'43','164'),(1312,'43','164'),(1313,'43','164'),(1314,'43','164'),(1315,'47','169'),(1316,'47','169'),(1317,'47','169'),(1318,'47','169'),(1319,'47','169'),(1320,'47','169'),(1321,'47','169'),(1322,'47','169'),(1323,'47','169'),(1324,'47','169'),(1325,'47','169'),(1326,'47','169'),(1327,'47','169'),(1328,'47','169'),(1329,'47','169'),(1330,'47','169'),(1331,'47','169'),(1332,'47','169'),(1333,'47','169'),(1334,'47','169'),(1335,'47','169'),(1336,'47','169'),(1337,'47','169'),(1338,'47','169'),(1339,'47','169'),(1340,'47','169'),(1341,'47','169'),(1342,'47','169'),(1343,'47','169'),(1344,'47','169'),(1345,'47','169'),(1346,'47','169'),(1347,'47','169'),(1348,'47','169'),(1349,'47','169'),(1350,'47','169'),(1351,'47','169'),(1352,'47','169'),(1353,'47','169'),(1354,'47','169'),(1355,'47','169'),(1356,'47','169'),(1357,'47','168'),(1358,'47','168'),(1359,'47','168'),(1360,'47','168'),(1361,'47','168'),(1362,'47','168'),(1363,'47','168'),(1364,'47','168'),(1365,'47','168'),(1366,'47','168'),(1367,'47','168'),(1368,'47','168'),(1369,'47','168'),(1370,'47','168'),(1371,'47','168'),(1372,'47','168'),(1373,'47','168'),(1374,'47','168'),(1375,'47','168'),(1376,'47','168'),(1377,'47','168'),(1378,'47','168'),(1379,'47','168'),(1380,'47','168'),(1381,'47','168'),(1382,'47','168'),(1383,'47','168'),(1384,'47','168'),(1385,'47','168'),(1386,'47','168'),(1387,'47','168'),(1388,'47','168'),(1389,'47','168'),(1390,'47','168'),(1391,'47','168'),(1392,'47','168'),(1393,'47','168'),(1394,'47','168'),(1395,'47','168'),(1396,'47','168'),(1397,'47','168'),(1398,'47','168');
/*!40000 ALTER TABLE `aro_map` ENABLE KEYS */;
UNLOCK TABLES;

--
-- Table structure for table `aro_sections`
--

DROP TABLE IF EXISTS `aro_sections`;
/*!40101 SET @saved_cs_client     = @@character_set_client */;
/*!40101 SET character_set_client = utf8 */;
CREATE TABLE `aro_sections` (
  `id` int(11) NOT NULL DEFAULT '0',
  `value` varchar(230) NOT NULL DEFAULT '''''',
  `order_value` int(11) NOT NULL DEFAULT '0',
  `name` varchar(230) NOT NULL DEFAULT '''''',
  `hidden` int(11) NOT NULL DEFAULT '0',
  PRIMARY KEY (`id`),
  UNIQUE KEY `value_aro_sections` (`value`),
  KEY `hidden_aro_sections` (`hidden`)
) ENGINE=InnoDB DEFAULT CHARSET=utf8 PACK_KEYS=0 ROW_FORMAT=COMPACT COMMENT='InnoDB free: 6144 kB; InnoDB free: 13312 kB; InnoDB free: 13';
/*!40101 SET character_set_client = @saved_cs_client */;

--
-- Dumping data for table `aro_sections`
--

LOCK TABLES `aro_sections` WRITE;
/*!40000 ALTER TABLE `aro_sections` DISABLE KEYS */;
INSERT INTO `aro_sections` VALUES (21,'1',1,'StorePOINT International',0),(48,'22',22,'Transcreation Portal',0),(63,'23',23,'Paramount',0),(64,'24',24,'Digital Print Business',0),(65,'25',25,'Technical Language Service',0),(66,'26',26,'Tag',0),(67,'27',27,'Chef Du Monde',0),(68,'28',28,'Printflow',0),(69,'29',29,'E-Graphics',0),(70,'30',30,'Emagine',0),(71,'31',31,'B&Q',0),(72,'32',32,'Parlour Wood',0),(73,'33',33,'Story London',0),(75,'35',35,'HAYS PLC',0),(76,'36',36,'Julian & co',0),(77,'37',37,'Proco',0),(78,'38',38,'Hemant',0),(79,'39',39,'compo',0),(80,'40',40,'AgencyTrans',0),(81,'41',41,'Duo Media',0),(82,'42',42,'PageFlow',0),(83,'43',43,'Cogent Demo',0),(84,'44',44,'Walker Books',0),(85,'45',45,'Christies',0),(86,'46',46,'Addison',0),(87,'47',47,'Creative Translation Ltd',0);
/*!40000 ALTER TABLE `aro_sections` ENABLE KEYS */;
UNLOCK TABLES;

--
-- Table structure for table `aro_sections_seq`
--

DROP TABLE IF EXISTS `aro_sections_seq`;
/*!40101 SET @saved_cs_client     = @@character_set_client */;
/*!40101 SET character_set_client = utf8 */;
CREATE TABLE `aro_sections_seq` (
  `id` int(11) NOT NULL
) ENGINE=InnoDB DEFAULT CHARSET=utf8 PACK_KEYS=0 ROW_FORMAT=COMPACT COMMENT='InnoDB free: 6144 kB; InnoDB free: 13312 kB; InnoDB free: 13';
/*!40101 SET character_set_client = @saved_cs_client */;

--
-- Dumping data for table `aro_sections_seq`
--

LOCK TABLES `aro_sections_seq` WRITE;
/*!40000 ALTER TABLE `aro_sections_seq` DISABLE KEYS */;
INSERT INTO `aro_sections_seq` VALUES (87);
/*!40000 ALTER TABLE `aro_sections_seq` ENABLE KEYS */;
UNLOCK TABLES;

--
-- Table structure for table `aro_seq`
--

DROP TABLE IF EXISTS `aro_seq`;
/*!40101 SET @saved_cs_client     = @@character_set_client */;
/*!40101 SET character_set_client = utf8 */;
CREATE TABLE `aro_seq` (
  `id` int(11) NOT NULL
) ENGINE=InnoDB DEFAULT CHARSET=utf8 PACK_KEYS=0 ROW_FORMAT=COMPACT COMMENT='InnoDB free: 6144 kB; InnoDB free: 13312 kB; InnoDB free: 13';
/*!40101 SET character_set_client = @saved_cs_client */;

--
-- Dumping data for table `aro_seq`
--

LOCK TABLES `aro_seq` WRITE;
/*!40000 ALTER TABLE `aro_seq` DISABLE KEYS */;
INSERT INTO `aro_seq` VALUES (186);
/*!40000 ALTER TABLE `aro_seq` ENABLE KEYS */;
UNLOCK TABLES;

--
-- Table structure for table `artwork_fonts`
--

DROP TABLE IF EXISTS `artwork_fonts`;
/*!40101 SET @saved_cs_client     = @@character_set_client */;
/*!40101 SET character_set_client = utf8 */;
CREATE TABLE `artwork_fonts` (
  `id` int(11) unsigned NOT NULL AUTO_INCREMENT,
  `artwork_id` int(11) NOT NULL,
  `font_id` int(11) NOT NULL,
  `sub_font_id` int(11) unsigned NOT NULL DEFAULT '0',
  PRIMARY KEY (`id`),
  KEY `artwork_id` (`artwork_id`),
  KEY `font_id` (`font_id`),
  KEY `sub_font_id` (`sub_font_id`)
) ENGINE=MyISAM DEFAULT CHARSET=utf8 PACK_KEYS=0 ROW_FORMAT=COMPACT COMMENT='InnoDB free: 13312 kB; InnoDB free: 13312 kB';
/*!40101 SET character_set_client = @saved_cs_client */;

--
-- Dumping data for table `artwork_fonts`
--

LOCK TABLES `artwork_fonts` WRITE;
/*!40000 ALTER TABLE `artwork_fonts` DISABLE KEYS */;
/*!40000 ALTER TABLE `artwork_fonts` ENABLE KEYS */;
UNLOCK TABLES;

--
-- Table structure for table `artwork_guests`
--

DROP TABLE IF EXISTS `artwork_guests`;
/*!40101 SET @saved_cs_client     = @@character_set_client */;
/*!40101 SET character_set_client = utf8 */;
CREATE TABLE `artwork_guests` (
  `id` int(11) unsigned NOT NULL AUTO_INCREMENT,
  `artwork_id` int(11) unsigned NOT NULL,
  `user_id` int(11) unsigned NOT NULL,
  `name` varchar(255) DEFAULT NULL,
  `email` varchar(255) NOT NULL,
  `token` varchar(32) NOT NULL,
  PRIMARY KEY (`id`),
  UNIQUE KEY `token` (`token`),
  KEY `artwork_id` (`artwork_id`),
  KEY `user_id` (`user_id`)
) ENGINE=MyISAM DEFAULT CHARSET=utf8 PACK_KEYS=0 ROW_FORMAT=COMPACT COMMENT='InnoDB free: 13312 kB; InnoDB free: 13312 kB';
/*!40101 SET character_set_client = @saved_cs_client */;

--
-- Dumping data for table `artwork_guests`
--

LOCK TABLES `artwork_guests` WRITE;
/*!40000 ALTER TABLE `artwork_guests` DISABLE KEYS */;
/*!40000 ALTER TABLE `artwork_guests` ENABLE KEYS */;
UNLOCK TABLES;

--
-- Table structure for table `artwork_layers`
--

DROP TABLE IF EXISTS `artwork_layers`;
/*!40101 SET @saved_cs_client     = @@character_set_client */;
/*!40101 SET character_set_client = utf8 */;
CREATE TABLE `artwork_layers` (
  `id` int(11) unsigned NOT NULL AUTO_INCREMENT,
  `artwork_id` int(11) unsigned NOT NULL,
  `ref` int(11) NOT NULL,
  `name` varchar(50) NOT NULL,
  `colour` varchar(6) DEFAULT NULL,
  `locked` tinyint(1) unsigned NOT NULL DEFAULT '0',
  `visible` tinyint(1) unsigned NOT NULL DEFAULT '1',
  PRIMARY KEY (`id`),
  KEY `artwork_id` (`artwork_id`)
) ENGINE=MyISAM DEFAULT CHARSET=utf8;
/*!40101 SET character_set_client = @saved_cs_client */;

--
-- Dumping data for table `artwork_layers`
--

LOCK TABLES `artwork_layers` WRITE;
/*!40000 ALTER TABLE `artwork_layers` DISABLE KEYS */;
/*!40000 ALTER TABLE `artwork_layers` ENABLE KEYS */;
UNLOCK TABLES;

--
-- Table structure for table `artwork_upload_log`
--

DROP TABLE IF EXISTS `artwork_upload_log`;
/*!40101 SET @saved_cs_client     = @@character_set_client */;
/*!40101 SET character_set_client = utf8 */;
CREATE TABLE `artwork_upload_log` (
  `id` int(11) unsigned NOT NULL AUTO_INCREMENT,
  `upload_id` int(11) unsigned NOT NULL,
  `filename` varchar(255) DEFAULT NULL,
  `artwork_id` int(11) unsigned NOT NULL DEFAULT '0',
  `progress` smallint(3) unsigned NOT NULL DEFAULT '0',
  `pages` smallint(3) unsigned NOT NULL DEFAULT '0',
  `words` int(11) unsigned NOT NULL DEFAULT '0',
  `time_start` int(11) unsigned DEFAULT NULL,
  `time_end` int(11) unsigned DEFAULT NULL,
  `error_id` int(11) NOT NULL DEFAULT '0',
  PRIMARY KEY (`id`),
  KEY `upload_id` (`upload_id`,`artwork_id`),
  KEY `error_id` (`error_id`)
) ENGINE=MyISAM DEFAULT CHARSET=utf8;
/*!40101 SET character_set_client = @saved_cs_client */;

--
-- Dumping data for table `artwork_upload_log`
--

LOCK TABLES `artwork_upload_log` WRITE;
/*!40000 ALTER TABLE `artwork_upload_log` DISABLE KEYS */;
/*!40000 ALTER TABLE `artwork_upload_log` ENABLE KEYS */;
UNLOCK TABLES;

--
-- Table structure for table `artwork_uploads`
--

DROP TABLE IF EXISTS `artwork_uploads`;
/*!40101 SET @saved_cs_client     = @@character_set_client */;
/*!40101 SET character_set_client = utf8 */;
CREATE TABLE `artwork_uploads` (
  `id` int(11) unsigned NOT NULL AUTO_INCREMENT,
  `campaign_id` int(11) unsigned NOT NULL DEFAULT '0',
  `user_id` int(11) unsigned NOT NULL DEFAULT '0',
  `time_start` int(11) unsigned DEFAULT NULL,
  `time_end` int(11) unsigned DEFAULT NULL,
  PRIMARY KEY (`id`),
  KEY `campaign_id` (`campaign_id`,`user_id`)
) ENGINE=MyISAM DEFAULT CHARSET=utf8;
/*!40101 SET character_set_client = @saved_cs_client */;

--
-- Dumping data for table `artwork_uploads`
--

LOCK TABLES `artwork_uploads` WRITE;
/*!40000 ALTER TABLE `artwork_uploads` DISABLE KEYS */;
/*!40000 ALTER TABLE `artwork_uploads` ENABLE KEYS */;
UNLOCK TABLES;

--
-- Table structure for table `artworks`
--

DROP TABLE IF EXISTS `artworks`;
/*!40101 SET @saved_cs_client     = @@character_set_client */;
/*!40101 SET character_set_client = utf8 */;
CREATE TABLE `artworks` (
  `artworkID` int(11) unsigned NOT NULL AUTO_INCREMENT,
  `campaignID` int(11) unsigned NOT NULL,
  `artworkName` varchar(255) NOT NULL DEFAULT '''''',
  `subjectID` int(11) NOT NULL DEFAULT '0',
  `artworkType` int(1) unsigned DEFAULT '1',
  `fileName` varchar(255) NOT NULL DEFAULT '''''',
  `width` float(9,3) unsigned NOT NULL DEFAULT '0.000',
  `height` float(9,3) unsigned NOT NULL DEFAULT '0.000',
  `pageCount` int(11) unsigned NOT NULL DEFAULT '0',
  `wordCount` int(11) unsigned DEFAULT '0',
  `uploaderID` int(11) unsigned NOT NULL,
  `lastUpdate` timestamp NOT NULL DEFAULT '0000-00-00 00:00:00',
  `parent` int(11) NOT NULL DEFAULT '0',
  `version` varchar(20) NOT NULL DEFAULT '1.0.0',
  `live` int(1) NOT NULL DEFAULT '1',
  `cost` float(9,2) unsigned NOT NULL DEFAULT '0.00',
  `parse_type` int(11) unsigned NOT NULL DEFAULT '1',
  `default_sub_font_id` int(11) unsigned NOT NULL DEFAULT '0',
  `default_img_dir` varchar(500) DEFAULT NULL,
  `note` varchar(100) DEFAULT NULL,
  `cache` tinyint(1) NOT NULL DEFAULT '1',
  PRIMARY KEY (`artworkID`),
  KEY `campaignID` (`campaignID`),
  KEY `uploaderID` (`uploaderID`),
  KEY `subjectID` (`subjectID`),
  KEY `artworkType` (`artworkType`),
  KEY `default_sub_font_id` (`default_sub_font_id`)
) ENGINE=MyISAM DEFAULT CHARSET=utf8 PACK_KEYS=0 ROW_FORMAT=COMPACT COMMENT='InnoDB free: 11264 kB; InnoDB free: 6144 kB; InnoDB free: 13';
/*!40101 SET character_set_client = @saved_cs_client */;

--
-- Dumping data for table `artworks`
--

LOCK TABLES `artworks` WRITE;
/*!40000 ALTER TABLE `artworks` DISABLE KEYS */;
/*!40000 ALTER TABLE `artworks` ENABLE KEYS */;
UNLOCK TABLES;

--
-- Table structure for table `axo`
--

DROP TABLE IF EXISTS `axo`;
/*!40101 SET @saved_cs_client     = @@character_set_client */;
/*!40101 SET character_set_client = utf8 */;
CREATE TABLE `axo` (
  `id` int(11) NOT NULL DEFAULT '0',
  `section_value` varchar(240) NOT NULL DEFAULT '0',
  `value` varchar(240) NOT NULL DEFAULT '''''',
  `order_value` int(11) NOT NULL DEFAULT '0',
  `name` varchar(255) NOT NULL DEFAULT '''''',
  `hidden` int(11) NOT NULL DEFAULT '0',
  PRIMARY KEY (`id`),
  UNIQUE KEY `section_value_value_axo` (`section_value`,`value`),
  KEY `hidden_axo` (`hidden`)
) ENGINE=InnoDB DEFAULT CHARSET=utf8 PACK_KEYS=0 ROW_FORMAT=COMPACT COMMENT='InnoDB free: 6144 kB; InnoDB free: 13312 kB; InnoDB free: 13';
/*!40101 SET character_set_client = @saved_cs_client */;

--
-- Dumping data for table `axo`
--

LOCK TABLES `axo` WRITE;
/*!40000 ALTER TABLE `axo` DISABLE KEYS */;
/*!40000 ALTER TABLE `axo` ENABLE KEYS */;
UNLOCK TABLES;

--
-- Table structure for table `axo_groups`
--

DROP TABLE IF EXISTS `axo_groups`;
/*!40101 SET @saved_cs_client     = @@character_set_client */;
/*!40101 SET character_set_client = utf8 */;
CREATE TABLE `axo_groups` (
  `id` int(11) NOT NULL DEFAULT '0',
  `parent_id` int(11) NOT NULL DEFAULT '0',
  `lft` int(11) NOT NULL DEFAULT '0',
  `rgt` int(11) NOT NULL DEFAULT '0',
  `name` varchar(255) NOT NULL DEFAULT '''''',
  `value` varchar(255) NOT NULL DEFAULT '''''',
  PRIMARY KEY (`id`,`value`),
  UNIQUE KEY `value_axo_groups` (`value`),
  KEY `parent_id_axo_groups` (`parent_id`),
  KEY `lft_rgt_axo_groups` (`lft`,`rgt`)
) ENGINE=InnoDB DEFAULT CHARSET=utf8 PACK_KEYS=0 ROW_FORMAT=COMPACT COMMENT='InnoDB free: 6144 kB; InnoDB free: 13312 kB; InnoDB free: 13';
/*!40101 SET character_set_client = @saved_cs_client */;

--
-- Dumping data for table `axo_groups`
--

LOCK TABLES `axo_groups` WRITE;
/*!40000 ALTER TABLE `axo_groups` DISABLE KEYS */;
/*!40000 ALTER TABLE `axo_groups` ENABLE KEYS */;
UNLOCK TABLES;

--
-- Table structure for table `axo_groups_id_seq`
--

DROP TABLE IF EXISTS `axo_groups_id_seq`;
/*!40101 SET @saved_cs_client     = @@character_set_client */;
/*!40101 SET character_set_client = utf8 */;
CREATE TABLE `axo_groups_id_seq` (
  `id` int(11) NOT NULL
) ENGINE=InnoDB DEFAULT CHARSET=utf8 PACK_KEYS=0 ROW_FORMAT=COMPACT COMMENT='InnoDB free: 6144 kB; InnoDB free: 13312 kB; InnoDB free: 13';
/*!40101 SET character_set_client = @saved_cs_client */;

--
-- Dumping data for table `axo_groups_id_seq`
--

LOCK TABLES `axo_groups_id_seq` WRITE;
/*!40000 ALTER TABLE `axo_groups_id_seq` DISABLE KEYS */;
INSERT INTO `axo_groups_id_seq` VALUES (12);
/*!40000 ALTER TABLE `axo_groups_id_seq` ENABLE KEYS */;
UNLOCK TABLES;

--
-- Table structure for table `axo_groups_map`
--

DROP TABLE IF EXISTS `axo_groups_map`;
/*!40101 SET @saved_cs_client     = @@character_set_client */;
/*!40101 SET character_set_client = utf8 */;
CREATE TABLE `axo_groups_map` (
  `acl_id` int(11) NOT NULL DEFAULT '0',
  `group_id` int(11) NOT NULL DEFAULT '0',
  PRIMARY KEY (`acl_id`,`group_id`)
) ENGINE=InnoDB DEFAULT CHARSET=utf8 PACK_KEYS=0 ROW_FORMAT=COMPACT COMMENT='InnoDB free: 6144 kB; InnoDB free: 13312 kB; InnoDB free: 13';
/*!40101 SET character_set_client = @saved_cs_client */;

--
-- Dumping data for table `axo_groups_map`
--

LOCK TABLES `axo_groups_map` WRITE;
/*!40000 ALTER TABLE `axo_groups_map` DISABLE KEYS */;
/*!40000 ALTER TABLE `axo_groups_map` ENABLE KEYS */;
UNLOCK TABLES;

--
-- Table structure for table `axo_map`
--

DROP TABLE IF EXISTS `axo_map`;
/*!40101 SET @saved_cs_client     = @@character_set_client */;
/*!40101 SET character_set_client = utf8 */;
CREATE TABLE `axo_map` (
  `acl_id` int(11) NOT NULL DEFAULT '0',
  `section_value` varchar(230) NOT NULL DEFAULT '0',
  `value` varchar(230) NOT NULL DEFAULT '''''',
  PRIMARY KEY (`acl_id`,`section_value`,`value`)
) ENGINE=InnoDB DEFAULT CHARSET=utf8 PACK_KEYS=0 ROW_FORMAT=COMPACT COMMENT='InnoDB free: 6144 kB; InnoDB free: 13312 kB; InnoDB free: 13';
/*!40101 SET character_set_client = @saved_cs_client */;

--
-- Dumping data for table `axo_map`
--

LOCK TABLES `axo_map` WRITE;
/*!40000 ALTER TABLE `axo_map` DISABLE KEYS */;
/*!40000 ALTER TABLE `axo_map` ENABLE KEYS */;
UNLOCK TABLES;

--
-- Table structure for table `axo_sections`
--

DROP TABLE IF EXISTS `axo_sections`;
/*!40101 SET @saved_cs_client     = @@character_set_client */;
/*!40101 SET character_set_client = utf8 */;
CREATE TABLE `axo_sections` (
  `id` int(11) NOT NULL DEFAULT '0',
  `value` varchar(230) NOT NULL DEFAULT '''''',
  `order_value` int(11) NOT NULL DEFAULT '0',
  `name` varchar(230) NOT NULL DEFAULT '''''',
  `hidden` int(11) NOT NULL DEFAULT '0',
  PRIMARY KEY (`id`),
  UNIQUE KEY `value_axo_sections` (`value`),
  KEY `hidden_axo_sections` (`hidden`)
) ENGINE=InnoDB DEFAULT CHARSET=utf8 PACK_KEYS=0 ROW_FORMAT=COMPACT COMMENT='InnoDB free: 6144 kB; InnoDB free: 13312 kB; InnoDB free: 13';
/*!40101 SET character_set_client = @saved_cs_client */;

--
-- Dumping data for table `axo_sections`
--

LOCK TABLES `axo_sections` WRITE;
/*!40000 ALTER TABLE `axo_sections` DISABLE KEYS */;
/*!40000 ALTER TABLE `axo_sections` ENABLE KEYS */;
UNLOCK TABLES;

--
-- Table structure for table `axo_sections_seq`
--

DROP TABLE IF EXISTS `axo_sections_seq`;
/*!40101 SET @saved_cs_client     = @@character_set_client */;
/*!40101 SET character_set_client = utf8 */;
CREATE TABLE `axo_sections_seq` (
  `id` int(11) NOT NULL
) ENGINE=InnoDB DEFAULT CHARSET=utf8 PACK_KEYS=0 ROW_FORMAT=COMPACT COMMENT='InnoDB free: 6144 kB; InnoDB free: 13312 kB; InnoDB free: 13';
/*!40101 SET character_set_client = @saved_cs_client */;

--
-- Dumping data for table `axo_sections_seq`
--

LOCK TABLES `axo_sections_seq` WRITE;
/*!40000 ALTER TABLE `axo_sections_seq` DISABLE KEYS */;
INSERT INTO `axo_sections_seq` VALUES (10);
/*!40000 ALTER TABLE `axo_sections_seq` ENABLE KEYS */;
UNLOCK TABLES;

--
-- Table structure for table `axo_seq`
--

DROP TABLE IF EXISTS `axo_seq`;
/*!40101 SET @saved_cs_client     = @@character_set_client */;
/*!40101 SET character_set_client = utf8 */;
CREATE TABLE `axo_seq` (
  `id` int(11) NOT NULL
) ENGINE=InnoDB DEFAULT CHARSET=utf8 PACK_KEYS=0 ROW_FORMAT=COMPACT COMMENT='InnoDB free: 6144 kB; InnoDB free: 13312 kB; InnoDB free: 13';
/*!40101 SET character_set_client = @saved_cs_client */;

--
-- Dumping data for table `axo_seq`
--

LOCK TABLES `axo_seq` WRITE;
/*!40000 ALTER TABLE `axo_seq` DISABLE KEYS */;
INSERT INTO `axo_seq` VALUES (12);
/*!40000 ALTER TABLE `axo_seq` ENABLE KEYS */;
UNLOCK TABLES;

--
-- Table structure for table `box_moves`
--

DROP TABLE IF EXISTS `box_moves`;
/*!40101 SET @saved_cs_client     = @@character_set_client */;
/*!40101 SET character_set_client = utf8 */;
CREATE TABLE `box_moves` (
  `id` int(11) unsigned NOT NULL AUTO_INCREMENT,
  `artwork_id` int(11) unsigned NOT NULL,
  `box_id` int(11) unsigned NOT NULL,
  `task_id` int(11) unsigned NOT NULL DEFAULT '0',
  `left` int(11) NOT NULL,
  `right` int(11) NOT NULL,
  `top` int(11) NOT NULL,
  `bottom` int(11) NOT NULL,
  `angle` int(4) NOT NULL DEFAULT '0',
  `user_id` int(11) unsigned NOT NULL,
  `time` timestamp NOT NULL DEFAULT '0000-00-00 00:00:00',
  PRIMARY KEY (`id`),
  KEY `artwork_id` (`artwork_id`),
  KEY `box_id` (`box_id`),
  KEY `task_id` (`task_id`)
) ENGINE=MyISAM DEFAULT CHARSET=utf8 PACK_KEYS=0 ROW_FORMAT=COMPACT COMMENT='InnoDB free: 13312 kB; InnoDB free: 13312 kB';
/*!40101 SET character_set_client = @saved_cs_client */;

--
-- Dumping data for table `box_moves`
--

LOCK TABLES `box_moves` WRITE;
/*!40000 ALTER TABLE `box_moves` DISABLE KEYS */;
/*!40000 ALTER TABLE `box_moves` ENABLE KEYS */;
UNLOCK TABLES;

--
-- Table structure for table `box_overflows`
--

DROP TABLE IF EXISTS `box_overflows`;
/*!40101 SET @saved_cs_client     = @@character_set_client */;
/*!40101 SET character_set_client = utf8 */;
CREATE TABLE `box_overflows` (
  `id` int(11) unsigned NOT NULL AUTO_INCREMENT,
  `artwork_id` int(11) unsigned NOT NULL,
  `box_id` int(11) unsigned NOT NULL,
  `task_id` int(11) unsigned NOT NULL DEFAULT '0',
  `overflow` tinyint(1) unsigned NOT NULL DEFAULT '1',
  PRIMARY KEY (`id`),
  KEY `artwork_id` (`artwork_id`),
  KEY `box_id` (`box_id`),
  KEY `task_id` (`task_id`)
) ENGINE=MyISAM DEFAULT CHARSET=utf8 PACK_KEYS=0 ROW_FORMAT=COMPACT COMMENT='InnoDB free: 13312 kB; InnoDB free: 13312 kB';
/*!40101 SET character_set_client = @saved_cs_client */;

--
-- Dumping data for table `box_overflows`
--

LOCK TABLES `box_overflows` WRITE;
/*!40000 ALTER TABLE `box_overflows` DISABLE KEYS */;
/*!40000 ALTER TABLE `box_overflows` ENABLE KEYS */;
UNLOCK TABLES;

--
-- Table structure for table `box_properties`
--

DROP TABLE IF EXISTS `box_properties`;
/*!40101 SET @saved_cs_client     = @@character_set_client */;
/*!40101 SET character_set_client = utf8 */;
CREATE TABLE `box_properties` (
  `id` int(11) unsigned NOT NULL AUTO_INCREMENT,
  `artwork_id` int(11) unsigned NOT NULL,
  `box_id` int(11) unsigned NOT NULL,
  `task_id` int(11) unsigned NOT NULL DEFAULT '0',
  `lock` tinyint(1) unsigned NOT NULL DEFAULT '0',
  `resize` tinyint(1) unsigned NOT NULL DEFAULT '0',
  `user_id` int(11) unsigned NOT NULL,
  `time` timestamp NOT NULL DEFAULT '0000-00-00 00:00:00',
  PRIMARY KEY (`id`),
  KEY `artwork_id` (`artwork_id`),
  KEY `box_id` (`box_id`),
  KEY `task_id` (`task_id`)
) ENGINE=MyISAM DEFAULT CHARSET=utf8 PACK_KEYS=0 ROW_FORMAT=COMPACT COMMENT='InnoDB free: 13312 kB; InnoDB free: 13312 kB';
/*!40101 SET character_set_client = @saved_cs_client */;

--
-- Dumping data for table `box_properties`
--

LOCK TABLES `box_properties` WRITE;
/*!40000 ALTER TABLE `box_properties` DISABLE KEYS */;
/*!40000 ALTER TABLE `box_properties` ENABLE KEYS */;
UNLOCK TABLES;

--
-- Table structure for table `boxes`
--

DROP TABLE IF EXISTS `boxes`;
/*!40101 SET @saved_cs_client     = @@character_set_client */;
/*!40101 SET character_set_client = utf8 */;
CREATE TABLE `boxes` (
  `uID` mediumint(8) NOT NULL AUTO_INCREMENT,
  `Name` varchar(255) NOT NULL,
  `PageID` mediumint(8) NOT NULL,
  `BoxUID` mediumint(8) NOT NULL,
  `LayerID` int(11) unsigned NOT NULL,
  `Type` varchar(4) NOT NULL DEFAULT 'TEXT',
  `Top` int(11) NOT NULL,
  `Left` int(11) NOT NULL,
  `Right` int(11) NOT NULL,
  `Bottom` int(11) NOT NULL,
  `Angle` int(4) NOT NULL DEFAULT '0',
  `Grouped` tinyint(1) unsigned NOT NULL DEFAULT '0',
  `LinkedBoxID` int(11) NOT NULL DEFAULT '0',
  `order` mediumint(4) unsigned NOT NULL DEFAULT '0',
  `dynamic` tinyint(1) NOT NULL DEFAULT '0',
  PRIMARY KEY (`uID`),
  KEY `PageID` (`PageID`),
  KEY `BoxUID` (`BoxUID`),
  KEY `LayerID` (`LayerID`),
  KEY `LinkedBoxID` (`LinkedBoxID`)
) ENGINE=MyISAM DEFAULT CHARSET=utf8 PACK_KEYS=0 ROW_FORMAT=DYNAMIC;
/*!40101 SET character_set_client = @saved_cs_client */;

--
-- Dumping data for table `boxes`
--

LOCK TABLES `boxes` WRITE;
/*!40000 ALTER TABLE `boxes` DISABLE KEYS */;
/*!40000 ALTER TABLE `boxes` ENABLE KEYS */;
UNLOCK TABLES;

--
-- Table structure for table `brands`
--

DROP TABLE IF EXISTS `brands`;
/*!40101 SET @saved_cs_client     = @@character_set_client */;
/*!40101 SET character_set_client = utf8 */;
CREATE TABLE `brands` (
  `brandID` int(10) unsigned NOT NULL AUTO_INCREMENT,
  `brandName` varchar(255) NOT NULL,
  `parentBrandID` int(10) unsigned NOT NULL DEFAULT '0',
  `companyID` int(10) unsigned NOT NULL,
  PRIMARY KEY (`brandID`),
  KEY `parentBrandID` (`parentBrandID`),
  KEY `companyID` (`companyID`)
) ENGINE=MyISAM AUTO_INCREMENT=41 DEFAULT CHARSET=utf8 PACK_KEYS=0 ROW_FORMAT=COMPACT COMMENT='InnoDB free: 11264 kB; InnoDB free: 6144 kB; InnoDB free: 13';
/*!40101 SET character_set_client = @saved_cs_client */;

--
-- Dumping data for table `brands`
--

LOCK TABLES `brands` WRITE;
/*!40000 ALTER TABLE `brands` DISABLE KEYS */;
INSERT INTO `brands` VALUES (1,'PointandGo Localise',6,1),(2,'PointandGo Advertise',6,1),(3,'StudioPoint',0,1),(4,'CirculationPoint',0,1),(5,'StorePoint',0,1),(6,'PointandGo',0,1),(7,'Default',0,23),(8,'Paramount',0,23),(9,'Default',0,24),(10,'Default',0,25),(11,'Default',0,26),(12,'Default',0,27),(13,'Default',0,28),(14,'Default',0,29),(15,'Default',0,30),(16,'Idexx Water',0,27),(17,'Default',0,31),(18,'Demo',0,26),(19,'Default',0,32),(20,'Default',0,33),(22,'Default',0,35),(23,'Default',0,36),(24,'HAYS UK&I',0,35),(25,'HAYS CERoW',0,35),(26,'HAYS APAC',0,35),(27,'HAYS PLC',0,35),(28,'Default',0,37),(29,'Default',0,38),(30,'RCI',0,30),(31,'julian',0,1),(32,'Default',0,39),(33,'Default',0,40),(34,'Default',0,41),(35,'Default',0,42),(36,'Default',0,43),(37,'Default',0,44),(38,'Default',0,45),(39,'Default',0,46),(40,'Default',0,47);
/*!40000 ALTER TABLE `brands` ENABLE KEYS */;
UNLOCK TABLES;

--
-- Table structure for table `campaigns`
--

DROP TABLE IF EXISTS `campaigns`;
/*!40101 SET @saved_cs_client     = @@character_set_client */;
/*!40101 SET character_set_client = utf8 */;
CREATE TABLE `campaigns` (
  `campaignID` int(10) unsigned NOT NULL AUTO_INCREMENT,
  `campaignName` varchar(255) NOT NULL,
  `brandID` int(10) unsigned NOT NULL,
  `ref` varchar(50) DEFAULT NULL,
  `ownerID` int(10) unsigned NOT NULL,
  `sourceLanguageID` int(10) unsigned NOT NULL,
  `lastEdit` timestamp NOT NULL DEFAULT '0000-00-00 00:00:00',
  `campaignStatus` int(1) unsigned NOT NULL DEFAULT '1',
  `default_sub_font_id` int(11) unsigned NOT NULL DEFAULT '0',
  `default_img_dir` varchar(500) DEFAULT NULL,
  PRIMARY KEY (`campaignID`),
  KEY `ownerID` (`ownerID`),
  KEY `brandID` (`brandID`),
  KEY `sourceLanguageID` (`sourceLanguageID`),
  KEY `campaignStatus` (`campaignStatus`),
  KEY `default_sub_font_id` (`default_sub_font_id`)
) ENGINE=MyISAM DEFAULT CHARSET=utf8 PACK_KEYS=0 ROW_FORMAT=COMPACT COMMENT='InnoDB free: 11264 kB; InnoDB free: 6144 kB; InnoDB free: 13';
/*!40101 SET character_set_client = @saved_cs_client */;

--
-- Dumping data for table `campaigns`
--

LOCK TABLES `campaigns` WRITE;
/*!40000 ALTER TABLE `campaigns` DISABLE KEYS */;
/*!40000 ALTER TABLE `campaigns` ENABLE KEYS */;
UNLOCK TABLES;

--
-- Table structure for table `campaigns_acl`
--

DROP TABLE IF EXISTS `campaigns_acl`;
/*!40101 SET @saved_cs_client     = @@character_set_client */;
/*!40101 SET character_set_client = utf8 */;
CREATE TABLE `campaigns_acl` (
  `id` int(11) unsigned NOT NULL AUTO_INCREMENT,
  `campaign_id` int(11) unsigned NOT NULL,
  `company_id` int(11) unsigned NOT NULL,
  `user_id` int(11) unsigned NOT NULL,
  `allow` tinyint(1) unsigned NOT NULL DEFAULT '1',
  PRIMARY KEY (`id`),
  KEY `campaign_id` (`campaign_id`,`company_id`,`user_id`)
) ENGINE=MyISAM DEFAULT CHARSET=utf8;
/*!40101 SET character_set_client = @saved_cs_client */;

--
-- Dumping data for table `campaigns_acl`
--

LOCK TABLES `campaigns_acl` WRITE;
/*!40000 ALTER TABLE `campaigns_acl` DISABLE KEYS */;
/*!40000 ALTER TABLE `campaigns_acl` ENABLE KEYS */;
UNLOCK TABLES;

--
-- Table structure for table `categories`
--

DROP TABLE IF EXISTS `categories`;
/*!40101 SET @saved_cs_client     = @@character_set_client */;
/*!40101 SET character_set_client = utf8 */;
CREATE TABLE `categories` (
  `categoryID` int(10) unsigned NOT NULL AUTO_INCREMENT,
  `categoryName` varchar(255) NOT NULL DEFAULT '''''',
  `parentCategoryID` int(10) unsigned DEFAULT NULL,
  `brandID` int(10) unsigned NOT NULL,
  PRIMARY KEY (`categoryID`),
  KEY `brandID` (`brandID`),
  KEY `parentCategoryID` (`parentCategoryID`)
) ENGINE=MyISAM DEFAULT CHARSET=utf8 PACK_KEYS=0 ROW_FORMAT=COMPACT COMMENT='InnoDB free: 11264 kB; InnoDB free: 6144 kB; InnoDB free: 13';
/*!40101 SET character_set_client = @saved_cs_client */;

--
-- Dumping data for table `categories`
--

LOCK TABLES `categories` WRITE;
/*!40000 ALTER TABLE `categories` DISABLE KEYS */;
/*!40000 ALTER TABLE `categories` ENABLE KEYS */;
UNLOCK TABLES;

--
-- Table structure for table `codes`
--

DROP TABLE IF EXISTS `codes`;
/*!40101 SET @saved_cs_client     = @@character_set_client */;
/*!40101 SET character_set_client = utf8 */;
CREATE TABLE `codes` (
  `codeIndex` int(11) unsigned NOT NULL AUTO_INCREMENT,
  `smTitle` varchar(255) NOT NULL DEFAULT '''''',
  `smContent1` varchar(255) NOT NULL DEFAULT '''''',
  `smContent2` varchar(255) DEFAULT NULL,
  `redirect` varchar(255) NOT NULL DEFAULT '''''',
  `delay` int(2) unsigned NOT NULL DEFAULT '3',
  PRIMARY KEY (`codeIndex`)
) ENGINE=MyISAM AUTO_INCREMENT=18 DEFAULT CHARSET=utf8 PACK_KEYS=0 ROW_FORMAT=COMPACT COMMENT='InnoDB free: 11264 kB; InnoDB free: 6144 kB; InnoDB free: 13';
/*!40101 SET character_set_client = @saved_cs_client */;

--
-- Dumping data for table `codes`
--

LOCK TABLES `codes` WRITE;
/*!40000 ALTER TABLE `codes` DISABLE KEYS */;
INSERT INTO `codes` VALUES (1,'Welcome Login','Your last login time','Your last login IP','index.php?layout=home',3),(2,'Goodbye','You have logged out securely.','System has logged your last login time and IP automatically.','index.php',3),(3,'Server Busy','Please try again later.','You can still work without previews.','javascript:history.back();',3),(4,'Access Denied','Invalid authorisation. Private access only.','Or inappropriate system operation.','javascript:history.back();',3),(5,'Access Denied','Invalid username and password or session expired.','Or you do not have the access permission.','index.php',3),(6,'Under Construction','Page still under development.','Please check with StorePOINT for any updates.','javascript:history.back();',3),(7,'Shortlisted','You have been shortlisted for this translation task.','Please wait for further notice. Thank you for your time.','index.php',3),(8,'Error Creating File','Server is unable to rebuild file.','Please contact technical support.','javascript:history.back();',3),(9,'Artwork Upload Complete','Valid artworks have been uploaded to our server successfully.','Invalid files have been filtered out automatically.','index.php?layout=campaigns',0),(10,'Database Error','A duplicate record exists in the database.','Please amend your entry and try again.','javascript:history.back();',3),(11,'Error Uploading File','Invalid file type.','Server is unable to rebuild file.','javascript:history.back();',3),(12,'Task Submitted','You have successfully submitted your task translation.','Please wait for approval.','index.php?layout=home',3),(13,'Font Installation Complete','Your chosen font has been installed successfully.','Please contact system support if any further support is needed.','index.php?layout=cp_font',3),(14,'Task Approved','You have successfully approved the chosen task.','Thank you for your input.','index.php?layout=home',3),(15,'Task Complete','You have successfully completed the chosen task.','Thank you for your input.','index.php?layout=home',3),(16,'Task Reverted','You have successfully reverted the chosen task.','Thank you for your input.','index.php?layout=home',3),(17,'Translation Memory Saved','Your entry has been saved successfully.','Thank you for your input.','index.php?layout=cp_tm',3);
/*!40000 ALTER TABLE `codes` ENABLE KEYS */;
UNLOCK TABLES;

--
-- Table structure for table `comments`
--

DROP TABLE IF EXISTS `comments`;
/*!40101 SET @saved_cs_client     = @@character_set_client */;
/*!40101 SET character_set_client = utf8 */;
CREATE TABLE `comments` (
  `id` int(11) unsigned NOT NULL AUTO_INCREMENT,
  `artwork_id` int(11) unsigned NOT NULL,
  `page` mediumint(9) unsigned NOT NULL DEFAULT '0',
  `task_id` int(11) unsigned NOT NULL DEFAULT '0',
  `box_id` int(11) unsigned NOT NULL,
  `user_id` int(11) unsigned NOT NULL,
  `is_guest` tinyint(1) unsigned NOT NULL DEFAULT '0',
  `comment` text NOT NULL,
  `attachment` varchar(255) DEFAULT NULL,
  `time` timestamp NOT NULL DEFAULT '0000-00-00 00:00:00',
  PRIMARY KEY (`id`),
  KEY `artwork_id` (`artwork_id`),
  KEY `task_id` (`task_id`),
  KEY `box_id` (`box_id`),
  KEY `user_id` (`user_id`)
) ENGINE=MyISAM DEFAULT CHARSET=utf8 PACK_KEYS=0 ROW_FORMAT=COMPACT COMMENT='InnoDB free: 11264 kB; InnoDB free: 6144 kB; InnoDB free: 13';
/*!40101 SET character_set_client = @saved_cs_client */;

--
-- Dumping data for table `comments`
--

LOCK TABLES `comments` WRITE;
/*!40000 ALTER TABLE `comments` DISABLE KEYS */;
/*!40000 ALTER TABLE `comments` ENABLE KEYS */;
UNLOCK TABLES;

--
-- Table structure for table `companies`
--

DROP TABLE IF EXISTS `companies`;
/*!40101 SET @saved_cs_client     = @@character_set_client */;
/*!40101 SET character_set_client = utf8 */;
CREATE TABLE `companies` (
  `companyID` int(10) unsigned NOT NULL AUTO_INCREMENT,
  `companyName` varchar(255) NOT NULL DEFAULT '''''',
  `companyLogo` varchar(255) NOT NULL DEFAULT 'default.jpg',
  `parentCompanyID` int(10) DEFAULT '0',
  `firstContact` varchar(255) DEFAULT NULL,
  `addressLine1` varchar(255) DEFAULT NULL,
  `addressLine2` varchar(255) DEFAULT NULL,
  `addressLine3` varchar(255) DEFAULT NULL,
  `town` varchar(255) DEFAULT NULL,
  `county` varchar(255) DEFAULT NULL,
  `postcode` varchar(10) DEFAULT NULL,
  `country` varchar(255) DEFAULT NULL,
  `companyTelephone` varchar(20) DEFAULT NULL,
  `companyFax` varchar(20) DEFAULT NULL,
  `companyEmail` varchar(255) DEFAULT NULL,
  `companyWeb` varchar(255) NOT NULL DEFAULT 'http://',
  `systemName` varchar(20) NOT NULL,
  `packageID` int(11) unsigned NOT NULL DEFAULT '1',
  `agency` tinyint(1) unsigned NOT NULL DEFAULT '0',
  PRIMARY KEY (`companyID`),
  KEY `parentCompanyID` (`parentCompanyID`),
  KEY `packageID` (`packageID`)
) ENGINE=MyISAM AUTO_INCREMENT=48 DEFAULT CHARSET=utf8 PACK_KEYS=0 ROW_FORMAT=COMPACT COMMENT='InnoDB free: 11264 kB; InnoDB free: 6144 kB; InnoDB free: 13';
/*!40101 SET character_set_client = @saved_cs_client */;

--
-- Dumping data for table `companies`
--

LOCK TABLES `companies` WRITE;
/*!40000 ALTER TABLE `companies` DISABLE KEYS */;
INSERT INTO `companies` VALUES (1,'StorePOINT International','1_logo_logo.png',0,'Mark Alford','5 St. Johns Mews','13 St. Johns Road','Hampton Wick','Kingston upon Thames','Surrey','KT1 4AN','United Kingdom','02086144944','02086144949','info@sp-int.com','http://www.sp-int.com','storepoint',2,1),(22,'Transcreation Portal','default.jpg',0,'','','','','','','','','','','','http://www.transcreationportal.com','transcreation',1,1),(23,'Paramount','default.jpg',0,'Nigel Kent','','','','','','','','','','','','paramount',1,0),(24,'Digital Print Business','20110207090617_DPB-Digitalprintbusiness.png',0,'Paul Hopkins','','','','','','','','','','','','digital',1,0),(25,'Technical Language Service','20110208124409_TLS logo.jpg',0,'Nick Mole','','','','','','','','','','','','technical',1,0),(26,'Tag','20110210095829_tag logo.jpg',0,'Ross Tredway','','','','','','','','','','','','tag',1,0),(27,'Chef Du Monde','default.jpg',0,'Fabio','','','','','','','','','','','','chef',1,0),(28,'Printflow','20110214101815_cmc.jpg',0,'David Timpson','Citybridge House  ','235-245 Goswell Road ','','London','','EC1V 7JD','United Kingdom','+44 (0)20 7689 8686','+44 (0)20 7689 8706','enquiries@printflow.com','www.printflow.com','printflow',1,0),(29,'E-Graphics','default.jpg',0,'Joe Balamash ','','','','','','','','','','','','e-graphics',1,0),(30,'Emagine','20110214132546_emagine.png',0,'Darren Ayles','','','','','','','','','','','','emagine',1,0),(31,'B&Q','20110315154622_kingfisher.png',0,'Luke Alexandre ','','','','','','','','','','','','b&q',1,0),(32,'Parlour Wood','default.jpg',0,'Paul','','','','','','','','','','','','parlour',1,0),(33,'Story London','default.jpg',0,'Flavie Bordes','','','','','','','','','','','','story',1,0),(35,'HAYS PLC','20110414143834_HAYS_RGB_HiRes.png',0,'Simon','','','','','','','','','','','','hays',1,0),(36,'Julian & co','default.jpg',0,'','','','','','','','','','','','','julian',1,0),(37,'Proco','20110506124508_mime-attachment.gif',0,'Ken','','','','','','','','','','','','proco',1,0),(38,'Hemant','default.jpg',0,'Hemant','','','','','','','','','','','','hemant',1,1),(39,'compo','default.jpg',1,'','','','','','','','','','','','','compo',1,1),(40,'AgencyTrans','default.jpg',1,'Julian','','','','','','','','','','','','agencytrans',1,1),(41,'Duo Media','default.jpg',0,'Seb','','','','','','','','','','','','duo',1,0),(42,'PageFlow','20110711135902_PAGEflow-logo-lrg-v1.gif',0,'Mark Alford','','','','','','','','','','','','pageflow',1,0),(43,'Cogent Demo','20110715091632_logo_transcogent_s.png',0,'Kevin Burgess','','','','','','','','','','','','cogent',1,0),(44,'Walker Books','default.jpg',0,'Gudrun','','','','','','','','','','','','walker',1,0),(45,'Christies','default.jpg',0,'Neil','','','','','','','','','','','','christies',1,0),(46,'Addison','default.jpg',0,'Leif Skogstadt','','','','','','','','','','','','addison',1,0),(47,'Creative Translation Ltd','default.jpg',42,'Mark Alford','Creative Translation','The Lightbox','111 Power Road','London','','W45PY','UK','02071383819','','mark@creativetranslation.com','www.creativetranslation.com','creative',2,1);
/*!40000 ALTER TABLE `companies` ENABLE KEYS */;
UNLOCK TABLES;

--
-- Table structure for table `companies_acl`
--

DROP TABLE IF EXISTS `companies_acl`;
/*!40101 SET @saved_cs_client     = @@character_set_client */;
/*!40101 SET character_set_client = utf8 */;
CREATE TABLE `companies_acl` (
  `id` int(11) unsigned NOT NULL AUTO_INCREMENT,
  `company_id` int(11) unsigned NOT NULL,
  `partner_company_id` int(11) unsigned NOT NULL,
  PRIMARY KEY (`id`),
  KEY `company_id` (`company_id`,`partner_company_id`)
) ENGINE=MyISAM AUTO_INCREMENT=48 DEFAULT CHARSET=utf8;
/*!40101 SET character_set_client = @saved_cs_client */;

--
-- Dumping data for table `companies_acl`
--

LOCK TABLES `companies_acl` WRITE;
/*!40000 ALTER TABLE `companies_acl` DISABLE KEYS */;
INSERT INTO `companies_acl` VALUES (1,30,30),(3,31,31),(23,37,1),(19,35,1),(6,32,1),(7,33,1),(11,36,1),(25,38,1),(28,39,1),(31,40,1),(32,1,40),(33,41,1),(38,42,1),(40,43,1),(41,44,40),(42,44,1),(43,45,40),(44,45,1),(45,46,40),(46,46,1),(47,47,1);
/*!40000 ALTER TABLE `companies_acl` ENABLE KEYS */;
UNLOCK TABLES;

--
-- Table structure for table `company_fonts`
--

DROP TABLE IF EXISTS `company_fonts`;
/*!40101 SET @saved_cs_client     = @@character_set_client */;
/*!40101 SET character_set_client = utf8 */;
CREATE TABLE `company_fonts` (
  `id` int(11) unsigned NOT NULL AUTO_INCREMENT,
  `company_id` int(11) unsigned NOT NULL,
  `font_id` int(11) unsigned NOT NULL,
  PRIMARY KEY (`id`)
) ENGINE=MyISAM DEFAULT CHARSET=utf8;
/*!40101 SET character_set_client = @saved_cs_client */;

--
-- Dumping data for table `company_fonts`
--

LOCK TABLES `company_fonts` WRITE;
/*!40000 ALTER TABLE `company_fonts` DISABLE KEYS */;
/*!40000 ALTER TABLE `company_fonts` ENABLE KEYS */;
UNLOCK TABLES;

--
-- Table structure for table `currencies`
--

DROP TABLE IF EXISTS `currencies`;
/*!40101 SET @saved_cs_client     = @@character_set_client */;
/*!40101 SET character_set_client = utf8 */;
CREATE TABLE `currencies` (
  `currencyID` int(11) unsigned NOT NULL AUTO_INCREMENT,
  `currencyName` varchar(255) NOT NULL DEFAULT '''''',
  `currencyAb` varchar(3) NOT NULL DEFAULT '''''',
  `currencySymbol` varchar(1) NOT NULL DEFAULT '',
  PRIMARY KEY (`currencyID`)
) ENGINE=MyISAM AUTO_INCREMENT=4 DEFAULT CHARSET=utf8 PACK_KEYS=0 ROW_FORMAT=COMPACT COMMENT='InnoDB free: 11264 kB; InnoDB free: 6144 kB; InnoDB free: 13';
/*!40101 SET character_set_client = @saved_cs_client */;

--
-- Dumping data for table `currencies`
--

LOCK TABLES `currencies` WRITE;
/*!40000 ALTER TABLE `currencies` DISABLE KEYS */;
INSERT INTO `currencies` VALUES (1,'United States Dollar','USD','$'),(2,'Euro','EUR',''),(3,'Great Britain Pound','GBP','');
/*!40000 ALTER TABLE `currencies` ENABLE KEYS */;
UNLOCK TABLES;

--
-- Table structure for table `doc_cache`
--

DROP TABLE IF EXISTS `doc_cache`;
/*!40101 SET @saved_cs_client     = @@character_set_client */;
/*!40101 SET character_set_client = utf8 */;
CREATE TABLE `doc_cache` (
  `id` int(11) unsigned NOT NULL AUTO_INCREMENT,
  `artwork_id` int(11) unsigned NOT NULL,
  `task_id` int(11) unsigned NOT NULL,
  `box_id` int(11) unsigned NOT NULL,
  PRIMARY KEY (`id`),
  KEY `artwork_id` (`artwork_id`,`task_id`,`box_id`)
) ENGINE=MyISAM DEFAULT CHARSET=utf8;
/*!40101 SET character_set_client = @saved_cs_client */;

--
-- Dumping data for table `doc_cache`
--

LOCK TABLES `doc_cache` WRITE;
/*!40000 ALTER TABLE `doc_cache` DISABLE KEYS */;
/*!40000 ALTER TABLE `doc_cache` ENABLE KEYS */;
UNLOCK TABLES;

--
-- Table structure for table `errors`
--

DROP TABLE IF EXISTS `errors`;
/*!40101 SET @saved_cs_client     = @@character_set_client */;
/*!40101 SET character_set_client = utf8 */;
CREATE TABLE `errors` (
  `id` int(11) unsigned NOT NULL AUTO_INCREMENT,
  `error` varchar(255) NOT NULL,
  PRIMARY KEY (`id`)
) ENGINE=MyISAM AUTO_INCREMENT=9 DEFAULT CHARSET=utf8;
/*!40101 SET character_set_client = @saved_cs_client */;

--
-- Dumping data for table `errors`
--

LOCK TABLES `errors` WRITE;
/*!40000 ALTER TABLE `errors` DISABLE KEYS */;
INSERT INTO `errors` VALUES (1,'Error Uploading File'),(2,'Unknown File Type'),(3,'Unexpected File Type'),(4,'Server Busy'),(5,'Error Moving File'),(6,'Invalid File'),(7,'Service Not Available'),(8,'Error Parsing File');
/*!40000 ALTER TABLE `errors` ENABLE KEYS */;
UNLOCK TABLES;

--
-- Table structure for table `fonts`
--

DROP TABLE IF EXISTS `fonts`;
/*!40101 SET @saved_cs_client     = @@character_set_client */;
/*!40101 SET character_set_client = utf8 */;
CREATE TABLE `fonts` (
  `id` int(11) unsigned NOT NULL AUTO_INCREMENT,
  `family` varchar(255) DEFAULT NULL,
  `name` varchar(255) DEFAULT NULL,
  `style` varchar(50) DEFAULT NULL,
  `engine_id` int(11) unsigned NOT NULL DEFAULT '1',
  `installed` tinyint(1) NOT NULL DEFAULT '0',
  PRIMARY KEY (`id`),
  KEY `engine_id` (`engine_id`)
) ENGINE=MyISAM AUTO_INCREMENT=2249 DEFAULT CHARSET=utf8 PACK_KEYS=0 ROW_FORMAT=COMPACT COMMENT='InnoDB free: 13312 kB; InnoDB free: 13312 kB';
/*!40101 SET character_set_client = @saved_cs_client */;

--
-- Dumping data for table `fonts`
--

LOCK TABLES `fonts` WRITE;
/*!40000 ALTER TABLE `fonts` DISABLE KEYS */;
INSERT INTO `fonts` VALUES (1,'AGaramond-Regular','Adobe Garamond','Regular',7,1),(2,'AGaramondRegular','AGaramondRegular','Regular',7,1),(3,'Berthold Akzidenz Grotesk BE','Berthold Akzidenz Grotesk BE Medium','Medium',7,1),(4,'Berthold Akzidenz Grotesk BE','Berthold Akzidenz Grotesk BE Bold','Bold',7,1),(5,'Berthold Akzidenz Grotesk BE Ex','Berthold Akzidenz Grotesk BE Bold Extended Italic','Bold Italic',7,1),(6,'Berthold Akzidenz Grotesk BE Li','Berthold Akzidenz Grotesk BE Light','Regular',7,1),(7,'Berthold Akzidenz Grotesk BE Su','Berthold Akzidenz Grotesk BE Super','Regular',7,1),(8,'Arial','Arial','Regular',7,1),(9,'Arial','Arial Italic','Italic',7,1),(10,'Arial','Arial Bold','Bold',7,1),(11,'Arial','Arial Bold Italic','Bold Italic',7,1),(12,'Arial','Arial Black','Regular',7,1),(13,'ITC Avant Garde Gothic','ITC Avant Garde Gothic Medium','Medium',7,1),(14,'ITC Avant Garde Gothic','ITC Avant Garde Gothic Bold','Bold',7,1),(15,'ITC Avant Garde Gothic Book','ITC Avant Garde Gothic Book','Regular',7,1),(16,'ITC Avant Garde Gothic Book','ITC Avant Garde Gothic Book Oblique','Oblique',7,1),(17,'ITC Avant Garde Gothic Book Con BT','ITC Avant Garde Gothic Book Con BT Regular','Regular',7,1),(18,'ITC Avant Garde Gothic BT','ITC Avant Garde Gothic BT Medium Oblique','Medium Oblique',7,1),(19,'ITC Avant Garde Gothic BT','ITC Avant Garde Gothic BT Bold Oblique','Bold Oblique',7,1),(20,'ITC Avant Garde Gothic Condense','ITC Avant Garde Gothic Condensed Medium','Medium',7,1),(21,'ITC Avant Garde Gothic Condense','ITC Avant Garde Gothic Condensed Bold','Bold',7,1),(22,'ITC Avant Garde Gothic Demi','ITC Avant Garde Gothic Demi','Regular',7,1),(23,'ITC Avant Garde Gothic Demi','ITC Avant Garde Gothic Demi Oblique','Oblique',7,1),(24,'ITC Avant Garde Gothic Demi BT','ITC Avant Garde Gothic Demi BT Regular','Regular',7,1),(25,'ITC Avant Garde Gothic Demi BT','ITC Avant Garde Gothic Demi BT Oblique','Oblique',7,1),(26,'ITC Avant Garde Gothic Demi Con BT','ITC Avant Garde Gothic Demi Con BT Regular','Regular',7,1),(27,'ITC Avant Garde Gothic Extra Li','ITC Avant Garde Gothic Extra Light','Regular',7,1),(28,'ITC Avant Garde Gothic LT','ITC Avant Garde Gothic LT Medium','Medium',7,1),(29,'ITC Avant Garde Gothic LT','ITC Avant Garde Gothic LT Bold','Bold',7,1),(30,'ITC Avant Garde Gothic LT Book','ITC Avant Garde Gothic LT Book','Regular',7,1),(31,'ITC Avant Garde Gothic LT Book','ITC Avant Garde Gothic LT Book Oblique','Oblique',7,1),(32,'ITC Avant Garde Gothic LT Conde','ITC Avant Garde Gothic LT Condensed Medium','Medium',7,1),(33,'ITC Avant Garde Gothic LT Conde','ITC Avant Garde Gothic LT Condensed Bold','Bold',7,1),(34,'ITC Avant Garde Gothic LT Demi','ITC Avant Garde Gothic LT Demi','Regular',7,1),(35,'ITC Avant Garde Gothic LT Demi','ITC Avant Garde Gothic LT Demi Oblique','Oblique',7,1),(36,'Avant OTTO Bold','Avant OTTO Bold','Regular',7,1),(37,'Birch Std','Birch Std','Regular',7,1),(38,'Blackoak Std','Blackoak Std','Regular',7,1),(39,'Brush Script Std','Brush Script Std Medium','Medium',7,1),(40,'Cambria','Cambria','Regular',7,1),(41,'Cambria','Cambria Italic','Italic',7,1),(42,'Cambria','Cambria Bold','Bold',7,1),(43,'Cambria','Cambria Bold Italic','Bold Italic',7,1),(44,'Cambria Math','Cambria Math','Regular',7,1),(45,'Adobe Caslon Pro','Adobe Caslon Pro','Regular',7,1),(46,'Adobe Caslon Pro','Adobe Caslon Pro Italic','Italic',7,1),(47,'Adobe Caslon Pro','Adobe Caslon Pro Semibold','Semibold',7,1),(48,'Adobe Caslon Pro','Adobe Caslon Pro Semibold Italic','Semibold Italic',7,1),(49,'Adobe Caslon Pro','Adobe Caslon Pro Bold','Bold',7,1),(50,'Adobe Caslon Pro','Adobe Caslon Pro Bold Italic','Bold Italic',7,1),(51,'Chaparral Pro','Chaparral Pro','Regular',7,1),(52,'Chaparral Pro','Chaparral Pro Italic','Italic',7,1),(53,'Chaparral Pro','Chaparral Pro Bold','Bold',7,1),(54,'Chaparral Pro','Chaparral Pro Bold Italic','Bold Italic',7,1),(55,'Charlemagne Std','Charlemagne Std Bold','Bold',7,1),(56,'Chevin','Chevin-Thin','Thin',7,1),(57,'Chevin','Chevin-ThinItalic','Thin Italic',7,1),(58,'Chevin','Chevin-Light','Light',7,1),(59,'Chevin','Chevin-LightItalic','Light Italic',7,1),(60,'Chevin','Chevin-Medium','Medium',7,1),(61,'Chevin','Chevin-MediumItalic','Medium Italic',7,1),(62,'Chevin','Chevin-DemiBold','Demi Bold',7,1),(63,'Chevin','Chevin-DemiBoldItalic','Demi Bold Italic',7,1),(64,'Chevin','Chevin-Bold','Bold',7,1),(65,'Chevin','Chevin-BoldItalic','Bold Italic',7,1),(66,'Chevin','Chevin-ExtraBold','Extra Bold',7,1),(67,'Chevin','Chevin-ExtraBoldItalic','Extra Bold Italic',7,1),(68,'Clearface Gothic LH 75','Clearface Gothic LH 75 Bold','Bold',7,1),(69,'Comic Sans MS','Comic Sans MS','Regular',7,1),(70,'Comic Sans MS','Comic Sans MS Bold','Bold',7,1),(71,'Comics','Comics Regular','Regular',7,1),(72,'Cooper Std','Cooper Std Black','Black',7,1),(73,'Cooper Std','Cooper Std Black Italic','Black Italic',7,1),(74,'Courier New','Courier New','Regular',7,1),(75,'Courier New','Courier New Italic','Italic',7,1),(76,'Courier New','Courier New Bold','Bold',7,1),(77,'Courier New','Courier New Bold Italic','Bold Italic',7,1),(78,'CrimeFighter BB','CrimeFighter BB','Regular',7,1),(79,'CrimeFighter BB','CrimeFighter BB Bold','Bold',7,1),(80,'DIN-Regular','DIN-Regular','Regular',7,1),(81,'DotMatrix','DotMatrix-TwoRegular','TwoRegular',7,1),(82,'Electra LH','Electra LH Regular','Regular',7,1),(83,'Electra LH Cursive','Electra LH Cursive','Regular',7,1),(84,'Estrangelo Edessa','Estrangelo Edessa','Regular',7,1),(85,'Flama','Flama-Black','Black',7,1),(86,'Foundry Monoline','FoundryMonoline-UltraLight','UltraLight',7,1),(87,'Foundry Monoline','FoundryMonoline-UltLgtIta','UltLgtIta',7,1),(88,'Foundry Monoline','FoundryMonoline-Light','Light',7,1),(89,'Foundry Monoline','FoundryMonoline-LgtIta','LgtIta',7,1),(90,'Foundry Monoline','FoundryMonoline-Regular','Regular',7,1),(91,'Foundry Monoline','FoundryMonoline-RegIta','RegIta',7,1),(92,'Foundry Monoline','FoundryMonoline-Medium','Medium',7,1),(93,'Foundry Monoline','FoundryMonoline-MedIta','MedIta',7,1),(94,'Foundry Monoline','FoundryMonoline-Bold','Bold',7,1),(95,'Foundry Monoline','FoundryMonoline-BoldIta','BoldIta',7,1),(96,'Foundry Monoline','FoundryMonoline-ExtraBold','ExtraBold',7,1),(97,'Foundry Monoline','FoundryMonoline-ExBdIta','ExBdIta',7,1),(98,'Franklin Gothic Medium','Franklin Gothic Medium','Regular',7,1),(99,'Franklin Gothic Medium','Franklin Gothic Medium Italic','Italic',7,1),(100,'Frutiger 45 Light','Frutiger 45 Light','Regular',7,1),(101,'Frutiger 46 Light','Frutiger 46 Light Italic','Italic',7,1),(102,'Frutiger 55','Frutiger 55 Roman','Roman',7,1),(103,'Frutiger 56','Frutiger 56 Italic','Italic',7,1),(104,'Frutiger 57 Condensed','Frutiger 57 Condensed','Regular',7,1),(105,'Frutiger 65','Frutiger 65 Bold','Bold',7,1),(106,'Frutiger 66','Frutiger 66 Bold Italic','Bold Italic',7,1),(107,'Frutiger 67 Condensed','Frutiger 67 Bold Condensed','Bold',7,1),(108,'Frutiger 75 Black','Frutiger 75 Black','Regular',7,1),(109,'Frutiger 76 Black','Frutiger 76 Black Italic','Italic',7,1),(110,'Frutiger 77 Black Condensed','Frutiger 77 Black Condensed','Regular',7,1),(111,'Frutiger LT Com','Frutiger LT Com 47 Light Condensed','47 Light Condensed',7,1),(112,'Frutiger LT Com','Frutiger LT Com 57 Condensed','57 Condensed',7,1),(113,'Frutiger LT Com','Frutiger LT Com 67 Bold Condensed','67 Bold Condensed',7,1),(114,'Frutiger LT Com','Frutiger LT Com 77 Black Condensed','77 Black Condensed',7,1),(115,'Frutiger LT Com','Frutiger LT Com 87 Extra Black Condensed','87 Extra Black Condensed',7,1),(116,'Frutiger LT Com','Frutiger LT Com 45 Light','45 Light',7,1),(117,'Frutiger LT Com','Frutiger LT Com 46 Light Italic','46 Light Italic',7,1),(118,'Frutiger LT Com','Frutiger LT Com 55 Roman','55 Roman',7,1),(119,'Frutiger LT Com','Frutiger LT Com 56 Italic','56 Italic',7,1),(120,'Frutiger LT Com','Frutiger LT Com 65 Bold','65 Bold',7,1),(121,'Frutiger LT Com','Frutiger LT Com 66 Bold Italic','66 Bold Italic',7,1),(122,'Frutiger LT Com','Frutiger LT Com 75 Black','75 Black',7,1),(123,'Frutiger LT Com','Frutiger LT Com 76 Black Italic','76 Black Italic',7,1),(124,'Frutiger LT Com','Frutiger LT Com 95 UltraBlack','95 Ultra Black',7,1),(125,'Futura Bk BT','Futura Bk BT Book','Book',7,1),(126,'Futura Bk BT','Futura Bk BT Book Italic','Book Italic',7,1),(127,'Futura Hv BT','Futura Hv BT Heavy','Heavy',7,1),(128,'Futura Hv BT','Futura Hv BT Heavy Italic','Heavy Italic',7,1),(129,'Futura Md BT','Futura Md BT Medium','Medium',7,1),(130,'Futura Md BT','Futura Md BT Bold','Bold',7,1),(131,'Adobe Garamond','Adobe Garamond Exp','Exp',7,1),(132,'Adobe Garamond','Adobe Garamond SC','SC',7,1),(133,'AdobeGaramond','Adobe Garamond Italic','Italic',7,1),(134,'Adobe Garamond','Adobe Garamond Italic Alt','Italic Alt',7,1),(135,'Adobe Garamond','Adobe Garamond Italic Exp','Italic Exp',7,1),(136,'Adobe Garamond','Adobe Garamond Italic OsF','Italic OsF',7,1),(137,'Adobe Garamond','Adobe Garamond Semibold','Semibold',7,1),(138,'Adobe Garamond','Adobe Garamond Semibold Exp','Semibold Exp',7,1),(139,'Adobe Garamond','Adobe Garamond Semibold SC','Semibold SC',7,1),(140,'Adobe Garamond','Adobe Garamond Semibold Italic','Semibold Italic',7,1),(141,'Adobe Garamond','Adobe Garamond Semibold Italic Exp','Semibold Italic Exp',7,1),(142,'Adobe Garamond','Adobe Garamond Semibold Italic OsF','Semibold Italic OsF',7,1),(143,'Adobe Garamond','Adobe Garamond Bold','Bold',7,1),(144,'Adobe Garamond','Adobe Garamond Bold Exp','Bold Exp',7,1),(145,'Adobe Garamond','Adobe Garamond Bold OsF','Bold OsF',7,1),(146,'Adobe Garamond','Adobe Garamond Bold Italic','Bold Italic',7,1),(147,'Adobe Garamond','Adobe Garamond Bold Italic Exp','Bold Italic Exp',7,1),(148,'Adobe Garamond','Adobe Garamond Bold Italic OsF','Bold Italic OsF',7,1),(149,'Garamond Premier Pro','Garamond Premier Pro Light Display','Light Display',7,1),(150,'Garamond Premier Pro','Garamond Premier Pro Light Italic Display','Light Italic Display',7,1),(151,'Garamond Premier Pro','Garamond Premier Pro Caption','Caption',7,1),(152,'Garamond Premier Pro','Garamond Premier Pro','Regular',7,1),(153,'Garamond Premier Pro','Garamond Premier Pro Subhead','Subhead',7,1),(154,'Garamond Premier Pro','Garamond Premier Pro Display','Display',7,1),(155,'Garamond Premier Pro','Garamond Premier Pro Italic','Italic',7,1),(156,'Garamond Premier Pro','Garamond Premier Pro Italic Caption','Italic Caption',7,1),(157,'Garamond Premier Pro','Garamond Premier Pro Italic Subhead','Italic Subhead',7,1),(158,'Garamond Premier Pro','Garamond Premier Pro Italic Display','Italic Display',7,1),(159,'Garamond Premier Pro','Garamond Premier Pro Medium Caption','Medium Caption',7,1),(160,'Garamond Premier Pro','Garamond Premier Pro Medium','Medium',7,1),(161,'Garamond Premier Pro','Garamond Premier Pro Medium Subhead','Medium Subhead',7,1),(162,'Garamond Premier Pro','Garamond Premier Pro Medium Display','Medium Display',7,1),(163,'Garamond Premier Pro','Garamond Premier Pro Medium Italic Caption','Medium Italic Caption',7,1),(164,'Garamond Premier Pro','Garamond Premier Pro Medium Italic','Medium Italic',7,1),(165,'Garamond Premier Pro','Garamond Premier Pro Medium Italic Subhead','Medium Italic Subhead',7,1),(166,'Garamond Premier Pro','Garamond Premier Pro Medium Italic Display','Medium Italic Display',7,1),(167,'Garamond Premier Pro','Garamond Premier Pro Semibold Caption','Semibold Caption',7,1),(168,'Garamond Premier Pro','Garamond Premier Pro Semibold','Semibold',7,1),(169,'Garamond Premier Pro','Garamond Premier Pro Semibold Subhead','Semibold Subhead',7,1),(170,'Garamond Premier Pro','Garamond Premier Pro Semibold Display','Semibold Display',7,1),(171,'Garamond Premier Pro','Garamond Premier Pro Semibold Italic Caption','Semibold Italic Caption',7,1),(172,'Garamond Premier Pro','Garamond Premier Pro Semibold Italic','Semibold Italic',7,1),(173,'Garamond Premier Pro','Garamond Premier Pro Semibold Italic Subhead','Semibold Italic Subhead',7,1),(174,'Garamond Premier Pro','Garamond Premier Pro Semibold Italic Display','Semibold Italic Display',7,1),(175,'Garamond Premier Pro','Garamond Premier Pro Bold Caption','Bold Caption',7,1),(176,'Garamond Premier Pro','Garamond Premier Pro Bold','Bold',7,1),(177,'Garamond Premier Pro','Garamond Premier Pro Bold Subhead','Bold Subhead',7,1),(178,'Garamond Premier Pro','Garamond Premier Pro Bold Display','Bold Display',7,1),(179,'Garamond Premier Pro','Garamond Premier Pro Bold Italic Caption','Bold Italic Caption',7,1),(180,'Garamond Premier Pro','Garamond Premier Pro Bold Italic','Bold Italic',7,1),(181,'Garamond Premier Pro','Garamond Premier Pro Bold Italic Subhead','Bold Italic Subhead',7,1),(182,'Garamond Premier Pro','Garamond Premier Pro Bold Italic Display','Bold Italic Display',7,1),(183,'Adobe Garamond Pro','Adobe Garamond Pro','Regular',7,1),(184,'Adobe Garamond Pro','Adobe Garamond Pro Italic','Italic',7,1),(185,'Adobe Garamond Pro','Adobe Garamond Pro Semibold','Semibold',7,1),(186,'Adobe Garamond Pro','Adobe Garamond Pro Semibold Italic','Semibold Italic',7,1),(187,'Adobe Garamond Pro','Adobe Garamond Pro Bold','Bold',7,1),(188,'Adobe Garamond Pro','Adobe Garamond Pro Bold Italic','Bold Italic',7,1),(189,'Gautami','Gautami','Regular',7,1),(190,'Georgia','Georgia','Regular',7,1),(191,'Georgia','Georgia Italic','Italic',7,1),(192,'Georgia','Georgia Bold','Bold',7,1),(193,'Georgia','Georgia Bold Italic','Bold Italic',7,1),(194,'Giddyup Std','Giddyup Std','Regular',7,1),(195,'Gill Sans','Gill Sans Regular','Regular',7,1),(196,'Gill Sans','Gill Sans Italic','Italic',7,1),(197,'Gill Sans','Gill Sans Bold','Bold',7,1),(198,'Gill Sans ','Gill Sans Bold Italic','Bold Italic',7,1),(199,'Gill Sans Light','Gill Sans Light Regular','Regular',7,1),(200,'Gill Sans Light','Gill Sans Light Italic','Italic',7,1),(201,'Gotham','Gotham Light','Light',7,1),(202,'Gotham','Gotham Light Italic','Light Italic',7,1),(203,'Gotham','Gotham Book','Book',7,1),(204,'Gotham','Gotham Book Italic','Book Italic',7,1),(205,'Gotham','Gotham Medium','Medium',7,1),(206,'Gotham','Gotham Medium Italic','Medium Italic',7,1),(207,'Gotham','Gotham Bold','Bold',7,1),(208,'Gotham','Gotham Bold Italic','Bold Italic',7,1),(209,'Gotham','Gotham Black','Black',7,1),(210,'Gotham','Gotham Black Italic','Black Italic',7,1),(211,'Gotham','Gotham Ultra','Ultra',7,1),(212,'Gotham','Gotham Ultra Italic','Ultra Italic',7,1),(213,'Gotham Condensed','Gotham Condensed Book','Book',7,1),(214,'Gotham Narrow','Gotham Narrow Light','Light',7,1),(215,'Gotham Narrow','Gotham Narrow Light Italic','Light Italic',7,1),(216,'Gotham Narrow','Gotham Narrow Book','Book',7,1),(217,'Gotham Narrow','Gotham Narrow Book Italic','Book Italic',7,1),(218,'Gotham Narrow','Gotham Narrow Medium','Medium',7,1),(219,'Gotham Narrow','Gotham Narrow Medium Italic','Medium Italic',7,1),(220,'Gotham Narrow','Gotham Narrow Bold','Bold',7,1),(221,'Gotham Narrow','Gotham Narrow Bold Italic','Bold Italic',7,1),(222,'Gotham XNarrow','Gotham XNarrow Book','Book',7,1),(223,'Gotham XNarrow','Gotham XNarrow Book Italic','Book Italic',7,1),(224,'Gotham XNarrow','Gotham XNarrow Bold','Bold',7,1),(225,'Gotham XNarrow','Gotham XNarrow Bold Italic','Bold Italic',7,1),(226,'GrHelveticaBold','GrHelveticaBold','Regular',7,1),(227,'Helvetica','Helvetica','Regular',7,1),(228,'Helvetica','Helvetica Oblique','Oblique',7,1),(229,'Helvetica','Helvetica Bold','Bold',7,1),(230,'Helvetica','Helvetica Bold Oblique','Bold Oblique',7,1),(231,'Helvetica Condensed','Helvetica Condensed Medium','Medium',7,1),(232,'Helvetica Condensed','Helvetica Condensed Bold','Bold',7,1),(233,'Helvetica Neue (T1)','Helvetica 67 Medium Condensed','67 Medium Condensed',7,1),(234,'Helvetica Neue (T1)','Helvetica 77 Bold Condensed','77 Bold Condensed',7,1),(235,'Helvetica Neue (OTF)','Helvetica Neue 35 Thin','35 Thin',7,1),(236,'Helvetica Neue (T1)','Helvetica 65 Medium','65 Medium',7,1),(237,'Helvetica Neue (TT)','Helvetica Neue','Regular',7,1),(238,'Helvetica Neue (OTF)','Helvetica 66 Medium Italic','66 Medium Italic',7,1),(239,'Helvetica Neue (OTF)','Helvetica Neue 95 Black','95 Black',7,1),(240,'Helvetica Neue (TT)','Helvetica Neue Italic','Italic',7,1),(241,'Helvetica Neue (TT)','Helvetica Neue Bold','Bold',7,1),(242,'Helvetica Neue (TT)','Helvetica Neue Bold Italic','Bold Italic',7,1),(243,'Helvetica Neue Condensed','Helvetica Neue Condensed Bold','Bold',7,1),(244,'Helvetica Neue Condensed Black','Helvetica Neue Condensed Black','Regular',7,1),(245,'Helvetica Neue Light','Helvetica Neue Light','Regular',7,1),(246,'Helvetica Neue Light','Helvetica Neue Light Italic','Italic',7,1),(247,'Helvetica Neue LT','Helvetica LT 75 Bold','Regular',7,1),(248,'Helvetica Neue LT Com','Helvetica Neue LT Com 75 Bold','75 Bold',7,1),(249,'Helvetica Neue LT Com','Helvetica Neue LT Com 85 Heavy','85 Heavy',7,1),(250,'Helvetica Neue LT Pro','Helvetica Neue LT Pro 33 Thin Extended','33 Thin Extended',7,1),(251,'Helvetica Neue LT Pro','Helvetica Neue LT Pro 35 Thin','35 Thin',7,1),(252,'Helvetica Neue LT Pro','Helvetica Neue LT Pro 37 Thin Condensed','37 Thin Condensed',7,1),(253,'Helvetica Neue LT Pro','Helvetica Neue LT Pro 33 Thin Extended Oblique','33 Thin Extended Oblique',7,1),(254,'Helvetica Neue LT Pro','Helvetica Neue LT Pro 36 Thin Italic','36 Thin Italic',7,1),(255,'Helvetica Neue LT Pro','Helvetica Neue LT Pro 37 Thin Condensed Oblique','37 Thin Condensed Oblique',7,1),(256,'Helvetica Neue LT Pro','Helvetica Neue LT Pro 23 Ultra Light Extended','23 Ultra Light Extended',7,1),(257,'Helvetica Neue LT Pro','Helvetica Neue LT Pro 25 Ultra Light','25 Ultra Light',7,1),(258,'Helvetica Neue LT Pro','Helvetica Neue LT Pro 27 Ultra Light Condensed','27 Ultra Light Condensed',7,1),(259,'Helvetica Neue LT Pro','Helvetica Neue LT Pro 23 Ultra Light Extended Oblique','23 Ultra Light Extended Oblique',7,1),(260,'Helvetica Neue LT Pro','Helvetica Neue LT Pro 26 Ultra Light Italic','26 Ultra Light Italic',7,1),(261,'Helvetica Neue LT Pro','Helvetica Neue LT Pro 27 Ultra Light Condensed Oblique','27 Ultra Light Condensed Oblique',7,1),(262,'Helvetica Neue LT Pro','Helvetica Neue LT Pro 43 Light Extended','43 Light Extended',7,1),(263,'Helvetica Neue LT Pro','Helvetica Neue LT Pro 45 Light','45 Light',7,1),(264,'Helvetica Neue LT Pro','Helvetica Neue LT Pro 47 Light Condensed','47 Light Condensed',7,1),(265,'Helvetica Neue LT Pro','Helvetica Neue LT Pro 43 Light Extended Oblique','43 Light Extended Oblique',7,1),(266,'Helvetica Neue LT Pro','Helvetica Neue LT Pro 46 Light Italic','46 Light Italic',7,1),(267,'Helvetica Neue LT Pro','Helvetica Neue LT Pro 47 Light Condensed Oblique','47 Light Condensed Oblique',7,1),(268,'Helvetica Neue LT Pro','Helvetica Neue LT Pro 53 Extended','53 Extended',7,1),(269,'Helvetica Neue LT Pro','Helvetica Neue LT Pro 55 Roman','55 Roman',7,1),(270,'Helvetica Neue LT Pro','Helvetica Neue LT Pro 57 Condensed','57 Condensed',7,1),(271,'Helvetica Neue LT Pro','Helvetica Neue LT Pro 53 Extended Oblique','53 Extended Oblique',7,1),(272,'Helvetica Neue LT Pro','Helvetica Neue LT Pro 56 Italic','56 Italic',7,1),(273,'Helvetica Neue LT Pro','Helvetica Neue LT Pro 57 Condensed Oblique','57 Condensed Oblique',7,1),(274,'Helvetica Neue LT Pro','Helvetica Neue LT Pro 63 Medium Extended','63 Medium Extended',7,1),(275,'Helvetica Neue LT Pro','Helvetica Neue LT Pro 65 Medium','65 Medium',7,1),(276,'Helvetica Neue LT Pro','Helvetica Neue LT Pro 67 Medium Condensed','67 Medium Condensed',7,1),(277,'Helvetica Neue LT Pro','Helvetica Neue LT Pro 63 Medium Extended Oblique','63 Medium Extended Oblique',7,1),(278,'Helvetica Neue LT Pro','Helvetica Neue LT Pro 66 Medium Italic','66 Medium Italic',7,1),(279,'Helvetica Neue LT Pro','Helvetica Neue LT Pro 67 Medium Condensed Oblique','67 Medium Condensed Oblique',7,1),(280,'Helvetica Neue LT Pro','Helvetica Neue LT Pro 73 Bold Extended','73 Bold Extended',7,1),(281,'Helvetica Neue LT Pro','Helvetica Neue LT Pro 75 Bold','75 Bold',7,1),(282,'Helvetica Neue LT Pro','Helvetica Neue LT Pro 75 Bold Outline','75 Bold Outline',7,1),(283,'Helvetica Neue LT Pro','Helvetica Neue LT Pro 77 Bold Condensed','77 Bold Condensed',7,1),(284,'Helvetica Neue LT Pro','Helvetica Neue LT Pro 73 Bold Extended Oblique','73 Bold Extended Oblique',7,1),(285,'Helvetica Neue LT Pro','Helvetica Neue LT Pro 76 Bold Italic','76 Bold Italic',7,1),(286,'Helvetica Neue LT Pro','Helvetica Neue LT Pro 77 Bold Condensed Oblique','77 Bold Condensed Oblique',7,1),(287,'Helvetica Neue LT Pro','Helvetica Neue LT Pro 83 Heavy Extended','83 Heavy Extended',7,1),(288,'Helvetica Neue LT Pro','Helvetica Neue LT Pro 85 Heavy','85 Heavy',7,1),(289,'Helvetica Neue LT Pro','Helvetica Neue LT Pro 87 Heavy Condensed','87 Heavy Condensed',7,1),(290,'Helvetica Neue LT Pro','Helvetica Neue LT Pro 83 Heavy Extended Oblique','83 Heavy Extended Oblique',7,1),(291,'Helvetica Neue LT Pro','Helvetica Neue LT Pro 86 Heavy Italic','86 Heavy Italic',7,1),(292,'Helvetica Neue LT Pro','Helvetica Neue LT Pro 87 Heavy Condensed Oblique','87 Heavy Condensed Oblique',7,1),(293,'Helvetica Neue LT Pro','Helvetica Neue LT Pro 93 Black Extended','93 Black Extended',7,1),(294,'Helvetica Neue LT Pro','Helvetica Neue LT Pro 95 Black','95 Black',7,1),(295,'Helvetica Neue LT Pro','Helvetica Neue LT Pro 97 Black Condensed','97 Black Condensed',7,1),(296,'Helvetica Neue LT Pro','Helvetica Neue LT Pro 93 Black Extended Oblique','93 Black Extended Oblique',7,1),(297,'Helvetica Neue LT Pro','Helvetica Neue LT Pro 96 Black Italic','96 Black Italic',7,1),(298,'Helvetica Neue LT Pro','Helvetica Neue LT Pro 97 Black Condensed Oblique','97 Black Condensed Oblique',7,1),(299,'Helvetica Neue LT Pro','Helvetica Neue LT Pro 107 Extra Black Condensed','107 Extra Black Condensed',7,1),(300,'Helvetica Neue LT Pro','Helvetica Neue LT Pro 107 Extra Black Condensed Oblique','107 Extra Black Condensed Oblique',7,1),(301,'Helvetica Neue LT Std','Helvetica Neue LT Std 37 Thin Condensed','37 Thin Condensed',7,1),(302,'Helvetica Neue LT Std','Helvetica Neue LT Std 37 Thin Condensed Oblique','37 Thin Condensed Oblique',7,1),(303,'Helvetica Neue LT Std','Helvetica Neue LT Std 27 Ultra Light Condensed','27 Ultra Light Condensed',7,1),(304,'Helvetica Neue LT Std','Helvetica Neue LT Std 27 Ultra Light Condensed Oblique','27 Ultra Light Condensed Oblique',7,1),(305,'Helvetica Neue LT Std','Helvetica Neue LT Std 47 Light Condensed','47 Light Condensed',7,1),(306,'Helvetica Neue LT Std','Helvetica Neue LT Std 47 Light Condensed Oblique','47 Light Condensed Oblique',7,1),(307,'Helvetica Neue LT Std','Helvetica Neue LT Std 57 Condensed','57 Condensed',7,1),(308,'Helvetica Neue LT Std','Helvetica Neue LT Std 57 Condensed Oblique','57 Condensed Oblique',7,1),(309,'Helvetica Neue LT Std','Helvetica Neue LT Std 67 Medium Condensed','67 Medium Condensed',7,1),(310,'Helvetica Neue LT Std','Helvetica Neue LT Std 67 Medium Condensed Oblique','67 Medium Condensed Oblique',7,1),(311,'Helvetica Neue LT Std','Helvetica Neue LT Std 77 Bold Condensed','77 Bold Condensed',7,1),(312,'Helvetica Neue LT Std','Helvetica Neue LT Std 77 Bold Condensed Oblique','77 Bold Condensed Oblique',7,1),(313,'Helvetica Neue LT Std','Helvetica Neue LT Std 87 Heavy Condensed','87 Heavy Condensed',7,1),(314,'Helvetica Neue LT Std','Helvetica Neue LT Std 87 Heavy Condensed Oblique','87 Heavy Condensed Oblique',7,1),(315,'Helvetica Neue LT Std','Helvetica Neue LT Std 97 Black Condensed','97 Black Condensed',7,1),(316,'Helvetica Neue LT Std','Helvetica Neue LT Std 97 Black Condensed Oblique','97 Black Condensed Oblique',7,1),(317,'Helvetica Neue LT Std','Helvetica Neue LT Std 107 Extra Black Condensed','107 Extra Black Condensed',7,1),(318,'Helvetica Neue LT Std','Helvetica Neue LT Std 107 Extra Black Condensed Oblique','107 Extra Black Condensed Oblique',7,1),(319,'Helvetica Neue LT Std','Helvetica Neue LT Std 35 Thin','35 Thin',7,1),(320,'Helvetica Neue LT Std','Helvetica Neue LT Std 36 Thin Italic','36 Thin Italic',7,1),(321,'Helvetica Neue LT Std','Helvetica Neue LT Std 25 Ultra Light','25 Ultra Light',7,1),(322,'Helvetica Neue LT Std','Helvetica Neue LT Std 26 Ultra Light Italic','26 Ultra Light Italic',7,1),(323,'Helvetica Neue LT Std','Helvetica Neue LT Std 45 Light','45 Light',7,1),(324,'Helvetica Neue LT Std','Helvetica Neue LT Std 46 Light Italic','46 Light Italic',7,1),(325,'Helvetica Neue LT Std','Helvetica Neue LT Std 55 Roman','55 Roman',7,1),(326,'Helvetica Neue LT Std','Helvetica Neue LT Std 56 Italic','56 Italic',7,1),(327,'Helvetica Neue LT Std','Helvetica Neue LT Std 65 Medium','65 Medium',7,1),(328,'Helvetica Neue LT Std','Helvetica Neue LT Std 66 Medium Italic','66 Medium Italic',7,1),(329,'Helvetica Neue LT Std','Helvetica Neue LT Std 75 Bold','75 Bold',7,1),(330,'Helvetica Neue LT Std','Helvetica Neue LT Std 75 Bold Outline','75 Bold Outline',7,1),(331,'Helvetica Neue LT Std','Helvetica Neue LT Std 76 Bold Italic','76 Bold Italic',7,1),(332,'Helvetica Neue LT Std','Helvetica Neue LT Std 85 Heavy','85 Heavy',7,1),(333,'Helvetica Neue LT Std','Helvetica Neue LT Std 86 Heavy Italic','86 Heavy Italic',7,1),(334,'Helvetica Neue LT Std','Helvetica Neue LT Std 95 Black','95 Black',7,1),(335,'Helvetica Neue LT Std','Helvetica Neue LT Std 96 Black Italic','96 Black Italic',7,1),(336,'Helvetica Neue LT Std','Helvetica Neue LT Std 33 Thin Extended','33 Thin Extended',7,1),(337,'Helvetica Neue LT Std','Helvetica Neue LT Std 33 Thin Extended Oblique','33 Thin Extended Oblique',7,1),(338,'Helvetica Neue LT Std','Helvetica Neue LT Std 23 Ultra Light Extended','23 Ultra Light Extended',7,1),(339,'Helvetica Neue LT Std','Helvetica Neue LT Std 23 Ultra Light Extended Oblique','23 Ultra Light Extended Oblique',7,1),(340,'Helvetica Neue LT Std','Helvetica Neue LT Std 43 Light Extended','43 Light Extended',7,1),(341,'Helvetica Neue LT Std','Helvetica Neue LT Std 43 Light Extended Oblique','43 Light Extended Oblique',7,1),(342,'Helvetica Neue LT Std','Helvetica Neue LT Std 53 Extended','53 Extended',7,1),(343,'Helvetica Neue LT Std','Helvetica Neue LT Std 53 Extended Oblique','53 Extended Oblique',7,1),(344,'Helvetica Neue LT Std','Helvetica Neue LT Std 63 Medium Extended','63 Medium Extended',7,1),(345,'Helvetica Neue LT Std','Helvetica Neue LT Std 63 Medium Extended Oblique','63 Medium Extended Oblique',7,1),(346,'Helvetica Neue LT Std','Helvetica Neue LT Std 73 Bold Extended','73 Bold Extended',7,1),(347,'Helvetica Neue LT Std','Helvetica Neue LT Std 73 Bold Extended Oblique','73 Bold Extended Oblique',7,1),(348,'Helvetica Neue LT Std','Helvetica Neue LT Std 83 Heavy Extended','83 Heavy Extended',7,1),(349,'Helvetica Neue LT Std','Helvetica Neue LT Std 83 Heavy Extended Oblique','83 Heavy Extended Oblique',7,1),(350,'Helvetica Neue LT Std','Helvetica Neue LT Std 93 Black Extended','93 Black Extended',7,1),(351,'Helvetica Neue LT Std','Helvetica Neue LT Std 93 Black Extended Oblique','93 Black Extended Oblique',7,1),(352,'Helvetica Neue LT W1G','Helvetica Neue LT W1G 65 Medium','65 Medium',7,1),(353,'Helvetica Neue LT W1G','Helvetica Neue LT W1G 75 Bold','75 Bold',7,1),(354,'Helvetica Neue (OTF)','Helvetica Neue UltraLight','Regular',7,1),(355,'Helvetica Neue UltraLight','Helvetica Neue UltraLight Italic','Italic',7,1),(356,'Helvetica-Normal','Helvetica-Normal','Regular',7,1),(357,'HelveticaNeue LT 55 Roman','Helvetica LT 55 Roman','Regular',7,1),(358,'HelveticaNeue LT 67 MdCn','Helvetica LT 67 Medium Condensed','Regular',7,1),(359,'High Tower Text','High Tower Text','Regular',7,1),(360,'Hobo Std','Hobo Std Medium','Medium',7,1),(361,'Impact','Impact','Regular',7,1),(362,'Latha','Latha','Regular',7,1),(363,'Letter Gothic Std','Letter Gothic Std Medium','Medium',7,1),(364,'Letter Gothic Std','Letter Gothic Std Slanted','Slanted',7,1),(365,'Letter Gothic Std','Letter Gothic Std Bold','Bold',7,1),(366,'Letter Gothic Std','Letter Gothic Std Bold Slanted','Bold Slanted',7,1),(367,'Lithos Pro','Lithos Pro','Regular',7,1),(368,'Lithos Pro','Lithos Pro Black','Black',7,1),(369,'Lucida Console','Lucida Console','Regular',7,1),(370,'Lucida Sans Unicode','Lucida Sans Unicode','Regular',7,1),(371,'Macmillan Headline','Macmillan Headline','Regular',7,1),(372,'Mangal','Mangal','Regular',7,1),(373,'Marlett','Marlett','Regular',7,1),(374,'Mesquite Std','Mesquite Std Medium','Medium',7,1),(375,'MetaPlusBlack-','MetaPlusBlack-Roman','Roman',7,1),(376,'MetaPlusBold-Roman','MetaPlusBold-Roman','Bold',7,1),(377,'MetaPlusBook-Roman','MetaPlusBook-Roman','Regular',7,1),(378,'MetaPlusNormal-','MetaPlusNormal-Roman','Roman',7,1),(379,'Microsoft Sans Serif','Microsoft Sans Serif','Regular',7,1),(380,'Minion Pro','Minion Pro Bold Cond','Bold Cond',7,1),(381,'Minion Pro','Minion Pro Bold Cond Italic','Bold Cond Italic',7,1),(382,'Minion Pro','Minion Pro','Regular',7,1),(383,'Minion Pro','Minion Pro Italic','Italic',7,1),(384,'Minion Pro','Minion Pro Medium','Medium',7,1),(385,'Minion Pro','Minion Pro Medium Italic','Medium Italic',7,1),(386,'Minion Pro','Minion Pro Semibold','Semibold',7,1),(387,'Minion Pro','Minion Pro Semibold Italic','Semibold Italic',7,1),(388,'Minion Pro','Minion Pro Bold','Bold',7,1),(389,'Minion Pro','Minion Pro Bold Italic','Bold Italic',7,1),(390,'Museo Sans','Museo Sans 300','',7,1),(391,'Museo Sans','Museo Sans 500','',7,1),(392,'Museo Sans','Museo Sans 700','',7,1),(393,'MV Boli','MV Boli','Regular',7,1),(394,'Myriad Pro','Myriad Pro Condensed','Condensed',7,1),(395,'Myriad Pro','Myriad Pro Condensed Italic','Condensed Italic',7,1),(396,'Myriad Pro','Myriad Pro Bold Condensed','Bold Condensed',7,1),(397,'Myriad Pro','Myriad Pro Bold Condensed Italic','Bold Condensed Italic',7,1),(398,'Myriad Pro','Myriad Pro Black Condensed','Black Condensed',7,1),(399,'Myriad Pro','Myriad Pro Light','Light',7,1),(400,'Myriad Pro','Myriad Pro Light Italic','Light Italic',7,1),(401,'Myriad Pro','Myriad Pro','Regular',7,1),(402,'Myriad Pro','Myriad Pro Italic','Italic',7,1),(403,'Myriad Pro','Myriad Pro Semibold','Semibold',7,1),(404,'Myriad Pro','Myriad Pro Semibold Italic','Semibold Italic',7,1),(405,'Myriad Pro','Myriad Pro Bold','Bold',7,1),(406,'Myriad Pro','Myriad Pro Bold Italic','Bold Italic',7,1),(407,'News Gothic','News Gothic','Medium',7,1),(408,'News Gothic','News Gothic Oblique','Oblique',7,1),(409,'News Gothic','News Gothic Bold','Bold',7,1),(410,'News Gothic','News Gothic Bold Oblique','Bold Oblique',7,1),(411,'News Gothic BT','News Gothic BT Italic','Italic',7,1),(412,'News Gothic BT','News Gothic BT Bold Italic','Bold Italic',7,1),(413,'News Gothic MT','News Gothic MT','Regular',7,1),(414,'News Gothic MT','News Gothic MT Italic','Italic',7,1),(415,'News Gothic MT','News Gothic MT Bold','Bold',7,1),(416,'NewsGoth BT','News Gothic BT','Roman',7,1),(417,'NewsGoth BT','News Gothic Bold BT','Bold',7,1),(418,'NewsGothicSB-BolCon','News Gothic Bold Condensed','Bold Condensed',7,1),(419,'NewsGotTBol','News Gothic T Bold','Gothic T Bold',7,1),(420,'NewsGotTLig','News Gothic T Light','Gothic T Light',7,1),(421,'Nueva Std','Nueva Std Condensed','Condensed',7,1),(422,'Nueva Std','Nueva Std Condensed Italic','Condensed Italic',7,1),(423,'Nueva Std','Nueva Std Bold Condensed','Bold Condensed',7,1),(424,'Nueva Std','Nueva Std Bold Condensed Italic','Bold Condensed Italic',7,1),(425,'OCR A Std','OCR A Std','Regular',7,1),(426,'Omnes Black','Omnes-Black','Regular',7,1),(427,'Orator Std','Orator Std Medium','Medium',7,1),(428,'Orator Std','Orator Std Slanted','Slanted',7,1),(429,'Palatino Linotype','Palatino Linotype','Regular',7,1),(430,'Palatino Linotype','Palatino Linotype Italic','Italic',7,1),(431,'Palatino Linotype','Palatino Linotype Bold','Bold',7,1),(432,'Palatino Linotype','Palatino Linotype Bold Italic','Bold Italic',7,1),(433,'Poplar Std','Poplar Std Black','Black',7,1),(434,'Prestige Elite Std','Prestige Elite Std Bold','Bold',7,1),(435,'Quark Invisibles','Quark Invisibles','Regular',7,1),(436,'Raavi','Raavi','Regular',7,1),(437,'Rockwell','Rockwell','Regular',7,1),(438,'Rosewood Std','Rosewood Std','Regular',7,1),(439,'RotisSansSerif','RotisSansSerif','Regular',7,1),(440,'RotisSansSerif 46','RotisSansSerif Italic 46','Italic',7,1),(441,'RotisSansSerif 65','RotisSansSerif Bold 65','Bold',7,1),(442,'S Creativ6','SCreativ6','Regular',7,1),(443,'SCE PS2T2','SCE-PS2T2','Regular',7,1),(444,'SCE T32','SCET32','Regular',7,1),(445,'Shruti','Shruti','Regular',7,1),(446,'Stainless','Stainless Black','Black',7,1),(447,'Stencil Std','Stencil Std Bold','Bold',7,1),(448,'Sylfaen','Sylfaen','Regular',7,1),(449,'Symbol','Symbol','Regular',7,1),(450,'Tahoma','Tahoma','Regular',7,1),(451,'Tahoma','Tahoma Bold','Bold',7,1),(452,'Tekton Pro','Tekton Pro Bold Condensed','Bold Condensed',7,1),(453,'Tekton Pro','Tekton Pro Bold','Bold',7,1),(454,'Tekton Pro','Tekton Pro Bold Oblique','Bold Oblique',7,1),(455,'Tekton Pro','Tekton Pro Bold Extended','Bold Extended',7,1),(456,'Times','Times Roman','Roman',7,1),(457,'Times New Roman','Times New Roman','Regular',7,1),(458,'Times New Roman','Times New Roman Italic','Italic',7,1),(459,'Times New Roman','Times New Roman Bold','Bold',7,1),(460,'Times New Roman','Times New Roman Bold Italic','Bold Italic',7,1),(461,'Trade Gothic LT Std','Trade Gothic LT Std Bold','Bold',7,1),(462,'Trajan','Trajan Bold','Bold',7,1),(463,'Trajan Pro','Trajan Pro','Regular',7,1),(464,'Trajan Pro','Trajan Pro Bold','Bold',7,1),(465,'Trebuchet MS','Trebuchet MS','Regular',7,1),(466,'Trebuchet MS','Trebuchet MS Italic','Italic',7,1),(467,'Trebuchet MS','Trebuchet MS Bold','Bold',7,1),(468,'Trebuchet MS','Trebuchet MS Bold Italic','Bold Italic',7,1),(469,'Tunga','Tunga','Regular',7,1),(470,'TVNordEF-BoldCon','TVNordEF-BoldCon','Regular',7,1),(471,'Typist','Typist','Regular',7,1),(472,'TypistBold','TypistBold','Regular',7,1),(473,'Univers LT Std','Univers LT Std 39 Thin Ultra Condensed','39 Thin Ultra Condensed',7,1),(474,'Univers LT Std','Univers LT Std 49 Light Ultra Condensed','49 Light Ultra Condensed',7,1),(475,'Univers LT Std','Univers LT Std 59 Ultra Condensed','59 Ultra Condensed',7,1),(476,'Univers LT Std','Univers LT Std 47 Light Condensed','47 Light Condensed',7,1),(477,'Univers LT Std','Univers LT Std 47 Light Condensed Oblique','47 Light Condensed Oblique',7,1),(478,'Univers LT Std','Univers LT Std 57 Condensed','57 Condensed',7,1),(479,'Univers LT Std','Univers LT Std 57 Condensed Oblique','57 Condensed Oblique',7,1),(480,'Univers LT Std','Univers LT Std 67 Bold Condensed','67 Bold Condensed',7,1),(481,'Univers LT Std','Univers LT Std 67 Bold Condensed Oblique','67 Bold Condensed Oblique',7,1),(482,'Univers LT Std','Univers LT Std 45 Light','45 Light',7,1),(483,'Univers LT Std','Univers LT Std 45 Light Oblique','45 Light Oblique',7,1),(484,'Univers LT Std','Univers LT Std 55 Roman','55 Roman',7,1),(485,'Univers LT Std','Univers LT Std 55 Oblique','55 Oblique',7,1),(486,'Univers LT Std','Univers LT Std 65 Bold','65 Bold',7,1),(487,'Univers LT Std','Univers LT Std 65 Bold Oblique','65 Bold Oblique',7,1),(488,'Univers LT Std','Univers LT Std 75 Black','75 Black',7,1),(489,'Univers LT Std','Univers LT Std 75 Black Oblique','75 Black Oblique',7,1),(490,'Univers LT Std','Univers LT Std 85 Extra Black','85 Extra Black',7,1),(491,'Univers LT Std','Univers LT Std 85 Extra Black Oblique','85 Extra Black Oblique',7,1),(492,'Univers LT Std','Univers LT Std 53 Extended','53 Extended',7,1),(493,'Univers LT Std','Univers LT Std 53 Extended Oblique','53 Extended Oblique',7,1),(494,'Univers LT Std','Univers LT Std 63 Bold Extended','63 Bold Extended',7,1),(495,'Univers LT Std','Univers LT Std 63 Bold Extended Oblique','63 Bold Extended Oblique',7,1),(496,'Univers LT Std','Univers LT Std 73 Black Extended','73 Black Extended',7,1),(497,'Univers LT Std','Univers LT Std 73 Black Extended Oblique','73 Black Extended Oblique',7,1),(498,'Univers LT Std','Univers LT Std 93 Extra Black Extended','93 Extra Black Extended',7,1),(499,'Univers LT Std','Univers LT Std 93 Extra Black Extended Oblique','93 Extra Black Extended Oblique',7,1),(500,'Verdana','Verdana','Regular',7,1),(501,'Verdana','Verdana Italic','Italic',7,1),(502,'Verdana','Verdana Bold','Bold',7,1),(503,'Verdana','Verdana Bold Italic','Bold Italic',7,1),(504,'Webdings','Webdings','Regular',7,1),(505,'Weltron Urban','Weltron Urban','Regular',7,1),(506,'Wingdings','Wingdings','Regular',7,1),(507,'WinSoft Pro','WinSoft Pro Medium','Medium',7,1),(508,'Wooly','WoolyBully','Bully',7,1),(509,'ITC Zapf Dingbats','ITC Zapf Dingbats','Regular',7,1),(510,'Kozuka Gothic Pr6N',' Pr6N EL','EL',7,1),(511,'Kozuka Gothic Pr6N',' Pr6N L','L',7,1),(512,'Kozuka Gothic Pr6N',' Pr6N R','R',7,1),(513,'Kozuka Gothic Pr6N',' Pr6N M','M',7,1),(514,'Kozuka Gothic Pr6N',' Pr6N B','B',7,1),(515,'Kozuka Gothic Pr6N',' Pr6N H','H',7,1),(516,'Kozuka Gothic Pro',' Pro EL','EL',7,1),(517,'Kozuka Gothic Pro',' Pro L','L',7,1),(518,'Kozuka Gothic Pro',' Pro R','R',7,1),(519,'Kozuka Gothic Pro',' Pro M','M',7,1),(520,'Kozuka Gothic Pro',' Pro B','B',7,1),(521,'Kozuka Gothic Pro',' Pro H','H',7,1),(522,'Kozuka Mincho Pr6N',' Pr6N EL','EL',7,1),(523,'Kozuka Mincho Pr6N',' Pr6N L','L',7,1),(524,'Kozuka Mincho Pr6N',' Pr6N R','R',7,1),(525,'Kozuka Mincho Pr6N',' Pr6N M','M',7,1),(526,'Kozuka Mincho Pr6N',' Pr6N B','B',7,1),(527,'Kozuka Mincho Pr6N',' Pr6N H','H',7,1),(528,'Kozuka Mincho Pro',' Pro EL','EL',7,1),(529,'Kozuka Mincho Pro',' Pro L','L',7,1),(530,'Kozuka Mincho Pro',' Pro R','R',7,1),(531,'Kozuka Mincho Pro',' Pro M','M',7,1),(532,'Kozuka Mincho Pro',' Pro B','B',7,1),(533,'Kozuka Mincho Pro',' Pro H','H',7,1),(534,'MS Gothic',' ','',7,1),(535,'MS Mincho',' ','',7,1),(536,'MS PGothic',' ','',7,1),(537,'MS PMincho',' ','',7,1),(538,'MS UI Gothic','MS UI Gothic ','',7,1),(539,'Adobe Fan Heiti Std','Adobe  Std B','B',7,1),(540,'Adobe Ming Std','Adobe  Std L','L',7,1),(541,'MingLiU','','Regular',7,1),(542,'PMingLiU','','Regular',7,1),(543,'Adobe Fangsong Std','Adobe  Std R','R',7,1),(544,'Adobe Heiti Std','Adobe  Std R','R',7,1),(545,'Adobe Kaiti Std','Adobe  Std R','R',7,1),(546,'NSimSun','','Regular',7,1),(547,'SimHei','','Regular',7,1),(548,'SimSun','','Regular',7,1),(549,'Adobe Song Std','Adobe  Std L','L',7,1),(550,'Arial Unicode MS','Arial Unicode MS Regular','Regular',7,1),(551,'Batang','','Regular',7,1),(552,'BatangChe',' Medium','Medium',7,1),(553,'Dotum','','Regular',7,1),(554,'DotumChe',' Regular','Regular',7,1),(555,'Adobe Gothic Std','Adobe  Std B','B',7,1),(556,'Gulim','','Regular',7,1),(557,'GulimChe',' Regular','Regular',7,1),(558,'Gungsuh','','Regular',7,1),(559,'GungsuhChe',' Regular','Regular',7,1),(560,'Adobe Myungjo Std','Adobe  Std M','M',7,1),(561,'Andalus','Andalus Regular','Regular',7,1),(562,'Adobe Arabic','Adobe Arabic Regular','Regular',7,1),(563,'Adobe Arabic','Adobe Arabic Italic','Italic',7,1),(564,'Adobe Arabic','Adobe Arabic Bold','Bold',7,1),(565,'Adobe Arabic','Adobe Arabic Bold Italic','Bold Italic',7,1),(566,'Arabic Transparent','Arabic Transparent Regular','Regular',7,1),(567,'Arabic Transparent','Arabic Transparent Bold','Bold',7,1),(568,'Simplified Arabic','Simplified Arabic Regular','Regular',7,1),(569,'Simplified Arabic','Simplified Arabic Bold','Bold',7,1),(570,'Simplified Arabic Fixed','Simplified Arabic Fixed Regular','Regular',7,1),(571,'Traditional Arabic','Traditional Arabic Regular','Regular',7,1),(572,'Traditional Arabic','Traditional Arabic Bold','Bold',7,1),(573,'Aharoni','Aharoni Bold','Bold',7,1),(574,'David','David Regular','Regular',7,1),(575,'David','David Bold','Bold',7,1),(576,'David Transparent','David Transparent Regular','Regular',7,1),(577,'Fixed Miriam Transparent','Fixed Miriam Transparent Regular','Regular',7,1),(578,'FrankRuehl','FrankRuehl Regular','Regular',7,1),(579,'Adobe Hebrew','Adobe Hebrew Regular','Regular',7,1),(580,'Adobe Hebrew','Adobe Hebrew Italic','Italic',7,1),(581,'Adobe Hebrew','Adobe Hebrew Bold','Bold',7,1),(582,'Adobe Hebrew','Adobe Hebrew Bold Italic','Bold Italic',7,1),(583,'Levenim MT','Levenim MT Regular','Regular',7,1),(584,'Levenim MT','Levenim MT Bold','Bold',7,1),(585,'Miriam','Miriam Regular','Regular',7,1),(586,'Miriam Fixed','Miriam Fixed Regular','Regular',7,1),(587,'Miriam Transparent','Miriam Transparent Regular','Regular',7,1),(588,'Narkisim','Narkisim Regular','Regular',7,1),(589,'Rod','Rod Regular','Regular',7,1),(590,'Rod Transparent','Rod Transparent Regular','Regular',7,1),(591,'Angsana New','Angsana New Regular','Regular',7,1),(592,'Angsana New','Angsana New Italic','Italic',7,1),(593,'Angsana New','Angsana New Bold','Bold',7,1),(594,'Angsana New','Angsana New Bold Italic','Bold Italic',7,1),(595,'AngsanaUPC','AngsanaUPC Regular','Regular',7,1),(596,'AngsanaUPC','AngsanaUPC Italic','Italic',7,1),(597,'AngsanaUPC','AngsanaUPC Bold','Bold',7,1),(598,'AngsanaUPC','AngsanaUPC Bold Italic','Bold Italic',7,1),(599,'Browallia New','Browallia New Regular','Regular',7,1),(600,'Browallia New','Browallia New Italic','Italic',7,1),(601,'Browallia New','Browallia New Bold','Bold',7,1),(602,'Browallia New','Browallia New Bold Italic','Bold Italic',7,1),(603,'BrowalliaUPC','BrowalliaUPC Regular','Regular',7,1),(604,'BrowalliaUPC','BrowalliaUPC Italic','Italic',7,1),(605,'BrowalliaUPC','BrowalliaUPC Bold','Bold',7,1),(606,'BrowalliaUPC','BrowalliaUPC Bold Italic','Bold Italic',7,1),(607,'Cordia New','Cordia New Regular','Regular',7,1),(608,'Cordia New','Cordia New Italic','Italic',7,1),(609,'Cordia New','Cordia New Bold','Bold',7,1),(610,'Cordia New','Cordia New Bold Italic','Bold Italic',7,1),(611,'CordiaUPC','CordiaUPC Regular','Regular',7,1),(612,'CordiaUPC','CordiaUPC Italic','Italic',7,1),(613,'CordiaUPC','CordiaUPC Bold','Bold',7,1),(614,'CordiaUPC','CordiaUPC Bold Italic','Bold Italic',7,1),(615,'DilleniaUPC','DilleniaUPC Regular','Regular',7,1),(616,'DilleniaUPC','DilleniaUPC Italic','Italic',7,1),(617,'DilleniaUPC','DilleniaUPC Bold','Bold',7,1),(618,'DilleniaUPC','DilleniaUPC Bold Italic','Bold Italic',7,1),(619,'EucrosiaUPC','EucrosiaUPC Regular','Regular',7,1),(620,'EucrosiaUPC','EucrosiaUPC Italic','Italic',7,1),(621,'EucrosiaUPC','EucrosiaUPC Bold','Bold',7,1),(622,'EucrosiaUPC','EucrosiaUPC Bold Italic','Bold Italic',7,1),(623,'FreesiaUPC','FreesiaUPC Regular','Regular',7,1),(624,'FreesiaUPC','FreesiaUPC Italic','Italic',7,1),(625,'FreesiaUPC','FreesiaUPC Bold','Bold',7,1),(626,'FreesiaUPC','FreesiaUPC Bold Italic','Bold Italic',7,1),(627,'IrisUPC','IrisUPC Regular','Regular',7,1),(628,'IrisUPC','IrisUPC Italic','Italic',7,1),(629,'IrisUPC','IrisUPC Bold','Bold',7,1),(630,'IrisUPC','IrisUPC Bold Italic','Bold Italic',7,1),(631,'JasmineUPC','JasmineUPC Regular','Regular',7,1),(632,'JasmineUPC','JasmineUPC Italic','Italic',7,1),(633,'JasmineUPC','JasmineUPC Bold','Bold',7,1),(634,'JasmineUPC','JasmineUPC Bold Italic','Bold Italic',7,1),(635,'KodchiangUPC','KodchiangUPC Regular','Regular',7,1),(636,'KodchiangUPC','KodchiangUPC Italic','Italic',7,1),(637,'KodchiangUPC','KodchiangUPC Bold','Bold',7,1),(638,'KodchiangUPC','KodchiangUPC Bold Italic','Bold Italic',7,1),(639,'LilyUPC','LilyUPC Regular','Regular',7,1),(640,'LilyUPC','LilyUPC Italic','Italic',7,1),(641,'LilyUPC','LilyUPC Bold','Bold',7,1),(642,'LilyUPC','LilyUPC Bold Italic','Bold Italic',7,1),(643,'Adobe Arabic','AdobeArabic-Regular','',1,1),(644,'Adobe Arabic','AdobeArabic-Bold','',1,1),(645,'Adobe Arabic','AdobeArabic-Italic','',1,1),(646,'Adobe Arabic','AdobeArabic-BoldItalic','',1,1),(647,'Adobe Caslon Pro','ACaslonPro-Regular','',1,1),(648,'Adobe Caslon Pro','ACaslonPro-Semibold','',1,1),(649,'Adobe Caslon Pro','ACaslonPro-Italic','',1,1),(650,'Adobe Caslon Pro','ACaslonPro-SemiboldItalic','',1,1),(651,'Adobe Caslon Pro Bold','ACaslonPro-Bold','',1,1),(652,'Adobe Caslon Pro Bold','ACaslonPro-BoldItalic','',1,1),(653,'Adobe Fan Heiti Std B','AdobeFanHeitiStd-Bold','',1,1),(654,'Adobe Fangsong Std R','AdobeFangsongStd-Regular','',1,1),(655,'Adobe Garamond Pro','AGaramondPro-Regular','',1,1),(656,'Adobe Garamond Pro','AGaramondPro-Semibold','',1,0),(657,'Adobe Garamond Pro','AGaramondPro-Italic','',1,1),(658,'Adobe Garamond Pro','AGaramondPro-SemiboldItalic','',1,0),(659,'Adobe Garamond Pro Bold','AGaramondPro-Bold','',1,1),(660,'Adobe Garamond Pro Bold','AGaramondPro-BoldItalic','',1,1),(661,'Adobe Gothic Std B','AdobeGothicStd-Bold','',1,1),(662,'Adobe Hebrew','AdobeHebrew-Regular','',1,1),(663,'Adobe Hebrew','AdobeHebrew-Bold','',1,1),(664,'Adobe Hebrew','AdobeHebrew-Italic','',1,1),(665,'Adobe Hebrew','AdobeHebrew-BoldItalic','',1,1),(666,'Adobe Heiti Std R','AdobeHeitiStd-Regular','',1,1),(667,'Adobe Kaiti Std R','AdobeKaitiStd-Regular','',1,1),(668,'Adobe Ming Std L','AdobeMingStd-Light','',1,1),(669,'Adobe Myungjo Std M','AdobeMyungjoStd-Medium','',1,1),(670,'Adobe Song Std L','AdobeSongStd-Light','',1,1),(671,'AGaramond-Regular','AGaramond-Regular','',1,0),(672,'AGaramond','AGaramond-Semibold','',1,0),(673,'AGaramond','AGaramond-Italic','',1,0),(674,'AGaramond','AGaramond-SemiboldItalic','',1,0),(675,'AGaramond Bold','AGaramond-Bold','',1,0),(676,'AGaramond Bold','AGaramond-BoldItalic','',1,0),(677,'AGaramond BoldOsF','AGaramond-BoldOsF','',1,0),(678,'AGaramond BoldOsF','AGaramond-BoldItalicOsF','',1,0),(679,'AGaramond RegularSC','AGaramond-RegularSC','',1,0),(680,'AGaramond RegularSC','AGaramond-SemiboldSC','',1,0),(681,'AGaramond RegularSC','AGaramond-ItalicOsF','',1,0),(682,'AGaramond RegularSC','AGaramond-SemiboldItalicOsF','',1,0),(683,'AGaramondAlt Italic','AGaramondAlt-Italic','',1,0),(684,'AGaramondExp','AGaramondExp-Regular','',1,0),(685,'AGaramondExp','AGaramondExp-Semibold','',1,0),(686,'AGaramondExp','AGaramondExp-Italic','',1,0),(687,'AGaramondExp','AGaramondExp-SemiboldItalic','',1,0),(688,'AGaramondExp Bold','AGaramondExp-Bold','',1,0),(689,'AGaramondExp Bold','AGaramondExp-BoldItalic','',1,0),(690,'AGaramondRegular','AGaramondRegular','',1,0),(691,'Aharoni','AharoniBold','',1,0),(692,'Andalus','Andalus','',1,0),(693,'Angsana New','AngsanaNew','',1,0),(694,'Angsana New','AngsanaNew-Bold','',1,0),(695,'Angsana New','AngsanaNew-Italic','',1,0),(696,'Angsana New','AngsanaNew-BoldItalic','',1,0),(697,'AngsanaUPC','AngsanaUPC','',1,0),(698,'AngsanaUPC','AngsanaUPC-Bold','',1,0),(699,'AngsanaUPC','AngsanaUPC-Italic','',1,0),(700,'AngsanaUPC','AngsanaUPC-BoldItalic','',1,0),(701,'Arabic Transparent','ArabicTransparent','',1,0),(702,'Arabic Transparent','ArabicTransparent-Bold','',1,0),(703,'Arial','ArialMT','',1,1),(704,'Arial','Arial-BoldMT','',1,1),(705,'Arial','Arial-ItalicMT','',1,1),(706,'Arial','Arial-BoldItalicMT','',1,1),(707,'Arial Black','Arial-Black','',1,1),(708,'Arial Unicode MS','ArialUnicodeMS','',1,1),(709,'Avant OTTO Bold','AvantOTTO-Bold','',1,0),(710,'Batang','Batang','',1,0),(711,'BatangChe','BatangChe','',1,0),(712,'Berthold Akzidenz Grotesk BE','AkzidenzGroteskBE-Md','',1,0),(713,'Berthold Akzidenz Grotesk BE','AkzidenzGroteskBE-Bold','',1,0),(714,'Berthold Akzidenz Grotesk BE Ex','AkzidenzGroteskBE-BoldExIt','',1,0),(715,'Berthold Akzidenz Grotesk BE Li','AkzidenzGroteskBE-Light','',1,0),(716,'Berthold Akzidenz Grotesk BE Su','AkzidenzGroteskBE-Super','',1,0),(717,'Birch Std','BirchStd','',1,1),(718,'Blackoak Std','BlackoakStd','',1,1),(719,'Browallia New','BrowalliaNew','',1,0),(720,'Browallia New','BrowalliaNew-Bold','',1,0),(721,'Browallia New','BrowalliaNew-Italic','',1,0),(722,'Browallia New','BrowalliaNew-BoldItalic','',1,0),(723,'BrowalliaUPC','BrowalliaUPC','',1,0),(724,'BrowalliaUPC','BrowalliaUPC-Bold','',1,0),(725,'BrowalliaUPC','BrowalliaUPC-Italic','',1,0),(726,'BrowalliaUPC','BrowalliaUPC-BoldItalic','',1,0),(727,'Brush Script Std','BrushScriptStd','',1,1),(728,'Cambria','Cambria','',1,0),(729,'Cambria','Cambria-Bold','',1,0),(730,'Cambria','Cambria-Italic','',1,0),(731,'Cambria','Cambria-BoldItalic','',1,0),(732,'Cambria Math','CambriaMath','',1,0),(733,'Chaparral Pro','ChaparralPro-Regular','',1,1),(734,'Chaparral Pro','ChaparralPro-Bold','',1,1),(735,'Chaparral Pro','ChaparralPro-Italic','',1,1),(736,'Chaparral Pro','ChaparralPro-BoldIt','',1,1),(737,'Charlemagne Std','CharlemagneStd-Bold','',1,1),(738,'Chevin-Bold','Chevin-Bold','',1,0),(739,'Chevin-BoldItalic','Chevin-BoldItalic','',1,0),(740,'Chevin-DemiBold','Chevin-DemiBold','',1,0),(741,'Chevin-DemiBoldItalic','Chevin-DemiBoldItalic','',1,0),(742,'Chevin-ExtraBold','Chevin-ExtraBold','',1,0),(743,'Chevin-ExtraBoldItalic','Chevin-ExtraBoldItalic','',1,0),(744,'Chevin-Light','Chevin-Light','',1,0),(745,'Chevin-LightItalic','Chevin-LightItalic','',1,0),(746,'Chevin-Medium','Chevin-Medium','',1,0),(747,'Chevin-MediumItalic','Chevin-MediumItalic','',1,0),(748,'Chevin-Thin','Chevin-Thin','',1,0),(749,'Chevin-ThinItalic','Chevin-ThinItalic','',1,0),(750,'Clearface Gothic LH 75','ClearfaceGothicLH-Bold','',1,0),(751,'Comic Sans MS','ComicSansMS','',1,1),(752,'Comic Sans MS','ComicSansMS-Bold','',1,1),(753,'Comics','ComicsRegular','',1,0),(754,'Cooper Std Black','CooperBlackStd','',1,1),(755,'Cooper Std Black','CooperBlackStd-Italic','',1,1),(756,'Cordia New','CordiaNew','',1,0),(757,'Cordia New','CordiaNew-Bold','',1,0),(758,'Cordia New','CordiaNew-Italic','',1,0),(759,'Cordia New','CordiaNew-BoldItalic','',1,0),(760,'CordiaUPC','CordiaUPC','',1,0),(761,'CordiaUPC','CordiaUPC-Bold','',1,0),(762,'CordiaUPC','CordiaUPC-Italic','',1,0),(763,'CordiaUPC','CordiaUPC-BoldItalic','',1,0),(764,'Courier New','CourierNewPSMT','',1,1),(765,'Courier New','CourierNewPS-BoldMT','',1,1),(766,'Courier New','CourierNewPS-ItalicMT','',1,1),(767,'Courier New','CourierNewPS-BoldItalicMT','',1,1),(768,'CrimeFighter BB','CrimeFighterBB','',1,0),(769,'CrimeFighter BB','CrimeFighterBBBold','',1,0),(770,'David','David-Reg','',1,0),(771,'David','David-Bold','',1,0),(772,'David Transparent','DavidTransparent','',1,0),(773,'DilleniaUPC','DilleniaUPC','',1,0),(774,'DilleniaUPC','DilleniaUPCBold','',1,0),(775,'DilleniaUPC','DilleniaUPCItalic','',1,0),(776,'DilleniaUPC','DilleniaUPCBoldItalic','',1,0),(777,'DIN-Regular','DIN-Regular','',1,1),(778,'DotMatrix-TwoRegular','DotMatrix-TwoRegular','',1,0),(779,'Dotum','Dotum','',1,0),(780,'DotumChe','DotumChe','',1,0),(781,'Electra LH','ElectraLH-Regular','',1,0),(782,'Electra LH Cursive','ElectraLH-Cursive','',1,0),(783,'Estrangelo Edessa','EstrangeloEdessa','',1,1),(784,'EucrosiaUPC','EucrosiaUPC','',1,0),(785,'EucrosiaUPC','EucrosiaUPCBold','',1,0),(786,'EucrosiaUPC','EucrosiaUPCItalic','',1,0),(787,'EucrosiaUPC','EucrosiaUPCBoldItalic','',1,0),(788,'Fixed Miriam Transparent','FixedMiriamTransparent','',1,0),(789,'Flama Black','Flama-Black','',1,0),(790,'Foundry Monoline Bold','FoundryMonoline-Bold','',1,0),(791,'Foundry Monoline BoldIta','FoundryMonoline-BoldIta','',1,0),(792,'Foundry Monoline ExBdIta','FoundryMonoline-ExBdIta','',1,0),(793,'Foundry Monoline ExtraBold','FoundryMonoline-ExtraBold','',1,0),(794,'Foundry Monoline Light','FoundryMonoline-Light','',1,0),(795,'Foundry Monoline Light Italic','FoundryMonoline-LgtIta','',1,0),(796,'Foundry Monoline MedIta','FoundryMonoline-MedIta','',1,0),(797,'Foundry Monoline Medium','FoundryMonoline-Medium','',1,0),(798,'Foundry Monoline RegIta','FoundryMonoline-RegIta','',1,0),(799,'Foundry Monoline Regular','FoundryMonoline-Regular','',1,0),(800,'Foundry Monoline UltLgtIta','FoundryMonoline-UltLgtIta','',1,0),(801,'Foundry Monoline UltraLight','FoundryMonoline-UltraLight','',1,0),(802,'Franklin Gothic Medium','FranklinGothic-Medium','',1,1),(803,'Franklin Gothic Medium','FranklinGothic-MediumItalic','',1,1),(804,'FrankRuehl','FrankRuehl','',1,0),(805,'FreesiaUPC','FreesiaUPC','',1,0),(806,'FreesiaUPC','FreesiaUPCBold','',1,0),(807,'FreesiaUPC','FreesiaUPCItalic','',1,0),(808,'FreesiaUPC','FreesiaUPCBoldItalic','',1,0),(809,'Frutiger 45 Light','Frutiger-Light','',1,0),(810,'Frutiger 46 Light','Frutiger-LightItalic','',1,0),(811,'Frutiger 55','Frutiger-Roman','',1,0),(812,'Frutiger 56','Frutiger-Italic','',1,0),(813,'Frutiger 57 Condensed','Frutiger-Cn','',1,0),(814,'Frutiger 65','Frutiger-Bold','',1,0),(815,'Frutiger 66','Frutiger-BoldItalic','',1,0),(816,'Frutiger 67 Condensed','Frutiger-BoldCn','',1,0),(817,'Frutiger 75 Black','Frutiger-Black','',1,0),(818,'Frutiger 76 Black','Frutiger-BlackItalic','',1,0),(819,'Frutiger 77 Black Condensed','Frutiger-BlackCn','',1,0),(820,'Frutiger LT Com 45 Light','FrutigerLTCom-Light','',1,0),(821,'Frutiger LT Com 46 Light Italic','FrutigerLTCom-LightItalic','',1,0),(822,'Frutiger LT Com 47 Light Cn','FrutigerLTCom-LightCn','',1,0),(823,'Frutiger LT Com 55 Roman','FrutigerLTCom-Roman','',1,0),(824,'Frutiger LT Com 56 Italic','FrutigerLTCom-Italic','',1,0),(825,'Frutiger LT Com 57 Condensed','FrutigerLTCom-Condensed','',1,0),(826,'Frutiger LT Com 65 Bold','FrutigerLTCom-Bold','',1,0),(827,'Frutiger LT Com 66 Bold Italic','FrutigerLTCom-BoldItalic','',1,0),(828,'Frutiger LT Com 67 Bold Cn','FrutigerLTCom-BoldCn','',1,0),(829,'Frutiger LT Com 75 Black','FrutigerLTCom-Black','',1,0),(830,'Frutiger LT Com 76 Black Italic','FrutigerLTCom-BlackItalic','',1,0),(831,'Frutiger LT Com 77 Black Cn','FrutigerLTCom-BlackCn','',1,0),(832,'Frutiger LT Com 87 XBlack Cn','FrutigerLTCom-ExtraBlackCn','',1,0),(833,'Frutiger LT Com 95 UltraBlack','FrutigerLTCom-UltraBlack','',1,0),(834,'Futura Md BT','FuturaBT-Medium','',1,0),(835,'Futura','FuturaBT-Bold','',1,0),(836,'Futura Bk BT','FuturaBT-Book','',1,0),(837,'Futura Bk BT','FuturaBT-BookItalic','',1,0),(838,'Futura Hv BT','FuturaBT-Heavy','',1,0),(839,'Futura Hv BT','FuturaBT-HeavyItalic','',1,0),(840,'Garamond Premr Pro','GaramondPremrPro','',1,0),(841,'Garamond Premr Pro','GaramondPremrPro-Bd','',1,0),(842,'Garamond Premr Pro','GaramondPremrPro-It','',1,0),(843,'Garamond Premr Pro','GaramondPremrPro-BdIt','',1,0),(844,'Garamond Premr Pro Capt','GaramondPremrPro-Capt','',1,0),(845,'Garamond Premr Pro Capt','GaramondPremrPro-BdCapt','',1,0),(846,'Garamond Premr Pro Capt','GaramondPremrPro-ItCapt','',1,0),(847,'Garamond Premr Pro Capt','GaramondPremrPro-BdItCapt','',1,0),(848,'Garamond Premr Pro Disp','GaramondPremrPro-Disp','',1,0),(849,'Garamond Premr Pro Disp','GaramondPremrPro-BdDisp','',1,0),(850,'Garamond Premr Pro Disp','GaramondPremrPro-ItDisp','',1,0),(851,'Garamond Premr Pro Disp','GaramondPremrPro-BdItDisp','',1,0),(852,'Garamond Premr Pro Lt Disp','GaramondPremrPro-LtDisp','',1,0),(853,'Garamond Premr Pro Lt Disp','GaramondPremrPro-LtItDisp','',1,0),(854,'Garamond Premr Pro Med','GaramondPremrPro-Med','',1,0),(855,'Garamond Premr Pro Med','GaramondPremrPro-MedIt','',1,0),(856,'Garamond Premr Pro Med Capt','GaramondPremrPro-MedCapt','',1,0),(857,'Garamond Premr Pro Med Capt','GaramondPremrPro-MedItCapt','',1,0),(858,'Garamond Premr Pro Med Disp','GaramondPremrPro-MedDisp','',1,0),(859,'Garamond Premr Pro Med Disp','GaramondPremrPro-MedItDisp','',1,0),(860,'Garamond Premr Pro Med Subh','GaramondPremrPro-MedSubh','',1,0),(861,'Garamond Premr Pro Med Subh','GaramondPremrPro-MedItSubh','',1,0),(862,'Garamond Premr Pro Smbd','GaramondPremrPro-Smbd','',1,0),(863,'Garamond Premr Pro Smbd','GaramondPremrPro-SmbdIt','',1,0),(864,'Garamond Premr Pro Smbd Capt','GaramondPremrPro-SmbdCapt','',1,0),(865,'Garamond Premr Pro Smbd Capt','GaramondPremrPro-SmbdItCapt','',1,0),(866,'Garamond Premr Pro Smbd Disp','GaramondPremrPro-SmbdDisp','',1,0),(867,'Garamond Premr Pro Smbd Disp','GaramondPremrPro-SmbdItDisp','',1,0),(868,'Garamond Premr Pro Smbd Subh','GaramondPremrPro-SmbdSubh','',1,0),(869,'Garamond Premr Pro Smbd Subh','GaramondPremrPro-SmbdItSubh','',1,0),(870,'Garamond Premr Pro Subh','GaramondPremrPro-Subh','',1,0),(871,'Garamond Premr Pro Subh','GaramondPremrPro-BdSubh','',1,0),(872,'Garamond Premr Pro Subh','GaramondPremrPro-ItSubh','',1,0),(873,'Garamond Premr Pro Subh','GaramondPremrPro-BdItSubh','',1,0),(874,'Gautami','Gautami','',1,1),(875,'Georgia','Georgia','',1,1),(876,'Georgia','Georgia-Bold','',1,1),(877,'Georgia','Georgia-Italic','',1,1),(878,'Georgia','Georgia-BoldItalic','',1,1),(879,'Giddyup Std','GiddyupStd','',1,1),(880,'Gill Sans','GillSans','',1,0),(881,'Gill Sans','GillSans-Bold','',1,0),(882,'Gill Sans','GillSans-Italic','',1,0),(883,'Gill Sans','GillSans-BoldItalic','',1,0),(884,'Gill Sans Light','GillSans-Light','',1,0),(885,'Gill Sans Light','GillSans-LightItalic','',1,0),(886,'Gotham Black','Gotham-Black','',1,1),(887,'Gotham Black','Gotham-BlackItalic','',1,1),(888,'Gotham Bold','Gotham-Bold','',1,1),(889,'Gotham Bold','Gotham-BoldItalic','',1,1),(890,'Gotham Book','Gotham-Book','',1,1),(891,'Gotham Book','Gotham-BookItalic','',1,1),(892,'Gotham Condensed Book','GothamCondensed-Book','',1,0),(893,'Gotham Light','Gotham-Light','',1,1),(894,'Gotham Light','Gotham-LightItalic','',1,1),(895,'Gotham Medium','Gotham-Medium','',1,1),(896,'Gotham Medium','Gotham-MediumItalic','',1,1),(897,'Gotham Narrow Bold','GothamNarrow-Bold','',1,1),(898,'Gotham Narrow Bold','GothamNarrow-BoldItalic','',1,1),(899,'Gotham Narrow Book','GothamNarrow-Book','',1,1),(900,'Gotham Narrow Book','GothamNarrow-BookItalic','',1,1),(901,'Gotham Narrow Light','GothamNarrow-Light','',1,1),(902,'Gotham Narrow Light','GothamNarrow-LightItalic','',1,1),(903,'Gotham Narrow Medium','GothamNarrow-Medium','',1,1),(904,'Gotham Narrow Medium','GothamNarrow-MediumItalic','',1,1),(905,'Gotham Ultra','Gotham-Ultra','',1,1),(906,'Gotham Ultra','Gotham-UltraItalic','',1,1),(907,'Gotham XNarrow Bold','GothamXNarrow-Bold','',1,1),(908,'Gotham XNarrow Bold','GothamXNarrow-BoldItalic','',1,1),(909,'Gotham XNarrow Book','GothamXNarrow-Book','',1,1),(910,'Gotham XNarrow Book','GothamXNarrow-BookItalic','',1,1),(911,'GrHelveticaBold','GrHelveticaBold','',1,0),(912,'Gulim','Gulim','',1,0),(913,'GulimChe','GulimChe','',1,0),(914,'Gungsuh','Gungsuh','',1,0),(915,'GungsuhChe','GungsuhChe','',1,0),(916,'Helvetica','Helvetica','',1,0),(917,'Helvetica','Helvetica-Bold','',1,1),(918,'Helvetica','Helvetica-Oblique','',1,1),(919,'Helvetica','Helvetica-BoldOblique','',1,1),(920,'Helvetica 35 Thin','HelveticaNeue-Thin','',1,0),(921,'Helvetica Neue Light','HelveticaNeue-Light','',1,1),(922,'Helvetica Neue','HelveticaNeue-Italic','',1,1),(923,'Helvetica Neue','HelveticaNeue-Medium','',1,1),(924,'Helvetica 66 Medium Italic','HelveticaNeue-MediumItalic','',1,1),(925,'HelveticaNeue MediumCond','HelveticaNeue-MediumCond','',1,0),(926,'HelveticaNeue BoldCond','HelveticaNeue-BoldCond','',1,0),(927,'Helvetica 95 Black','HelveticaNeue-Black','',1,0),(928,'Helvetica Condensed','Helvetica-Condensed','',1,0),(929,'Helvetica Condensed','Helvetica-Condensed-Bold','',1,0),(930,'HelveticaNeue Condensed','HelveticaNeue-Condensed','',1,0),(931,'Helvetica Neue Light','HelveticaNeue-LightItalic','',1,1),(932,'Helvetica Neue Condensed','HelveticaNeue-CondensedBold','',1,1),(933,'Helvetica Neue Condensed Black','HelveticaNeue-CondensedBlack','',1,1),(934,'HelveticaNeue LT 55 Roman','HelveticaNeueLT-Bold','',1,0),(935,'Helvetica Neue UltraLight','HelveticaNeue-UltraLight','',1,1),(936,'Helvetica Neue UltraLight','HelveticaNeue-UltraLightItalic','',1,1),(937,'Helvetica-Normal','Helvetica-Normal','',1,1),(938,'Helvetica Neue','HelveticaNeue-Bold','',1,1),(939,'Helvetica Neue','HelveticaNeue-BoldItalic','',1,1),(940,'HelveticaNeue LT 55 Roman','HelveticaNeueLT-Roman','',1,0),(941,'HelveticaNeue LT 67 MdCn','HelveticaNeueLT-MediumCond','',1,0),(942,'HelveticaNeueLT Com 55 Roman','HelveticaNeueLTCom-Bd','',1,0),(943,'HelveticaNeueLT Com 65 Md','HelveticaNeueLTCom-Hv','',1,1),(944,'HelveticaNeueLT Pro 107 XBlkCn','HelveticaNeueLTPro-XBlkCn','',1,0),(945,'HelveticaNeueLT Pro 107 XBlkCn','HelveticaNeueLTPro-XBlkCnO','',1,0),(946,'HelveticaNeueLT Pro 23 UltLtEx','HelveticaNeueLTPro-UltLtEx','',1,0),(947,'HelveticaNeueLT Pro 23 UltLtEx','HelveticaNeueLTPro-UltLtExO','',1,0),(948,'HelveticaNeueLT Pro 25 UltLt','HelveticaNeueLTPro-UltLt','',1,0),(949,'HelveticaNeueLT Pro 25 UltLt','HelveticaNeueLTPro-UltLtIt','',1,0),(950,'HelveticaNeueLT Pro 27 UltLtCn','HelveticaNeueLTPro-UltLtCn','',1,0),(951,'HelveticaNeueLT Pro 27 UltLtCn','HelveticaNeueLTPro-UltLtCnO','',1,0),(952,'HelveticaNeueLT Pro 33 ThEx','HelveticaNeueLTPro-ThEx','',1,0),(953,'HelveticaNeueLT Pro 33 ThEx','HelveticaNeueLTPro-ThExO','',1,0),(954,'HelveticaNeueLT Pro 35 Th','HelveticaNeueLTPro-Th','',1,0),(955,'HelveticaNeueLT Pro 35 Th','HelveticaNeueLTPro-ThIt','',1,0),(956,'HelveticaNeueLT Pro 37 ThCn','HelveticaNeueLTPro-ThCn','',1,0),(957,'HelveticaNeueLT Pro 37 ThCn','HelveticaNeueLTPro-ThCnO','',1,0),(958,'HelveticaNeueLT Pro 43 LtEx','HelveticaNeueLTPro-LtEx','',1,0),(959,'HelveticaNeueLT Pro 43 LtEx','HelveticaNeueLTPro-LtExO','',1,0),(960,'HelveticaNeueLT Pro 45 Lt','HelveticaNeueLTPro-Lt','',1,1),(961,'HelveticaNeueLT Pro 45 Lt','HelveticaNeueLTPro-LtIt','',1,1),(962,'HelveticaNeueLT Pro 47 LtCn','HelveticaNeueLTPro-LtCn','',1,0),(963,'HelveticaNeueLT Pro 47 LtCn','HelveticaNeueLTPro-LtCnO','',1,0),(964,'HelveticaNeueLT Pro 53 Ex','HelveticaNeueLTPro-Ex','',1,0),(965,'HelveticaNeueLT Pro 53 Ex','HelveticaNeueLTPro-BdEx','',1,0),(966,'HelveticaNeueLT Pro 53 Ex','HelveticaNeueLTPro-ExO','',1,0),(967,'HelveticaNeueLT Pro 53 Ex','HelveticaNeueLTPro-BdExO','',1,0),(968,'HelveticaNeueLT Pro 55 Roman','HelveticaNeueLTPro-Roman','',1,0),(969,'HelveticaNeueLT Pro 55 Roman','HelveticaNeueLTPro-Bd','',1,0),(970,'HelveticaNeueLT Pro 55 Roman','HelveticaNeueLTPro-It','',1,1),(971,'HelveticaNeueLT Pro 55 Roman','HelveticaNeueLTPro-BdIt','',1,0),(972,'HelveticaNeueLT Pro 57 Cn','HelveticaNeueLTPro-Cn','',1,0),(973,'HelveticaNeueLT Pro 57 Cn','HelveticaNeueLTPro-BdCn','',1,0),(974,'HelveticaNeueLT Pro 57 Cn','HelveticaNeueLTPro-CnO','',1,0),(975,'HelveticaNeueLT Pro 57 Cn','HelveticaNeueLTPro-BdCnO','',1,0),(976,'HelveticaNeueLT Pro 63 MdEx','HelveticaNeueLTPro-MdEx','',1,0),(977,'HelveticaNeueLT Pro 63 MdEx','HelveticaNeueLTPro-HvEx','',1,0),(978,'HelveticaNeueLT Pro 63 MdEx','HelveticaNeueLTPro-MdExO','',1,0),(979,'HelveticaNeueLT Pro 63 MdEx','HelveticaNeueLTPro-HvExO','',1,0),(980,'HelveticaNeueLT Pro 65 Md','HelveticaNeueLTPro-Md','',1,1),(981,'HelveticaNeueLT Pro 65 Md','HelveticaNeueLTPro-Hv','',1,0),(982,'HelveticaNeueLT Pro 65 Md','HelveticaNeueLTPro-MdIt','',1,0),(983,'HelveticaNeueLT Pro 65 Md','HelveticaNeueLTPro-HvIt','',1,0),(984,'HelveticaNeueLT Pro 67 MdCn','HelveticaNeueLTPro-MdCn','',1,0),(985,'HelveticaNeueLT Pro 67 MdCn','HelveticaNeueLTPro-HvCn','',1,0),(986,'HelveticaNeueLT Pro 67 MdCn','HelveticaNeueLTPro-MdCnO','',1,0),(987,'HelveticaNeueLT Pro 67 MdCn','HelveticaNeueLTPro-HvCnO','',1,0),(988,'HelveticaNeueLT Pro 75 BdOu','HelveticaNeueLTPro-BdOu','',1,1),(989,'HelveticaNeueLT Pro 93 BlkEx','HelveticaNeueLTPro-BlkEx','',1,0),(990,'HelveticaNeueLT Pro 93 BlkEx','HelveticaNeueLTPro-BlkExO','',1,0),(991,'HelveticaNeueLT Pro 95 Blk','HelveticaNeueLTPro-Blk','',1,0),(992,'HelveticaNeueLT Pro 95 Blk','HelveticaNeueLTPro-BlkIt','',1,0),(993,'HelveticaNeueLT Pro 97 BlkCn','HelveticaNeueLTPro-BlkCn','',1,0),(994,'HelveticaNeueLT Pro 97 BlkCn','HelveticaNeueLTPro-BlkCnO','',1,0),(995,'HelveticaNeueLT Std','HelveticaNeueLTStd-Roman','',1,1),(996,'HelveticaNeueLT Std','HelveticaNeueLTStd-Bd','',1,1),(997,'HelveticaNeueLT Std','HelveticaNeueLTStd-It','',1,0),(998,'HelveticaNeueLT Std','HelveticaNeueLTStd-BdIt','',1,0),(999,'HelveticaNeueLT Std Blk','HelveticaNeueLTStd-Blk','',1,0),(1000,'HelveticaNeueLT Std Blk','HelveticaNeueLTStd-BlkIt','',1,0),(1001,'HelveticaNeueLT Std Blk Cn','HelveticaNeueLTStd-BlkCn','',1,0),(1002,'HelveticaNeueLT Std Blk Cn','HelveticaNeueLTStd-BlkCnO','',1,0),(1003,'HelveticaNeueLT Std Blk Ext','HelveticaNeueLTStd-BlkEx','',1,0),(1004,'HelveticaNeueLT Std Blk Ext','HelveticaNeueLTStd-BlkExO','',1,0),(1005,'HelveticaNeueLT Std Bold Outln','HelveticaNeueLTStd-BdOu','',1,0),(1006,'HelveticaNeueLT Std Cn','HelveticaNeueLTStd-Cn','',1,0),(1007,'HelveticaNeueLT Std Cn','HelveticaNeueLTStd-BdCn','',1,0),(1008,'HelveticaNeueLT Std Cn','HelveticaNeueLTStd-CnO','',1,0),(1009,'HelveticaNeueLT Std Cn','HelveticaNeueLTStd-BdCnO','',1,0),(1010,'HelveticaNeueLT Std Ext','HelveticaNeueLTStd-Ex','',1,0),(1011,'HelveticaNeueLT Std Ext','HelveticaNeueLTStd-ExO','',1,0),(1012,'HelveticaNeueLT Std ExtBlk Cn','HelveticaNeueLTStd-XBlkCn','',1,0),(1013,'HelveticaNeueLT Std ExtBlk Cn','HelveticaNeueLTStd-XBlkCnO','',1,0),(1014,'HelveticaNeueLT Std Extended','HelveticaNeueLTStd-BdEx','',1,0),(1015,'HelveticaNeueLT Std Extended','HelveticaNeueLTStd-BdExO','',1,0),(1016,'HelveticaNeueLT Std Lt','HelveticaNeueLTStd-Lt','',1,1),(1017,'HelveticaNeueLT Std Lt','HelveticaNeueLTStd-LtIt','',1,0),(1018,'HelveticaNeueLT Std Lt Cn','HelveticaNeueLTStd-LtCn','',1,0),(1019,'HelveticaNeueLT Std Lt Cn','HelveticaNeueLTStd-LtCnO','',1,0),(1020,'HelveticaNeueLT Std Lt Ext','HelveticaNeueLTStd-LtEx','',1,0),(1021,'HelveticaNeueLT Std Lt Ext','HelveticaNeueLTStd-LtExO','',1,0),(1022,'HelveticaNeueLT Std Med','HelveticaNeueLTStd-Md','',1,0),(1023,'HelveticaNeueLT Std Med','HelveticaNeueLTStd-Hv','',1,0),(1024,'HelveticaNeueLT Std Med','HelveticaNeueLTStd-MdIt','',1,0),(1025,'HelveticaNeueLT Std Med','HelveticaNeueLTStd-HvIt','',1,0),(1026,'HelveticaNeueLT Std Med Cn','HelveticaNeueLTStd-MdCn','',1,0),(1027,'HelveticaNeueLT Std Med Cn','HelveticaNeueLTStd-HvCn','',1,0),(1028,'HelveticaNeueLT Std Med Cn','HelveticaNeueLTStd-MdCnO','',1,0),(1029,'HelveticaNeueLT Std Med Cn','HelveticaNeueLTStd-HvCnO','',1,0),(1030,'HelveticaNeueLT Std Med Ext','HelveticaNeueLTStd-MdEx','',1,0),(1031,'HelveticaNeueLT Std Med Ext','HelveticaNeueLTStd-HvEx','',1,0),(1032,'HelveticaNeueLT Std Med Ext','HelveticaNeueLTStd-MdExO','',1,0),(1033,'HelveticaNeueLT Std Med Ext','HelveticaNeueLTStd-HvExO','',1,0),(1034,'HelveticaNeueLT Std Thin','HelveticaNeueLTStd-Th','',1,0),(1035,'HelveticaNeueLT Std Thin','HelveticaNeueLTStd-ThIt','',1,0),(1036,'HelveticaNeueLT Std Thin Cn','HelveticaNeueLTStd-ThCn','',1,0),(1037,'HelveticaNeueLT Std Thin Cn','HelveticaNeueLTStd-ThCnO','',1,0),(1038,'HelveticaNeueLT Std Thin Ext','HelveticaNeueLTStd-ThEx','',1,0),(1039,'HelveticaNeueLT Std Thin Ext','HelveticaNeueLTStd-ThExO','',1,0),(1040,'HelveticaNeueLT Std UltLt','HelveticaNeueLTStd-UltLt','',1,0),(1041,'HelveticaNeueLT Std UltLt','HelveticaNeueLTStd-UltLtIt','',1,0),(1042,'HelveticaNeueLT Std UltLt Cn','HelveticaNeueLTStd-UltLtCn','',1,0),(1043,'HelveticaNeueLT Std UltLt Cn','HelveticaNeueLTStd-UltLtCnO','',1,0),(1044,'HelveticaNeueLT Std UltLt Ext','HelveticaNeueLTStd-UltLtEx','',1,0),(1045,'HelveticaNeueLT Std UltLt Ext','HelveticaNeueLTStd-UltLtExO','',1,0),(1046,'HelveticaNeueLT W1G 65 Md','HelveticaNeueLTW1G-Md','',1,0),(1047,'HelveticaNeueLT W1G 75 Bd','HelveticaNeueLTW1G-Bd','',1,0),(1048,'High Tower Text','HighTowerText-Reg','',1,0),(1049,'Hobo Std','HoboStd','',1,1),(1050,'Impact','Impact','',1,1),(1051,'IrisUPC','IrisUPC','',1,0),(1052,'IrisUPC','IrisUPCBold','',1,0),(1053,'IrisUPC','IrisUPCItalic','',1,0),(1054,'IrisUPC','IrisUPCBoldItalic','',1,0),(1055,'ITC Avant Garde Gothic','AvantGarde-Medium','',1,0),(1056,'ITC Avant Garde Gothic','AvantGarde-Bold','',1,0),(1057,'ITC Avant Garde Gothic','AvantGardeITCbyBT-MediumOblique','',1,0),(1058,'ITC Avant Garde Gothic','AvantGardeITCbyBT-BoldOblique','',1,0),(1059,'ITC Avant Garde Gothic Book','AvantGarde-Book','',1,0),(1060,'ITC Avant Garde Gothic Book','AvantGarde-BookOblique','',1,0),(1061,'ITC Avant Garde Gothic Book Con','AvantGardeITCbyBT-BookCondensed','',1,0),(1062,'ITC Avant Garde Gothic Condense','AvantGarde-CondMedium','',1,0),(1063,'ITC Avant Garde Gothic Condense','AvantGarde-CondBold','',1,0),(1064,'ITC Avant Garde Gothic Demi','AvantGarde-Demi','',1,0),(1065,'ITC Avant Garde Gothic Demi','AvantGardeITCbyBT-DemiOblique','',1,0),(1066,'ITC Avant Garde Gothic Demi Con','AvantGardeITCbyBT-DemiCondensed','',1,0),(1067,'ITC Avant Garde Gothic Extra Li','AvantGarde-ExtraLight','',1,0),(1068,'AvantGarde LT Bold','AvantGardeLT-Bold','',1,0),(1069,'AvantGarde LT Book','AvantGardeLT-Book','',1,0),(1070,'ITC Avant Garde Gothic LT Book','AvantGardeLT-BookOblique','',1,0),(1071,'ITC Avant Garde Gothic LT Conde','AvantGardeLT-CondBold','',1,0),(1072,'AvantGarde LT Demi','AvantGardeLT-Demi','',1,0),(1073,'AvantGarde LT DemiOblique','AvantGardeLT-DemiOblique','',1,0),(1074,'ITC Zapf Dingbats','ZapfDingbats','',1,1),(1075,'JasmineUPC','JasmineUPC','',1,0),(1076,'JasmineUPC','JasmineUPC-Bold','',1,0),(1077,'JasmineUPC','JasmineUPC-Italic','',1,0),(1078,'JasmineUPC','JasmineUPC-BoldItalic','',1,0),(1079,'KodchiangUPC','KodchiangUPC','',1,0),(1080,'KodchiangUPC','KodchiangUPC-Bold','',1,0),(1081,'KodchiangUPC','KodchiangUPC-Italic','',1,0),(1082,'KodchiangUPC','KodchiangUPC-BoldItalic','',1,0),(1083,'Kozuka Gothic Pr6N B','KozGoPr6N-Bold','',1,1),(1084,'Kozuka Gothic Pr6N EL','KozGoPr6N-ExtraLight','',1,1),(1085,'Kozuka Gothic Pr6N H','KozGoPr6N-Heavy','',1,1),(1086,'Kozuka Gothic Pr6N L','KozGoPr6N-Light','',1,1),(1087,'Kozuka Gothic Pr6N M','KozGoPr6N-Medium','',1,1),(1088,'Kozuka Gothic Pr6N R','KozGoPr6N-Regular','',1,1),(1089,'Kozuka Gothic Pro B','KozGoPro-Bold','',1,1),(1090,'Kozuka Gothic Pro EL','KozGoPro-ExtraLight','',1,1),(1091,'Kozuka Gothic Pro H','KozGoPro-Heavy','',1,1),(1092,'Kozuka Gothic Pro L','KozGoPro-Light','',1,1),(1093,'Kozuka Gothic Pro M','KozGoPro-Medium','',1,1),(1094,'Kozuka Gothic Pro R','KozGoPro-Regular','',1,1),(1095,'Kozuka Mincho Pr6N B','KozMinPr6N-Bold','',1,1),(1096,'Kozuka Mincho Pr6N EL','KozMinPr6N-ExtraLight','',1,1),(1097,'Kozuka Mincho Pr6N H','KozMinPr6N-Heavy','',1,1),(1098,'Kozuka Mincho Pr6N L','KozMinPr6N-Light','',1,1),(1099,'Kozuka Mincho Pr6N M','KozMinPr6N-Medium','',1,1),(1100,'Kozuka Mincho Pr6N R','KozMinPr6N-Regular','',1,1),(1101,'Kozuka Mincho Pro B','KozMinPro-Bold','',1,1),(1102,'Kozuka Mincho Pro EL','KozMinPro-ExtraLight','',1,1),(1103,'Kozuka Mincho Pro H','KozMinPro-Heavy','',1,1),(1104,'Kozuka Mincho Pro L','KozMinPro-Light','',1,1),(1105,'Kozuka Mincho Pro M','KozMinPro-Medium','',1,1),(1106,'Kozuka Mincho Pro R','KozMinPro-Regular','',1,1),(1107,'Latha','Latha','',1,1),(1108,'Letter Gothic Std','LetterGothicStd','',1,1),(1109,'Letter Gothic Std','LetterGothicStd-Bold','',1,1),(1110,'Letter Gothic Std','LetterGothicStd-Slanted','',1,1),(1111,'Letter Gothic Std','LetterGothicStd-BoldSlanted','',1,1),(1112,'Levenim MT','LevenimMT','',1,0),(1113,'Levenim MT','LevenimMTBold','',1,0),(1114,'LilyUPC','LilyUPC','',1,0),(1115,'LilyUPC','LilyUPCBold','',1,0),(1116,'LilyUPC','LilyUPCItalic','',1,0),(1117,'LilyUPC','LilyUPCBoldItalic','',1,0),(1118,'Lithos Pro Regular','LithosPro-Regular','',1,1),(1119,'Lithos Pro Regular','LithosPro-Black','',1,1),(1120,'Lucida Console','LucidaConsole','',1,1),(1121,'Lucida Sans Unicode','LucidaSansUnicode','',1,1),(1122,'Macmillan Headline','MacmillanHeadline','',1,0),(1123,'Mangal','Mangal-Regular','',1,1),(1124,'Marlett','Marlett','',1,1),(1125,'Mesquite Std','MesquiteStd','',1,1),(1126,'MetaPlusBlack-Roman','MetaPlusBlack-Roman','',1,0),(1127,'MetaPlusBold-Roman','MetaPlusBold-Roman','',1,0),(1128,'MetaPlusBook-Roman','MetaPlusBook-Roman','',1,0),(1129,'MetaPlusNormal-','MetaPlusNormal-Roman','',1,0),(1130,'Microsoft Sans Serif','MicrosoftSansSerif','',1,1),(1131,'MingLiU','MingLiU','',1,0),(1132,'Minion Pro','MinionPro-Regular','',1,1),(1133,'Minion Pro','MinionPro-Bold','',1,1),(1134,'Minion Pro','MinionPro-It','',1,1),(1135,'Minion Pro','MinionPro-BoldIt','',1,1),(1136,'Minion Pro Cond','MinionPro-BoldCn','',1,1),(1137,'Minion Pro Cond','MinionPro-BoldCnIt','',1,1),(1138,'Minion Pro Med','MinionPro-Medium','',1,1),(1139,'Minion Pro Med','MinionPro-MediumIt','',1,1),(1140,'Minion Pro SmBd','MinionPro-Semibold','',1,1),(1141,'Minion Pro SmBd','MinionPro-SemiboldIt','',1,1),(1142,'Miriam','Miriam','',1,0),(1143,'Miriam Fixed','MiriamFixed','',1,0),(1144,'Miriam Transparent','MiriamTransparent','',1,0),(1145,'MS Gothic','MS-Gothic','',1,0),(1146,'MS Mincho','MS-Mincho','',1,0),(1147,'MS PGothic','MS-PGothic','',1,0),(1148,'MS PMincho','MS-PMincho','',1,0),(1149,'MS UI Gothic','MS-UIGothic','',1,0),(1150,'Museo Sans 300','MuseoSans-300','',1,0),(1151,'Museo Sans 500','MuseoSans-500','',1,0),(1152,'Museo Sans 700','MuseoSans-700','',1,0),(1153,'MV Boli','MVBoli','',1,1),(1154,'Myriad Pro','MyriadPro-Regular','',1,1),(1155,'Myriad Pro','MyriadPro-Bold','',1,1),(1156,'Myriad Pro','MyriadPro-It','',1,1),(1157,'Myriad Pro','MyriadPro-BoldIt','',1,1),(1158,'Myriad Pro Black Cond','MyriadPro-BlackCond','',1,1),(1159,'Myriad Pro Cond','MyriadPro-Cond','',1,1),(1160,'Myriad Pro Cond','MyriadPro-BoldCond','',1,1),(1161,'Myriad Pro Cond','MyriadPro-CondIt','',1,1),(1162,'Myriad Pro Cond','MyriadPro-BoldCondIt','',1,1),(1163,'Myriad Pro Light','MyriadPro-Light','',1,1),(1164,'Myriad Pro Light','MyriadPro-Semibold','',1,1),(1165,'Myriad Pro Light','MyriadPro-LightIt','',1,1),(1166,'Myriad Pro Light','MyriadPro-SemiboldIt','',1,1),(1167,'Narkisim','Narkisim','',1,0),(1168,'News Gothic','NewsGothic','',1,0),(1169,'News Gothic','NewsGothic-Bold','',1,0),(1170,'News Gothic','NewsGothic-Oblique','',1,0),(1171,'News Gothic','NewsGothic-BoldOblique','',1,0),(1172,'News Gothic Bold Condensed','NewsGothicSB-BolCon','',1,0),(1173,'News Gothic MT','NewsGothicMT','',1,0),(1174,'News Gothic MT','NewsGothicMT-Bold','',1,0),(1175,'News Gothic MT','NewsGothicMT-Italic','',1,0),(1176,'News Gothic T Bold','NewsGothicT-Bold','',1,0),(1177,'News Gothic T Light','NewsGothicT-Light','',1,0),(1178,'NewsGoth BT','NewsGothicBT-Italic','',1,0),(1179,'NewsGoth BT','NewsGothicBT-BoldItalic','',1,0),(1180,'NSimSun','NSimSun','',1,0),(1181,'Nueva Std Cond','NuevaStd-Cond','',1,1),(1182,'Nueva Std Cond','NuevaStd-BoldCond','',1,1),(1183,'Nueva Std Cond','NuevaStd-CondItalic','',1,1),(1184,'Nueva Std Cond','NuevaStd-BoldCondItalic','',1,1),(1185,'OCR A Std','OCRAStd','',1,1),(1186,'Omnes Black','Omnes-Black','',1,0),(1187,'Orator Std','OratorStd','',1,1),(1188,'Orator Std','OratorStd-Slanted','',1,1),(1189,'Palatino Linotype','PalatinoLinotype-Roman','',1,1),(1190,'Palatino Linotype','PalatinoLinotype-Bold','',1,1),(1191,'Palatino Linotype','PalatinoLinotype-Italic','',1,1),(1192,'Palatino Linotype','PalatinoLinotype-BoldItalic','',1,1),(1193,'PMingLiU','PMingLiU','',1,0),(1194,'Poplar Std','PoplarStd','',1,1),(1195,'Prestige Elite Std','PrestigeEliteStd-Bd','',1,1),(1196,'Raavi','Raavi','',1,1),(1197,'Rockwell','Rockwell','',1,1),(1198,'Rod','Rod','',1,0),(1199,'Rod Transparent','RodTransparent','',1,0),(1200,'Rosewood Std Regular','RosewoodStd-Regular','',1,1),(1201,'RotisSansSerif','RotisSansSerif-Light','',1,0),(1202,'RotisSansSerif 46','RotisSansSerif-LightItalic','',1,0),(1203,'RotisSansSerif 65','RotisSansSerif-Bold','',1,0),(1204,'S Creativ6','SCreativ6','',1,0),(1205,'SCE PS2T2','SCE-PS2T2','',1,0),(1206,'SCE T32','SCET32','',1,0),(1207,'Shruti','Shruti','',1,1),(1208,'SimHei','SimHei','',1,0),(1209,'Simplified Arabic','SimplifiedArabic','',1,0),(1210,'Simplified Arabic','SimplifiedArabic-Bold','',1,0),(1211,'Simplified Arabic Fixed','SimplifiedArabicFixed','',1,0),(1212,'SimSun','SimSun','',1,0),(1213,'Stainless-Black','Stainless-Black','',1,1),(1214,'Stencil Std','StencilStd','',1,1),(1215,'Sylfaen','Sylfaen','',1,1),(1216,'Symbol','SymbolMT','',1,1),(1217,'Tahoma','Tahoma','',1,1),(1218,'Tahoma','Tahoma-Bold','',1,1),(1219,'Tekton Pro','TektonPro-Bold','',1,1),(1220,'Tekton Pro','TektonPro-BoldObl','',1,1),(1221,'Tekton Pro Cond','TektonPro-BoldCond','',1,1),(1222,'Tekton Pro Ext','TektonPro-BoldExt','',1,1),(1223,'Times','Times-Roman','',1,0),(1224,'Times New Roman','TimesNewRomanPSMT','',1,1),(1225,'Times New Roman','TimesNewRomanPS-BoldMT','',1,1),(1226,'Times New Roman','TimesNewRomanPS-ItalicMT','',1,1),(1227,'Times New Roman','TimesNewRomanPS-BoldItalicMT','',1,1),(1228,'Trade Gothic LT Std Bold','TradeGothicLTStd-Bold','',1,0),(1229,'Traditional Arabic','TraditionalArabic','',1,0),(1230,'Traditional Arabic','TraditionalArabic-Bold','',1,0),(1231,'Trajan','Trajan-Bold','',1,0),(1232,'Trajan Pro','TrajanPro-Regular','',1,1),(1233,'Trajan Pro','TrajanPro-Bold','',1,1),(1234,'Trebuchet MS','TrebuchetMS','',1,1),(1235,'Trebuchet MS','TrebuchetMS-Bold','',1,1),(1236,'Trebuchet MS','TrebuchetMS-Italic','',1,1),(1237,'Trebuchet MS','Trebuchet-BoldItalic','',1,1),(1238,'Tunga','Tunga-Regular','',1,1),(1239,'TVNordEF-BoldCon','TVNordEF-BoldCon','',1,0),(1240,'Typist','Typist','',1,0),(1241,'TypistBold','TypistBold','',1,0),(1242,'Univers LT Std 39 Thin UltraCn','UniversLTStd-ThinUltraCn','',1,0),(1243,'Univers LT Std 45 Light','UniversLTStd-Light','',1,0),(1244,'Univers LT Std 45 Light','UniversLTStd-Bold','',1,0),(1245,'Univers LT Std 45 Light','UniversLTStd-LightObl','',1,0),(1246,'Univers LT Std 45 Light','UniversLTStd-BoldObl','',1,0),(1247,'Univers LT Std 47 Cn Lt','UniversLTStd-LightCn','',1,0),(1248,'Univers LT Std 47 Cn Lt','UniversLTStd-BoldCn','',1,0),(1249,'Univers LT Std 47 Cn Lt','UniversLTStd-LightCnObl','',1,0),(1250,'Univers LT Std 47 Cn Lt','UniversLTStd-BoldCnObl','',1,0),(1251,'Univers LT Std 49 Light UltraCn','UniversLTStd-LightUltraCn','',1,0),(1252,'Univers LT Std 53 Extended','UniversLTStd-Ex','',1,0),(1253,'Univers LT Std 53 Extended','UniversLTStd-BoldEx','',1,0),(1254,'Univers LT Std 53 Extended','UniversLTStd-ExObl','',1,0),(1255,'Univers LT Std 53 Extended','UniversLTStd-BoldExObl','',1,0),(1256,'Univers LT Std 55','UniversLTStd','',1,0),(1257,'Univers LT Std 55','UniversLTStd-Black','',1,0),(1258,'Univers LT Std 55','UniversLTStd-Obl','',1,0),(1259,'Univers LT Std 55','UniversLTStd-BlackObl','',1,0),(1260,'Univers LT Std 57 Cn','UniversLTStd-Cn','',1,0),(1261,'Univers LT Std 57 Cn','UniversLTStd-CnObl','',1,0),(1262,'Univers LT Std 59 UltraCn','UniversLTStd-UltraCn','',1,0),(1263,'Univers LT Std 73 Black Ext','UniversLTStd-BlackEx','',1,0),(1264,'Univers LT Std 73 Black Ext','UniversLTStd-BlackExObl','',1,0),(1265,'Univers LT Std 85 XBlk','UniversLTStd-XBlack','',1,0),(1266,'Univers LT Std 85 XBlk','UniversLTStd-XBlackObl','',1,0),(1267,'Univers LT Std 93 XBlk Ext','UniversLTStd-XBlackEx','',1,0),(1268,'Univers LT Std 93 XBlk Ext','UniversLTStd-XBlackExObl','',1,0),(1269,'Verdana','Verdana','',1,1),(1270,'Verdana','Verdana-Bold','',1,1),(1271,'Verdana','Verdana-Italic','',1,1),(1272,'Verdana','Verdana-BoldItalic','',1,1),(1273,'Webdings','Webdings','',1,1),(1274,'Weltron Urban','WeltronUrban','',1,0),(1275,'Wingdings','Wingdings-Regular','',1,1),(1276,'WinSoft Pro','WinSoftPro-Medium','',1,0),(1277,'WoolyBully','WoolyBully','',1,0),(1278,'Agenda (T1)','','',7,0),(1279,'Interstate','','',7,0),(1280,'Zapf Dingbats','','',7,0),(1281,'Scala','','',7,0),(1282,'Futura','','',7,0),(1283,'Trade Gothic','','',7,0),(1284,'General GG','','',7,0),(1285,'ScalaSansOT','','',7,0),(1286,'ScalaSans','','',7,0),(1287,'Eurostile LT Std','','',7,0),(1288,'Symbol Std','','',7,0),(1289,'Scala Sans','','',7,0),(1290,'Agenda','','',7,0),(1291,'StainlessExt','','',7,0),(1292,'Commercial Pi BT','','',7,0),(1293,'Gotham XNarrow Medium','GothamXNarrow-Medium','',1,1),(1294,'Dax','','',7,0),(1295,'Arial Unicode MS','Arial Unicode MS','Regular',7,0),(1296,'','FuturaBT-BoldCondensed','',1,0),(1297,'','FuturaBT-MediumCondensed','',1,0),(1298,'Helvetica LT Std','HelveticaLTStd-Bold','',1,0),(1299,'Zapf Dingbats','ZapfDingbatsITC','',1,0),(1300,'dwerneck','dwerneck','',1,0),(1301,'Helvetica LT Std','HelveticaLTStd-BoldObl','',1,0),(1302,'Whitney Medium','Whitney-Medium','',1,1),(1303,'Whitney Book','Whitney-Book','',1,1),(1304,'Whitney Semibold','Whitney-Semibold','',1,1),(1305,'Algerian','Algerian','Regular',7,1),(1306,'Aparajita','Aparajita','Regular',7,1),(1307,'Aparajita','Aparajita Italic','Italic',7,1),(1308,'Aparajita','Aparajita Bold','Bold',7,1),(1309,'Aparajita','Aparajita Bold Italic','Bold Italic',7,1),(1310,'AR BERKLEY','AR BERKLEY','Regular',7,1),(1311,'AR BLANCA','AR BLANCA','Regular',7,1),(1312,'AR BONNIE','AR BONNIE','Regular',7,1),(1313,'AR CARTER','AR CARTER','Regular',7,1),(1314,'AR CENA','AR CENA','Regular',7,1),(1315,'AR CHRISTY','AR CHRISTY','Regular',7,1),(1316,'AR DARLING','AR DARLING','Regular',7,1),(1317,'AR DECODE','AR DECODE','Regular',7,1),(1318,'AR DELANEY','AR DELANEY','Regular',7,1),(1319,'AR DESTINE','AR DESTINE','Regular',7,1),(1320,'AR ESSENCE','AR ESSENCE','Regular',7,1),(1321,'AR HERMANN','AR HERMANN','Regular',7,1),(1322,'AR JULIAN','AR JULIAN','Regular',7,1),(1323,'Arabic Typesetting','Arabic Typesetting','Regular',7,1),(1324,'Arial','Arial Narrow','Narrow',7,1),(1325,'Arial','Arial Black','Black',7,1),(1326,'Baskerville Old Face','Baskerville Old Face','Regular',7,1),(1327,'Bauhaus 93','Bauhaus 93','Regular',7,1),(1328,'Bell MT','Bell MT','Regular',7,1),(1329,'Bell MT','Bell MT Italic','Italic',7,1),(1330,'Bell MT','Bell MT Bold','Bold',7,1),(1331,'Berlin Sans FB','Berlin Sans FB','Regular',7,1),(1332,'Berlin Sans FB','Berlin Sans FB Bold','Bold',7,1),(1333,'Berlin Sans FB Demi','Berlin Sans FB Demi Bold','Bold',7,1),(1334,'Bernard MT Condensed','Bernard MT Condensed','Regular',7,1),(1335,'Bodoni MT','Bodoni MT Poster Compressed','Poster Compressed',7,1),(1336,'Book Antiqua','Book Antiqua','Regular',7,1),(1337,'Book Antiqua','Book Antiqua Italic','Italic',7,1),(1338,'Book Antiqua','Book Antiqua Bold','Bold',7,1),(1339,'Book Antiqua','Book Antiqua Bold Italic','Bold Italic',7,1),(1340,'Bookman Old Style','Bookman Old Style','Regular',7,1),(1341,'Bookman Old Style','Bookman Old Style Italic','Italic',7,1),(1342,'Bookman Old Style','Bookman Old Style Bold','Bold',7,1),(1343,'Bookman Old Style','Bookman Old Style Bold Italic','Bold Italic',7,1),(1344,'Bookshelf Symbol 7','Bookshelf Symbol 7','Regular',7,1),(1345,'Britannic Bold','Britannic Bold','Regular',7,1),(1346,'Broadway','Broadway','Regular',7,1),(1347,'Brush Script MT','Brush Script MT Italic','Italic',7,1),(1348,'Calibri','Calibri','Regular',7,1),(1349,'Calibri','Calibri Italic','Italic',7,1),(1350,'Calibri','Calibri Bold','Bold',7,1),(1351,'Calibri','Calibri Bold Italic','Bold Italic',7,1),(1352,'Californian FB','Californian FB','Regular',7,1),(1353,'Californian FB','Californian FB Italic','Italic',7,1),(1354,'Californian FB','Californian FB Bold','Bold',7,1),(1355,'Candara','Candara','Regular',7,1),(1356,'Candara','Candara Italic','Italic',7,1),(1357,'Candara','Candara Bold','Bold',7,1),(1358,'Candara','Candara Bold Italic','Bold Italic',7,1),(1359,'Centaur','Centaur','Regular',7,1),(1360,'Century','Century','Regular',7,1),(1361,'Century Gothic','Century Gothic','Regular',7,1),(1362,'Century Gothic','Century Gothic Italic','Italic',7,1),(1363,'Century Gothic','Century Gothic Bold','Bold',7,1),(1364,'Century Gothic','Century Gothic Bold Italic','Bold Italic',7,1),(1365,'Chiller','Chiller','Regular',7,1),(1366,'Colonna MT','Colonna MT','Regular',7,1),(1367,'Consolas','Consolas','Regular',7,1),(1368,'Consolas','Consolas Italic','Italic',7,1),(1369,'Consolas','Consolas Bold','Bold',7,1),(1370,'Consolas','Consolas Bold Italic','Bold Italic',7,1),(1371,'Constantia','Constantia','Regular',7,1),(1372,'Constantia','Constantia Italic','Italic',7,1),(1373,'Constantia','Constantia Bold','Bold',7,1),(1374,'Constantia','Constantia Bold Italic','Bold Italic',7,1),(1375,'Cooper Black','Cooper Black','Regular',7,1),(1376,'Corbel','Corbel','Regular',7,1),(1377,'Corbel','Corbel Italic','Italic',7,1),(1378,'Corbel','Corbel Bold','Bold',7,1),(1379,'Corbel','Corbel Bold Italic','Bold Italic',7,1),(1380,'Monotype Corsiva','Monotype Corsiva','Regular',7,1),(1381,'DaunPenh','DaunPenh','Regular',7,1),(1382,'Ebrima','Ebrima','Regular',7,1),(1383,'Ebrima','Ebrima Bold','Bold',7,1),(1384,'Euphemia','Euphemia','Regular',7,1),(1385,'Footlight MT Light','Footlight MT Light','Regular',7,1),(1386,'Freestyle Script','Freestyle Script','Regular',7,1),(1387,'Gabriola','Gabriola','Regular',7,1),(1388,'Garamond','Garamond','Regular',7,1),(1389,'Garamond','Garamond Italic','Italic',7,1),(1390,'Garamond','Garamond Bold','Bold',7,1),(1391,'Gautami','Gautami Bold','Bold',7,1),(1392,'Harlow Solid Italic','Harlow Solid Italic','Italic',7,1),(1393,'Harrington','Harrington','Regular',7,1),(1394,'High Tower Text','High Tower Text Italic','Italic',7,1),(1395,'HP PSG','HP PSG','Regular',7,1),(1396,'Informal Roman','Informal Roman','Regular',7,1),(1397,'Iskoola Pota','Iskoola Pota','Regular',7,1),(1398,'Iskoola Pota','IskoolaPota-Bold','Bold',7,1),(1399,'Jokerman','Jokerman','Regular',7,1),(1400,'Juice ITC','Juice ITC','Regular',7,1),(1401,'Kalinga','Kalinga','Regular',7,1),(1402,'Kalinga','Kalinga Bold','Bold',7,1),(1403,'Kartika','Kartika','Regular',7,1),(1404,'Kartika','Kartika Bold','Bold',7,1),(1405,'Khmer UI','Khmer UI','Regular',7,1),(1406,'Khmer UI','Khmer UI Bold','Bold',7,1),(1407,'Kokila','Kokila','Regular',7,1),(1408,'Kokila','Kokila Italic','Italic',7,1),(1409,'Kokila','Kokila Bold','Bold',7,1),(1410,'Kokila','Kokila Bold Italic','Bold Italic',7,1),(1411,'Kristen ITC','Kristen ITC','Regular',7,1),(1412,'Kunstler Script','Kunstler Script','Regular',7,1),(1413,'Lao UI','Lao UI','Regular',7,1),(1414,'Lao UI','Lao UI Bold','Bold',7,1),(1415,'Latha','Latha Bold','Bold',7,1),(1416,'Lucida Bright','Lucida Bright','Regular',7,1),(1417,'Lucida Bright','Lucida Bright Italic','Italic',7,1),(1418,'Lucida Bright','Lucida Bright Demibold','Demibold',7,1),(1419,'Lucida Bright','Lucida Bright Demibold Italic','Demibold Italic',7,1),(1420,'Lucida Calligraphy','Lucida Calligraphy Italic','Italic',7,1),(1421,'Lucida Fax','Lucida Fax Regular','Regular',7,1),(1422,'Lucida Fax','Lucida Fax Italic','Italic',7,1),(1423,'Lucida Fax','Lucida Fax Demibold','Demibold',7,1),(1424,'Lucida Fax','Lucida Fax Demibold Italic','Demibold Italic',7,1),(1425,'Lucida Handwriting','Lucida Handwriting Italic','Italic',7,1),(1426,'Magneto','Magneto Bold','Bold',7,1),(1427,'Mangal','Mangal Bold','Bold',7,1),(1428,'Matura MT Script Capitals','Matura MT Script Capitals','Regular',7,1),(1429,'Microsoft Himalaya','Microsoft Himalaya','Regular',7,1),(1430,'Microsoft New Tai Lue','Microsoft New Tai Lue','Regular',7,1),(1431,'Microsoft New Tai Lue','Microsoft New Tai Lue Bold','Bold',7,1),(1432,'Microsoft PhagsPa','Microsoft PhagsPa','Regular',7,1),(1433,'Microsoft PhagsPa','Microsoft PhagsPa Bold','Bold',7,1),(1434,'Microsoft Tai Le','Microsoft Tai Le','Regular',7,1),(1435,'Microsoft Tai Le','Microsoft Tai Le Bold','Bold',7,1),(1436,'Microsoft Yi Baiti','Microsoft Yi Baiti','Regular',7,1),(1437,'Mistral','Mistral','Regular',7,1),(1438,'Modern No. 20','Modern No. 20','Regular',7,1),(1439,'Mongolian Baiti','Mongolian Baiti','Regular',7,1),(1440,'MoolBoran','MoolBoran','Regular',7,1),(1441,'MS Outlook','MS Outlook','Regular',7,1),(1442,'MS Reference Sans Serif','MS Reference Sans Serif','Regular',7,1),(1443,'MS Reference Specialty','MS Reference Specialty','Regular',7,1),(1444,'MT Extra','MT Extra','Regular',7,1),(1445,'Niagara Engraved','Niagara Engraved','Regular',7,1),(1446,'Niagara Solid','Niagara Solid','Regular',7,1),(1447,'Nyala','Nyala','Regular',7,1),(1448,'Old English Text MT','Old English Text MT','Regular',7,1),(1449,'Onyx','Onyx','Regular',7,1),(1450,'Parchment','Parchment','Regular',7,1),(1451,'Plantagenet Cherokee','Plantagenet Cherokee','Regular',7,1),(1452,'Playbill','Playbill','Regular',7,1),(1453,'Poor Richard','Poor Richard','Regular',7,1),(1454,'Ravie','Ravie','Regular',7,1),(1455,'Sakkal Majalla','Sakkal Majalla','Regular',7,1),(1456,'Sakkal Majalla','Sakkal Majalla Bold','Bold',7,1),(1457,'Segoe Print','Segoe Print','Regular',7,1),(1458,'Segoe Print','Segoe Print Bold','Bold',7,1),(1459,'Segoe Script','Segoe Script','Regular',7,1),(1460,'Segoe Script','Segoe Script Bold','Bold',7,1),(1461,'Segoe UI','Segoe UI Light','Light',7,1),(1462,'Segoe UI','Segoe UI','Regular',7,1),(1463,'Segoe UI','Segoe UI Italic','Italic',7,1),(1464,'Segoe UI','Segoe UI Semibold','Semibold',7,1),(1465,'Segoe UI','Segoe UI Bold','Bold',7,1),(1466,'Segoe UI','Segoe UI Bold Italic','Bold Italic',7,1),(1467,'Segoe UI Symbol','Segoe UI Symbol','Regular',7,1),(1468,'Shonar Bangla','Shonar Bangla','Regular',7,1),(1469,'Shonar Bangla','Shonar Bangla Bold','Bold',7,1),(1470,'Showcard Gothic','Showcard Gothic','Regular',7,1),(1471,'Shruti','Shruti Bold','Bold',7,1),(1472,'Snap ITC','Snap ITC','Regular',7,1),(1473,'Stencil','Stencil','Regular',7,1),(1474,'Sydnie','Sydnie','Regular',7,1),(1475,'Tempus Sans ITC','Tempus Sans ITC','Regular',7,1),(1476,'Tunga','Tunga Bold','Bold',7,1),(1477,'Utsaah','Utsaah','Regular',7,1),(1478,'Utsaah','Utsaah Italic','Italic',7,1),(1479,'Utsaah','Utsaah Bold','Bold',7,1),(1480,'Utsaah','Utsaah Bold Italic','Bold Italic',7,1),(1481,'Vani','Vani','Regular',7,1),(1482,'Vani','Vani Bold','Bold',7,1),(1483,'Vijaya','Vijaya','Regular',7,1),(1484,'Vijaya','Vijaya Bold','Bold',7,1),(1485,'Viner Hand ITC','Viner Hand ITC','Regular',7,1),(1486,'Vivaldi','Vivaldi Italic','Italic',7,1),(1487,'Vladimir Script','Vladimir Script','Regular',7,1),(1488,'Vrinda','Vrinda','Regular',7,1),(1489,'Vrinda','Vrinda Bold','Bold',7,1),(1490,'Wide Latin','Wide Latin','Regular',7,1),(1491,'Wingdings 2','Wingdings 2','Regular',7,1),(1492,'Wingdings 3','Wingdings 3','Regular',7,1),(1493,'Kozuka Gothic Pr6N',' Pr6N EL','EL',7,1),(1494,'Kozuka Gothic Pr6N',' Pr6N L','L',7,1),(1495,'Kozuka Gothic Pr6N',' Pr6N R','R',7,1),(1496,'Kozuka Gothic Pr6N',' Pr6N M','M',7,1),(1497,'Kozuka Gothic Pr6N',' Pr6N B','B',7,1),(1498,'Kozuka Gothic Pr6N',' Pr6N H','H',7,1),(1499,'Kozuka Gothic Pro',' Pro EL','EL',7,1),(1500,'Kozuka Gothic Pro',' Pro L','L',7,1),(1501,'Kozuka Gothic Pro',' Pro R','R',7,1),(1502,'Kozuka Gothic Pro',' Pro M','M',7,1),(1503,'Kozuka Gothic Pro',' Pro B','B',7,1),(1504,'Kozuka Gothic Pro',' Pro H','H',7,1),(1505,'Kozuka Mincho Pr6N',' Pr6N EL','EL',7,1),(1506,'Kozuka Mincho Pr6N',' Pr6N L','L',7,1),(1507,'Kozuka Mincho Pr6N',' Pr6N R','R',7,1),(1508,'Kozuka Mincho Pr6N',' Pr6N M','M',7,1),(1509,'Kozuka Mincho Pr6N',' Pr6N B','B',7,1),(1510,'Kozuka Mincho Pr6N',' Pr6N H','H',7,1),(1511,'Kozuka Mincho Pro',' Pro EL','EL',7,1),(1512,'Kozuka Mincho Pro',' Pro L','L',7,1),(1513,'Kozuka Mincho Pro',' Pro R','R',7,1),(1514,'Kozuka Mincho Pro',' Pro M','M',7,1),(1515,'Kozuka Mincho Pro',' Pro B','B',7,1),(1516,'Kozuka Mincho Pro',' Pro H','H',7,1),(1517,'Meiryo','','',7,1),(1518,'Meiryo',' ','',7,1),(1519,'Meiryo',' ','',7,1),(1520,'Meiryo','  ',' ',7,1),(1521,'Meiryo UI','Meiryo UI Regular','Regular',7,1),(1522,'Meiryo UI','Meiryo UI Italic','Italic',7,1),(1523,'Meiryo UI','Meiryo UI Bold','Bold',7,1),(1524,'Meiryo UI','Meiryo UI Bold Italic','Bold Italic',7,1),(1525,'MS Gothic',' ','',7,1),(1526,'MS Mincho',' ','',7,1),(1527,'MS PGothic',' ','',7,1),(1528,'MS PMincho',' ','',7,1),(1529,'MS UI Gothic','MS UI Gothic ','',7,1),(1530,'DFKai-SB','','Regular',7,1),(1531,'Adobe Fan Heiti Std','Adobe  Std B','B',7,1),(1532,'Microsoft JhengHei','','Regular',7,1),(1533,'Microsoft JhengHei',' Bold','Bold',7,1),(1534,'Adobe Ming Std','Adobe  Std L','L',7,1),(1535,'MingLiU','','Regular',7,1),(1536,'MingLiU-ExtB','-ExtB','Regular',7,1),(1537,'MingLiU_HKSCS','_HKSCS','Regular',7,1),(1538,'MingLiU_HKSCS-ExtB','_HKSCS-ExtB','Regular',7,1),(1539,'PMingLiU','','Regular',7,1),(1540,'PMingLiU-ExtB','-ExtB','Regular',7,1),(1541,'Adobe Fangsong Std','Adobe  Std R','R',7,1),(1542,'Adobe Heiti Std','Adobe  Std R','R',7,1),(1543,'Adobe Kaiti Std','Adobe  Std R','R',7,1),(1544,'Microsoft YaHei','','Regular',7,1),(1545,'Microsoft YaHei',' Bold','Bold',7,1),(1546,'NSimSun','','Regular',7,1),(1547,'SimHei','','Regular',7,1),(1548,'SimSun','','Regular',7,1),(1549,'SimSun-ExtB','SimSun-ExtB Regular','Regular',7,1),(1550,'Adobe Song Std','Adobe  Std L','L',7,1),(1551,'Batang','','Regular',7,1),(1552,'BatangChe',' Medium','Medium',7,1),(1553,'Dotum','','Regular',7,1),(1554,'DotumChe',' Regular','Regular',7,1),(1555,'Adobe Gothic Std','Adobe  Std B','B',7,1),(1556,'Gulim','','Regular',7,1),(1557,'GulimChe',' Regular','Regular',7,1),(1558,'Gungsuh','','Regular',7,1),(1559,'GungsuhChe',' Regular','Regular',7,1),(1560,'Malgun Gothic',' ','Regular',7,1),(1561,'Malgun Gothic','  Bold','Bold',7,1),(1562,'Adobe Myungjo Std','Adobe  Std M','M',7,1),(1563,'Microsoft Uighur','Microsoft Uighur Regular','Regular',7,1),(1564,'Gisha','Gisha Regular','Regular',7,1),(1565,'Gisha','Gisha Bold','Bold',7,1),(1566,'DokChampa','DokChampa Regular','Regular',7,1),(1567,'Leelawadee','Leelawadee Regular','Regular',7,1),(1568,'Leelawadee','Leelawadee Bold','Bold',7,1),(1569,'ITC Charter','CharterITCbyBT-Roman','',1,0),(1570,'ITC Charter','CharterITCbyBT-Black','',1,0),(1571,'ITC Charter','CharterITCbyBT-Italic','',1,0),(1572,'ITC Charter','CharterITCbyBT-BlackItalic','',1,0),(1573,'ITC Charter BT','ITC Charter BT Regular','Regular',7,1),(1574,'dwerneck','Daniel Werneck\'s Handwriting','Regular',7,1),(1575,'Helvetica LT Std','Helvetica LT Std Bold','Bold',7,1),(1576,'Helvetica LT Std','Helvetica LT Std Bold Oblique','Bold Oblique',7,1),(1577,'Times','Times Roman','Regular',7,1),(1578,'Times','Times Italic','Italic',7,1),(1579,'Times','Times Bold','Bold',7,1),(1580,'Times','Times Bold Italic','Bold Italic',7,1),(1581,'Whitney (OTF)','Whitney-Medium','Medium',7,1),(1582,'Whitney Book','Whitney-Book','Regular',7,1),(1583,'Whitney Semibold','Whitney-Semibold','Regular',7,1),(1584,'Zapf Dingbats','Zapf Dingbats','Regular',7,1),(1585,'JansonText','Janson Text 56 Italic','Medium Italic',7,1),(1586,'JansonText','Janson Text 75 Bold','Bold',7,1),(1587,'JansonText','Janson Text 76 Bold Italic','Bold Italic',7,1),(1588,'Euro Sans','Euro Sans Regular','Regular',7,1),(1589,'Euro Sans','Euro Sans Bold','Bold',7,1),(1590,'Euro Serif','Euro Serif Regular','Regular',7,1),(1591,'Euro Serif','Euro Serif Bold','Bold',7,1),(1592,'Gotham','Gotham Thin','Thin',7,1),(1593,'Gotham','Gotham Thin Italic','Thin Italic',7,1),(1594,'Gotham','Gotham Extra Light','Extra Light',7,1),(1595,'Gotham','Gotham Extra Light Italic','Extra Light Italic',7,1),(1596,'Gotham Condensed','Gotham Condensed Light','Light',7,1),(1597,'Gotham Condensed','Gotham Condensed Medium','Medium',7,1),(1598,'Gotham Condensed','Gotham Condensed Bold','Bold',7,1),(1599,'Gotham XNarrow','Gotham XNarrow Thin','Thin',7,1),(1600,'Gotham XNarrow','Gotham XNarrow Thin Italic','Thin Italic',7,1),(1601,'Gotham XNarrow','Gotham XNarrow Extra Light','Extra Light',7,1),(1602,'Gotham XNarrow','Gotham XNarrow Extra Light Italic','Extra Light Italic',7,1),(1603,'Gotham XNarrow','Gotham XNarrow Light','Light',7,1),(1604,'Gotham XNarrow','Gotham XNarrow Light Italic','Light Italic',7,1),(1605,'Gotham XNarrow','Gotham XNarrow Medium','Medium',7,1),(1606,'Gotham XNarrow','Gotham XNarrow Medium Italic','Medium Italic',7,1),(1607,'Gotham XNarrow','Gotham XNarrow Black','Black',7,1),(1608,'Gotham XNarrow','Gotham XNarrow Black Italic','Black Italic',7,1),(1609,'Gotham XNarrow','Gotham XNarrow Ultra','Ultra',7,1),(1610,'Gotham XNarrow','Gotham XNarrow Ultra Italic','Ultra Italic',7,1),(1611,'Helvetica Greek','Helvetica Greek Upright','Upright',7,1),(1612,'Helvetica Greek','Helvetica Greek Bold','Bold',7,1),(1613,'JansonText','Janson Text 55 Roman','Medium',7,1),(1614,'Myriad','Myriad 406 wt 600 wd','Regular',7,1),(1615,'Myriad','Myriad 406 wt 600 wd Italic','Italic',7,1),(1616,'Myriad','Myriad Cn Semibold','Semibold',7,1),(1617,'Myriad','Myriad Cn Semibold Italic','Semibold Italic',7,1),(1618,'Myriad','Myriad Bold','Bold',7,1),(1619,'Myriad','Myriad Cn Bold Italic','Bold Italic',7,1),(1620,'Myriad Condensed Web','Myriad Condensed Web','Regular',7,1),(1621,'Myriad Condensed Web','Myriad Condensed Web Italic','Italic',7,1),(1622,'Myriad Condensed Web CE','Myriad Condensed Web CE','Regular',7,1),(1623,'Myriad Condensed Web CE','Myriad Condensed Web CE Italic','Italic',7,1),(1624,'Myriad Pro','Myriad Pro Light Condensed','Light Condensed',7,1),(1625,'Myriad Pro','Myriad Pro Light Condensed Italic','Light Condensed Italic',7,1),(1626,'Myriad Pro','Myriad Pro Semibold Condensed','Semibold Condensed',7,1),(1627,'Myriad Pro','Myriad Pro Semibold Condensed Italic','Semibold Condensed Italic',7,1),(1628,'Myriad Pro','Myriad Pro Black Condensed Italic','Black Condensed Italic',7,1),(1629,'Myriad Pro','Myriad Pro Black','Black',7,1),(1630,'Myriad Pro','Myriad Pro Black Italic','Black Italic',7,1),(1631,'Myriad Pro','Myriad Pro Light SemiExtended','Light SemiExtended',7,1),(1632,'Myriad Pro','Myriad Pro Light SemiExtended Italic','Light SemiExtended Italic',7,1),(1633,'Myriad Pro','Myriad Pro SemiExtended','SemiExtended',7,1),(1634,'Myriad Pro','Myriad Pro SemiExtended Italic','SemiExtended Italic',7,1),(1635,'Myriad Pro','Myriad Pro Semibold SemiExtended','Semibold SemiExtended',7,1),(1636,'Myriad Pro','Myriad Pro Semibold SemiExtended Italic','Semibold SemiExtended Italic',7,1),(1637,'Myriad Pro','Myriad Pro Bold SemiExtended','Bold SemiExtended',7,1),(1638,'Myriad Pro','Myriad Pro Bold SemiExtended Italic','Bold SemiExtended Italic',7,1),(1639,'Myriad Pro','Myriad Pro Black SemiExtended','Black SemiExtended',7,1),(1640,'Myriad Pro','Myriad Pro Black SemiExtended Italic','Black SemiExtended Italic',7,1),(1641,'Myriad Web','Myriad Web','Regular',7,1),(1642,'Myriad Web','Myriad Web Italic','Italic',7,1),(1643,'Myriad Web','Myriad Web Bold','Bold',7,1),(1644,'Myriad Web CE','Myriad Web CE','Regular',7,1),(1645,'Myriad Web CE','Myriad Web CE Italic','Italic',7,1),(1646,'Myriad Web CE','Myriad Web CE Bold','Bold',7,1),(1647,'Rockwell','Rockwell Light','Light',7,1),(1648,'Rockwell','Rockwell Light Italic','Light Italic',7,1),(1649,'Rockwell','Rockwell Italic','Italic',7,1),(1650,'Rockwell','Rockwell Bold','Bold',7,1),(1651,'Rockwell','Rockwell Bold Italic ','Bold Italic',7,1),(1652,'Tourism','TourismTwo','Medium',7,1),(1653,'Whitney (TT)','Whitney-BookItalic','Medium',7,1),(1654,'Whitney (TT)','Whitney-Bold','Bold',7,1),(1655,'','Humanist777BT-BoldB','',1,0),(1656,'','Humanist777BT-BoldCondensedB','',1,0),(1657,'','Humanist777BT-LightB','',1,0),(1658,'','Humanist777BT-RomanB','',1,0),(1659,'','Humanist777BT-RomanCondensedB','',1,0),(1660,'','MetaMedium-Roman','',1,0),(1661,'Joanna MT Std','','',7,0),(1662,'Frutiger LT','','',7,0),(1663,'Neo Sans','','',7,0),(1664,'GoetheGothic','','',7,0),(1665,'dearJoe4','','',7,0),(1666,'Alinea Roman','','',7,0),(1667,'AlineaRoman','','',7,0),(1668,'ITC Galliard','','',7,0),(1669,'Gotham Narrow (T1)','','',7,0),(1670,'Joanna MT SemiBold','Joanna MT SemiBold Italic','SemiBold Italic',7,1),(1671,'Joanna MT SemiBold','Joanna MT SemiBold','SemiBold',7,1),(1672,'Joanna MT Extra Bold','Joanna MT Extra Bold','ExtraBold',7,1),(1673,'Joanna MT','Joanna MT Bold Italic','Bold Italic',7,1),(1674,'Joanna MT','Joanna MT Bold','Bold',7,1),(1675,'Joanna MT','Joanna MT Italic','Italic',7,1),(1676,'Joanna MT','Joanna MT','Regular',7,1),(1677,'Museo','Museo 100','',7,1),(1678,'Museo','Museo 500','',7,1),(1679,'Museo','Museo 700','',7,1),(1680,'Euro Sans','EuroSans-Regular','',1,0),(1681,'Euro Sans','EuroSans-Bold','',1,0),(1682,'Euro Serif','EuroSerif-Regular','',1,0),(1683,'Euro Serif','EuroSerif-Bold','',1,0),(1684,'Gotham Condensed Bold','GothamCondensed-Bold','',1,0),(1685,'Gotham Condensed Light','GothamCondensed-Light','',1,0),(1686,'Gotham Condensed Medium','GothamCondensed-Medium','',1,0),(1687,'Gotham Extra Light','Gotham-ExtraLight','',1,1),(1688,'Gotham Extra Light','Gotham-ExtraLightItalic','',1,1),(1689,'Gotham Thin','Gotham-Thin','',1,1),(1690,'Gotham Thin','Gotham-ThinItalic','',1,1),(1691,'Gotham XNarrow Black','GothamXNarrow-Black','',1,1),(1692,'Gotham XNarrow Black','GothamXNarrow-BlackItalic','',1,1),(1693,'Gotham XNarrow Light','GothamXNarrow-Light','',1,1),(1694,'Gotham XNarrow Light','GothamXNarrow-LightItalic','',1,1),(1695,'Gotham XNarrow Medium','GothamXNarrow-MediumItalic','',1,1),(1696,'Gotham XNarrow Thin','GothamXNarrow-Thin','',1,1),(1697,'Gotham XNarrow Thin','GothamXNarrow-ThinItalic','',1,1),(1698,'Gotham XNarrow Ultra','GothamXNarrow-Ultra','',1,1),(1699,'Gotham XNarrow Ultra','GothamXNarrow-UltraItalic','',1,1),(1700,'Gotham XNarrow XLight','GothamXNarrow-XLight','',1,1),(1701,'Gotham XNarrow XLight','GothamXNarrow-XLightItalic','',1,1),(1702,'Helvetica Greek Bold','HelveticaGreek-Bold','',1,1),(1703,'Helvetica Greek Upright','HelveticaGreek-Upright','',1,1),(1704,'JansonText','JansonText-Roman','',1,0),(1705,'JansonText','JansonText-Bold','',1,0),(1706,'JansonText','JansonText-Italic','',1,0),(1707,'JansonText','JansonText-BoldItalic','',1,0),(1708,'Joanna MT','JoannaMT','',1,0),(1709,'Joanna MT','JoannaMT-Bold','',1,0),(1710,'Joanna MT','JoannaMT-Italic','',1,0),(1711,'Joanna MT','JoannaMT-BoldItalic','',1,0),(1712,'Joanna MT Extra Bold','JoannaMT-ExtraBold','',1,0),(1713,'Joanna MT SemiBold','JoannaMT-SemiBold','',1,0),(1714,'Joanna MT SemiBold','JoannaMT-SemiBoldItalic','',1,0),(1715,'Museo 100','Museo-100','',1,1),(1716,'Museo 500','Museo-500','',1,0),(1717,'Museo 700','Museo-700','',1,1),(1718,'Myriad','Myriad-406_wt_600_wd','',1,0),(1719,'Myriad','Myriad-Bold','',1,0),(1720,'Myriad','Myriad-406_wt_600_wd-Italic','',1,0),(1721,'Myriad','Myriad-CnBoldItalic','',1,0),(1722,'Myriad Condensed Web','Myriad-CnWeb','',1,0),(1723,'Myriad Condensed Web','Myriad-CnItWeb','',1,0),(1724,'Myriad Condensed Web CE','Myriad-CnWebCE','',1,0),(1725,'Myriad Condensed Web CE','Myriad-CnItWebCE','',1,0),(1726,'Myriad Pro Black','MyriadPro-Black','',1,1),(1727,'Myriad Pro Black','MyriadPro-BlackIt','',1,1),(1728,'Myriad Pro Black Cond','MyriadPro-BlackCondIt','',1,1),(1729,'Myriad Pro Black SemiExt','MyriadPro-BlackSemiExt','',1,0),(1730,'Myriad Pro Black SemiExt','MyriadPro-BlackSemiExtIt','',1,0),(1731,'Myriad Pro Light Cond','MyriadPro-LightCond','',1,1),(1732,'Myriad Pro Light Cond','MyriadPro-SemiboldCond','',1,1),(1733,'Myriad Pro Light Cond','MyriadPro-LightCondIt','',1,1),(1734,'Myriad Pro Light Cond','MyriadPro-SemiboldCondIt','',1,1),(1735,'Myriad Pro Light SemiExt','MyriadPro-LightSemiExt','',1,0),(1736,'Myriad Pro Light SemiExt','MyriadPro-SemiboldSemiExt','',1,0),(1737,'Myriad Pro Light SemiExt','MyriadPro-LightSemiExtIt','',1,0),(1738,'Myriad Pro Light SemiExt','MyriadPro-SemiboldSemiExtIt','',1,0),(1739,'Myriad Pro SemiExt','MyriadPro-SemiExt','',1,0),(1740,'Myriad Pro SemiExt','MyriadPro-BoldSemiExt','',1,0),(1741,'Myriad Pro SemiExt','MyriadPro-SemiExtIt','',1,0),(1742,'Myriad Pro SemiExt','MyriadPro-BoldSemiExtIt','',1,0),(1743,'Myriad Web','Myriad-Web','',1,0),(1744,'Myriad Web','Myriad-BdWeb','',1,0),(1745,'Myriad Web','Myriad-ItWeb','',1,0),(1746,'Myriad Web CE','Myriad-WebCE','',1,0),(1747,'Myriad Web CE','Myriad-BdWebCE','',1,0),(1748,'Myriad Web CE','Myriad-ItWebCE','',1,0),(1749,'Rockwell','Rockwell-Bold','',1,1),(1750,'Rockwell','Rockwell-Italic','',1,1),(1751,'Rockwell','Rockwell-BoldItalic','',1,1),(1752,'Tourism','TourismTwo','',1,0),(1753,'','CenturyGothicLG-Bold','',1,0),(1754,'','CenturyGothicLG-Light','',1,0),(1755,'','CenturyGothicLG-Medium','',1,0),(1756,'','CenturyGothicLG-MediumItalic','',1,0),(1757,'','GaramondITCbyBT-Bold','',1,0),(1758,'','GaramondITCbyBT-Book','',1,0),(1759,'','GaramondITCbyBT-Light','',1,0),(1760,'','CenturyGothic','',1,0),(1761,'Museo','Museo 700','700',7,1),(1762,'Museo','Museo 100','100',7,1),(1763,'Museo','Museo 500','500',7,1),(1764,'Foundry Monoline OT2','','',7,0),(1765,'ITC Galliard','Galliard-Roman','',1,1),(1766,'RotisSansSerif','RotisSansSerif','',1,0),(1767,'ITC Avant Garde Gothic BT','','',7,0),(1768,'Courier (T1)','','',7,0),(1769,'SimSun','SimSun','Regular',7,0),(1770,'Swiss 721 BT','','',7,0),(1771,'','FuturaStd-Book','',1,0),(1772,'','FuturaStd-Light','',1,0),(1773,'','RockwellStd-Bold','',1,0),(1774,'','RockwellStd-Light','',1,0),(1775,'Helvetica (BM)','','',7,0),(1776,'Marker Felt','','',7,0),(1777,'Arial Rounded MT Bold','','',7,0),(1778,'Arial Rounded MT Bold','ArialRoundedMTBold','',1,0),(1779,'Arial Rounded MT Bold','Arial Rounded MT Bold','Regular',7,1),(1780,'Helvetica Neue (TT)','Helvetica Neue Medium','Medium',7,1),(1781,'','Helvetica-LightOblique','',1,0),(1782,'','LucidaGrande','',1,0),(1783,'RotisSansSerif ExtraBold','RotisSansSerif-ExtraBold','',1,0),(1784,'','Universal-NewswithCommPi','',1,0),(1785,'Archer','','',7,0),(1786,'Azbuka','','',7,0),(1787,'Helvetica Neue (T1)','','',7,0),(1788,'Bodoni','','',7,0),(1789,'Neo Sans Std','','',7,0),(1790,'Agenda','Agenda-Light','',1,1),(1791,'Agenda','Agenda-Bold','',1,1),(1792,'Agenda','Agenda-MediumItalic','',1,1),(1793,'Commercial Pi','CommercialPiBT-Regular','',1,1),(1794,'RotisSansSerif','RotisSansSerif-Italic','',1,0),(1795,'StainlessExt','StainlessExt-Light','',1,0),(1796,'Swis721 Lt BT','','',7,0),(1797,'Swis721 Md BT','','',7,0),(1798,'Delivery','','',7,0),(1799,'ITC Galliard','Galliard-Bold','',1,1),(1800,'ITC Galliard','Galliard-Italic','',1,1),(1801,'ITC Galliard','Galliard-BoldItalic','',1,1),(1802,'NewsGoth Dm BT','','',7,0),(1803,'ITC Galliard','ITC Galliard Bold','Bold',7,1),(1804,'SimSun','','',7,0),(1805,'Zeroes 3','','',7,0),(1806,'Gotham (T1)','','',7,0),(1807,'Geometric Slabserif 703 BT','','',7,0),(1808,'Goudy Oldstyle Std','','',7,0),(1809,'ITC Franklin Gothic BT','','',7,0),(1810,'Whitney','','',7,0),(1811,'Angelina','','',7,0),(1812,'Times (TT)','','',7,0),(1813,'Agenda','Agenda-Light','Regular',7,1),(1814,'Agenda (OTF)','Agenda-MediumItalic','Italic',7,1),(1815,'Agenda (TT)','Agenda-Bold','Bold',7,1),(1816,'ITC Avant Garde Gothic Book BT','ITC Avant Garde Gothic Book BT Regular','Regular',7,1),(1817,'ITC Avant Garde Gothic BT','ITC Avant Garde Gothic BT Medium','Medium',7,1),(1818,'ITC Avant Garde Gothic BT','ITC Avant Garde Gothic BT Bold','Bold',7,1),(1819,'Bird & Bird','Bird & Bird Ampersand','Ampersand',7,1),(1820,'Helvetica Neue (TT)','Helvetica Neue Regular','Regular',7,1),(1821,'Helvetica Neue Condensed Black','Helvetica Neue Condensed Black Regular','Regular',7,1),(1822,'Helvetica Neue Light','Helvetica Neue Light Regular','Regular',7,1),(1823,'Helvetica Neue UltraLight','Helvetica Neue UltraLight Regular','Regular',7,1),(1824,'Publico Text','Publico Text Roman','Roman',7,1),(1825,'Publico Text','Publico Text Italic','Italic',7,1),(1826,'Rockwell','Rockwell Bold Condensed','Bold',7,1),(1827,'Rockwell Condensed','Rockwell Condensed Bold','Bold',7,1),(1828,'Bird & Bird','Bird-and-Bird-Ampersand','',1,1),(1829,'ITC Avant Garde Gothic','AvantGardeITCbyBT-Medium','',1,1),(1830,'ITC Avant Garde Gothic','AvantGardeITCbyBT-Bold','',1,1),(1831,'ITC Avant Garde Gothic Book','AvantGardeITCbyBT-Book','',1,1),(1832,'ITC Avant Garde Gothic Demi','AvantGardeITCbyBT-Demi','',1,1),(1833,'Publico Text','PublicoText-Roman','',1,1),(1834,'Publico Text','PublicoText-Italic','',1,1),(1835,'Rockwell','Rockwell-LightItalic','',1,0),(1836,'Rockwell Condensed','Rockwell-CondensedBold','',1,1),(1837,'Gotham','','',7,0),(1838,'Gotham XNarrow','','',7,0),(1839,'Wingdings 2','','',7,0),(1840,'Apple Symbols','','',7,0),(1841,'Wingdings 3','','',7,0),(1842,'Commercial Pi BT (OTF)','','',7,0),(1843,'Commercial Pi BT (T1)','','',7,0),(1846,'XB Futura ExtraBold','Futura-ExtraBold','',1,0),(1844,'NewsGoth BT','','',7,0),(1845,'News Gothic MT','','',7,0),(1847,'HelveticaNeue BlackCond','HelveticaNeue-BlackCond','',1,0),(1848,'HelveticaNeue HeavyCond','HelveticaNeue-HeavyCond','',1,0),(1864,'Helvetica Neue','HelveticaNeue-BoldCondObl','',1,0),(1849,'Syntax','','',7,0),(1850,'Antique Olive','','',7,0),(1851,'DINOT','','',7,0),(1852,'Futura','Futura Medium','Medium',7,1),(1853,'Futura BT','Futura BT Bold','Bold',7,1),(1854,'ITC Galliard','ITC Galliard Roman','Medium',7,1),(1855,'ITC Galliard','ITC Galliard Italic','Medium Italic',7,1),(1856,'ITC Galliard','ITC Galliard Bold Italic','Bold Italic',7,1),(2011,'Myriad Pro','Myriad Pro Bold SemiCondensed','Bold SemiCondensed',7,1),(1857,'Helvetica (OTF)','Helvetica Oblique','Italic',7,1),(1858,'Helvetica Neue (OTF)','Helvetica 57 Condensed','Regular',7,1),(1859,'HelveticaNeue','12 pt. Helvetica* 75 Bold 07472','Regular',7,1),(1860,'RotisSansSerif','Rotis Sans Serif 55','Regular',7,1),(1861,'RotisSansSerif','Rotis Sans Serif Italic 56','Italic',7,1),(1862,'RotisSansSerif ExtraBold','Rotis Sans Serif Extra Bold 75','ExtraBold',7,1),(1863,'Futura','Futura','',1,0),(1865,'Helvetica 55 Roman','HelveticaNeue-Roman','',1,0),(1866,'Nobel','','',7,0),(1867,'Gotham Narrow','','',7,0),(1868,'Helvetica Neue LT Pro','','',7,0),(1869,'Helvetica Neue (OTF)','Helvetica 77 Bold Condensed Oblique','Regular',7,1),(1870,'Helvetica Neue (OTF)','12 pt Helvetica* 55 Roman 05472','Regular',7,1),(1871,'Monaco','','',7,0),(1872,'Santa Fe LET','','',7,0),(1873,'Sathu','','',7,0),(1874,'ITC Zapf Dingbats','','',7,0),(1881,'NewsGotTBol','','',7,0),(1875,'Trade Gothic LT Std','TradeGothicLTStd','',1,0),(1876,'','TradeGothicLTStd-BdCn20','',1,0),(1877,'Trade Gothic LT Std Bold Ext','TradeGothicLTStd-BoldExt','',1,0),(1878,'','TradeGothicLTStd-Cn18','',1,0),(1879,'Trade Gothic LT Std Ext','TradeGothicLTStd-Extended','',1,0),(1880,'Trade Gothic LT Std','','',7,0),(1882,'Euro Sans','','',7,0),(1883,'The Sans Light-','','',7,0),(1884,'AlineaRoman','AlineaRoman-Regular','Regular',7,1),(1885,'AlineaRoman','AlineaRoman-RegularItalic','Regular Italic',7,1),(1886,'AlineaRoman','AlineaRoman-Bold','Bold',7,1),(1887,'AlineaRoman','AlineaRoman-BoldItalic','Bold Italic',7,1),(1888,'AlineaRomanExp','AlineaRomanExp-Regular','Regular',7,1),(1889,'AlineaRomanExp','AlineaRomanExp-RegularItalic','Regular Italic',7,1),(1890,'AlineaRomanExp','AlineaRomanExp-Bold','Bold',7,1),(1891,'AlineaRomanExp','AlineaRomanExp-BoldItalic','Bold Italic',7,1),(1892,'AlineaRomanExpMedium','AlineaRomanExpMedium','Regular',7,1),(1893,'AlineaRomanExpMedium','AlineaRomanExpMedium-Italic','Italic',7,1),(1894,'AlineaRomanMedium','AlineaRomanMedium','Regular',7,1),(1895,'AlineaRomanMedium','AlineaRomanMedium-Italic','Italic',7,1),(1896,'ITC Galliard Black','ITC Galliard Black','Regular',7,1),(1897,'ITC Galliard Black','ITC Galliard Black Italic','Italic',7,1),(1898,'ITC Galliard Ultra','ITC Galliard Ultra','Regular',7,1),(1899,'ITC Galliard Ultra','ITC Galliard Ultra Italic','Italic',7,1),(1900,'Gotham Black','Gotham Black Italic','Italic',7,1),(1901,'Gotham Book','Gotham Book Italic','Italic',7,1),(1902,'Gotham Extra Light','Gotham Extra Light','Regular',7,1),(1903,'Gotham Extra Light','Gotham Extra Light Italic','Italic',7,1),(1904,'Gotham Light','Gotham Light','Regular',7,1),(1905,'Gotham Light','Gotham Light Italic','Italic',7,1),(1906,'Gotham Narrow Black','Gotham Narrow Black','Regular',7,1),(1907,'Gotham Narrow Black','Gotham Narrow Black Italic','Italic',7,1),(1908,'Gotham Narrow Extra Light','Gotham Narrow Extra Light','Regular',7,1),(1909,'Gotham Narrow Extra Light','Gotham Narrow Extra Light Italic','Italic',7,1),(1910,'Gotham Narrow Thin','Gotham Narrow Thin','Regular',7,1),(1911,'Gotham Narrow Thin','Gotham Narrow Thin Italic','Italic',7,1),(1912,'Gotham Narrow Ultra','Gotham Narrow Ultra','Regular',7,1),(1913,'Gotham Narrow Ultra','Gotham Narrow Ultra Italic','Italic',7,1),(1914,'Gotham Thin','Gotham Thin','Regular',7,1),(1915,'Gotham Thin','Gotham Thin Italic','Italic',7,1),(1916,'Gotham Ultra','Gotham Ultra','Regular',7,1),(1917,'Gotham Ultra','Gotham Ultra Italic','Italic',7,1),(1918,'Gotham XLight','Gotham-XLight','Regular',7,1),(1919,'Gotham XLight','Gotham-XLightItalic','Italic',7,1),(1920,'Commercial Pi BT','Commercial Pi BT Regular','Regular',7,1),(1921,'Gotham Narrow','Gotham Narrow Book','Book',7,1),(1922,'GeoSlab703 Md BT','GeoSlab703 Md BT Medium Italic','Medium Italic',7,1),(1923,'GeoSlab703 Md BT','GeoSlab703 Md BT Bold','Bold',7,1),(1924,'GeoSlab703 Md BT','GeoSlab703 Md BT Medium','Medium',7,1),(1925,'GeoSlab703 Md BT','GeoSlab703 Md BT Bold Italic','Bold Italic',7,1),(1926,'Gotham Ultra','Gotham Ultra','Regular',7,1),(1927,'Gotham Light','Gotham Light','Regular',7,1),(1928,'Whitney','Whitney Bold','Bold',7,1),(1929,'Whitney','Whitney Book','Book',7,1),(1930,'ITC Franklin Gothic Std','ITC Franklin Gothic Std Demi','Demi',7,1),(1931,'ITC Franklin Gothic Std','ITC Franklin Gothic Std Book','Book',7,1),(1932,'ITC Franklin Gothic Std','ITC Franklin Gothic Std Medium Italic','Medium Italic',7,1),(1933,'ITC Franklin Gothic Std','ITC Franklin Gothic Std Heavy','Heavy',7,1),(1934,'ITC Franklin Gothic Std','ITC Franklin Gothic Std Medium','Medium',7,1),(1935,'ITC Franklin Gothic Std','ITC Franklin Gothic Std Heavy Italic','Heavy Italic',7,1),(1936,'ITC Franklin Gothic Std','ITC Franklin Gothic Std Book Italic','Book Italic',7,1),(1937,'GeoSlab703 Lt BT','GeoSlab703 Lt BT Light','Light',7,1),(1938,'Angelina','Angelina','Regular',7,1),(1939,'ITC Franklin Gothic Std','ITC Franklin Gothic Std Book Extra Compressed','Book Extra Compressed',7,1),(1940,'ITC Franklin Gothic Std','ITC Franklin Gothic Std Demi Extra Compressed','Demi Extra Compressed',7,1),(1941,'ITC Franklin Gothic Std','ITC Franklin Gothic Std Book Compressed','Book Compressed',7,1),(1942,'ITC Franklin Gothic Std','ITC Franklin Gothic Std Book Compressed Italic','Book Compressed Italic',7,1),(1943,'ITC Franklin Gothic Std','ITC Franklin Gothic Std Demi Compressed','Demi Compressed',7,1),(1944,'ITC Franklin Gothic Std','ITC Franklin Gothic Std Demi Compressed Italic','Demi Compressed Italic',7,1),(1945,'ITC Franklin Gothic Std','ITC Franklin Gothic Std Book Condensed','Book Condensed',7,1),(1946,'ITC Franklin Gothic Std','ITC Franklin Gothic Std Book Condensed Italic','Book Condensed Italic',7,1),(1947,'ITC Franklin Gothic Std','ITC Franklin Gothic Std Medium Condensed','Medium Condensed',7,1),(1948,'ITC Franklin Gothic Std','ITC Franklin Gothic Std Medium Condensed Italic','Medium Condensed Italic',7,1),(1949,'ITC Franklin Gothic Std','ITC Franklin Gothic Std Demi Condensed','Demi Condensed',7,1),(1950,'ITC Franklin Gothic Std','ITC Franklin Gothic Std Demi Condensed Italic','Demi Condensed Italic',7,1),(1951,'ITC Franklin Gothic Std','ITC Franklin Gothic Std Demi Italic','Demi Italic',7,1),(1952,'GeoSlab703 Lt BT','GeoSlab703 Lt BT Light Italic','Light Italic',7,1),(1953,'GeoSlab703 XBd BT','GeoSlab703 XBd BT Extra Bold','Extra Bold',7,1),(1954,'GeoSlab703 XBdIt BT','GeoSlab703 XBdIt BT Extra Bold Italic','Extra Bold Italic',7,1),(1955,'Whitney','Whitney Light','Light',7,1),(1956,'Whitney','Whitney Book Italic','Book Italic',7,1),(1957,'Whitney','Whitney Medium','Medium',7,1),(1958,'Whitney','Whitney Medium Italic','Medium Italic',7,1),(1959,'Whitney','Whitney Semibold','Semibold',7,1),(1960,'Whitney','Whitney Semibold Italic','Semibold Italic',7,1),(1961,'Whitney','Whitney Black','Black',7,1),(1991,'Agenda (T1)','','',7,0),(1962,'Helvetica (T1)','','',7,0),(1963,'Compacta BT','Compacta BT Bold','Bold',7,1),(1964,'Compacta BT','Compacta BT Bold Italic','Bold Italic',7,1),(1965,'Courier','Courier PS','PS',7,1),(1966,'Courier','Courier PS Italic','PS Italic',7,1),(1967,'Courier','Courier PS Bold','PS Bold',7,1),(1968,'Courier','Courier PS Bold Italic','PS Bold Italic',7,1),(1969,'Gill Sans','Gill Sans','Regular',7,1),(2012,'NewBaskerville','ITC New Baskerville Italic','Italic',7,1),(1970,'NationalCodes','NationalCodes Africa','Regular',7,1),(1971,'NationalCodes (TT)','NationalCodes Europe','Europe',7,1),(1972,'OCRB','OCRB','Regular',7,1),(1973,'Trade Gothic LH','Trade Gothic LH Extended','Extended',7,1),(1974,'Trade Gothic LH','Trade Gothic LH Bold Extended','Bold Extended',7,1),(1975,'TradeGothic','Trade Gothic','Regular',7,1),(1976,'Univers','Univers 55 Roman','Regular',7,1),(1977,'Univers','Univers 57 Condensed Oblique','Italic',7,1),(1978,'Univers','Univers 75 Black','Bold',7,1),(1979,'Univers','Univers 75 Black Oblique','Bold Italic',7,1),(1980,'HYDaHeiJ','','regular',7,1),(1981,'HYZhongHeiJ','','regular',7,1),(1982,'HYGraPhic','HYGraPhic Bold Bold','Bold',7,1),(1983,'HYGraPhic','HYGraPhic Medium Medium','Medium',7,1),(1984,'','BodoniLT-Book','',1,0),(1985,'HeineZeichen2004','HeineZeichen2004','',1,0),(1986,'','SCreativ4','',1,0),(1987,'','TradeGothicLTStd-Bd2','',1,0),(1988,'Helvetica LT Cyrillic','','',7,0),(1989,'Caflisch Script Pro','','',7,0),(1990,'DistrictThin','','',7,0),(1992,'Times','Times Roman','Roman ',7,1),(2030,'Trade Gothic LH (OTF)','Trade Gothic LH Extended','Regular',7,1),(1993,'ITC New Baskerville','ITC New Baskerville Roman','Regular',7,1),(1994,'ITC New Baskerville LT','ITC New Baskerville LT Roman','Regular',7,1),(1995,'Courier10 BT WGL4','Courier10 BT WGL4','Roman',7,1),(1996,'Courier10 BT WGL4','Courier10 BT WGL4 Italic','Italic',7,1),(1997,'Courier10 BT WGL4','Courier10 BT WGL4 Bold','Bold',7,1),(1998,'Courier10 BT WGL4','Courier10 BT WGL4 Bold Italic','Bold Italic',7,1),(1999,'CrossStitchSolid','CrossStitchSolid','Regular',7,1),(2000,'DIN-Black','DIN-Black','Regular',7,1),(2001,'DIN-Bold','DIN-Bold','Regular',7,1),(2002,'DIN-Light','DIN-Light','Regular',7,1),(2003,'DIN-Medium','DIN-Medium','Regular',7,1),(2004,'DIN-RegularItalic','DIN-RegularItalic','Regular',7,1),(2005,'ITC Galliard','ITC Galliard Roman','Roman',7,1),(2006,'ITC Galliard','ITC Galliard Italic','Italic',7,1),(2007,'Gotham Narrow','Gotham Narrow Extra Light','Extra Light',7,1),(2008,'Gotham Narrow','Gotham Narrow Extra Light Italic','Extra Light Italic',7,1),(2009,'Gotham Narrow','Gotham Narrow Ultra Italic','Ultra Italic',7,1),(2010,'Handsome Pro','Handsome Pro Bold','Bold',7,1),(2013,'NewBaskerville','ITC New Baskerville Bold','Bold',7,1),(2014,'NewBaskerville','ITC New Baskerville Bold Italic','Bold Italic',7,1),(2015,'Stainless-Black','Stainless-Black','Regular',7,1),(2016,'Stainless-Bold','Stainless-Bold','Regular',7,1),(2017,'Stainless-Light','Stainless-Light','Regular',7,1),(2018,'StainlessComp-Black','StainlessComp-Black','Regular',7,1),(2019,'StainlessComp-Bold','StainlessComp-Bold','Regular',7,1),(2020,'StainlessComp-Light','StainlessComp-Light','Regular',7,1),(2021,'StainlessComp-Regular','StainlessComp-Regular','Regular',7,1),(2022,'StainlessCond-Black','StainlessCond-Black','Regular',7,1),(2023,'StainlessCond-Bold','StainlessCond-Bold','Regular',7,1),(2024,'StainlessCond-Light','StainlessCond-Light','Regular',7,1),(2025,'StainlessCond-Regular','StainlessCond-Regular','Regular',7,1),(2026,'StainlessExt','StainlessExt-Black','Black',7,1),(2027,'StainlessExt','StainlessExt-Bold','Bold',7,1),(2028,'Streetbrush','Streetbrush','Regular',7,1),(2029,'Times','Times Bold','Regular',7,1),(2031,'Trade Gothic LH','Trade Gothic LH Bold Extended','Bold',7,1),(2032,'Trade Gothic LT','Trade Gothic LT Condensed No. 18','Regular',7,1),(2033,'Trade Gothic LT','Trade Gothic LT Bold Condensed No. 20','Bold',7,1),(2034,'TradeGothic','Trade Gothic Condensed No. 18 Oblique','Italic',7,1),(2035,'TradeGothic','Trade Gothic Bold','Bold',7,1),(2036,'TradeGothic','Trade Gothic Bold Condensed No. 20 Oblique','Bold Italic',7,1),(2037,'AlineaRoman','AlineaRoman-Regular','',1,1),(2038,'AlineaRoman','AlineaRoman-Bold','',1,1),(2039,'AlineaRoman','AlineaRoman-RegularItalic','',1,1),(2040,'AlineaRoman','AlineaRoman-BoldItalic','',1,1),(2041,'AlineaRomanExp','AlineaRomanExp-Regular','',1,1),(2042,'AlineaRomanExp','AlineaRomanExp-Bold','',1,1),(2043,'AlineaRomanExp','AlineaRomanExp-RegularItalic','',1,1),(2044,'AlineaRomanExp','AlineaRomanExp-BoldItalic','',1,1),(2045,'AlineaRomanExpMedium','AlineaRomanExpMedium','',1,1),(2046,'AlineaRomanExpMedium','AlineaRomanExpMedium-Italic','',1,1),(2047,'AlineaRomanMedium','AlineaRomanMedium','',1,1),(2048,'AlineaRomanMedium','AlineaRomanMedium-Italic','',1,1),(2049,'Angelina','Angelina','',1,1),(2050,'Courier','CourierPS','',1,1),(2051,'Courier','CourierPS-Bold','',1,1),(2052,'Courier','CourierPS-Italic','',1,1),(2053,'Courier','CourierPS-BoldItalic','',1,1),(2054,'Courier10 BT WGL4','Courier10BTWGL4-Roman','',1,1),(2055,'Courier10 BT WGL4','Courier10BTWGL4-Bold','',1,1),(2056,'Courier10 BT WGL4','Courier10BTWGL4-Italic','',1,1),(2057,'Courier10 BT WGL4','Courier10BTWGL4-BoldItalic','',1,1),(2058,'CrossStitchSolid','CrossStitchSolid','',1,1),(2059,'DIN-Black','DIN-Black','',1,1),(2060,'DIN-Bold','DIN-Bold','',1,1),(2061,'DIN-Light','DIN-Light','',1,1),(2062,'DIN-Medium','DIN-Medium','',1,1),(2063,'DIN-RegularItalic','DIN-RegularItalic','',1,1),(2064,'GeoSlab703 Lt BT','GeometricSlab703BT-Light','',1,1),(2065,'GeoSlab703 Lt BT','GeometricSlab703BT-LightItalic','',1,1),(2066,'GeoSlab703 Md BT','GeometricSlab703BT-Medium','',1,1),(2067,'GeoSlab703 Md BT','GeometricSlab703BT-Bold','',1,1),(2068,'GeoSlab703 Md BT','GeometricSlab703BT-MediumItalic','',1,1),(2069,'GeoSlab703 Md BT','GeometricSlab703BT-BoldItalic','',1,1),(2070,'GeoSlab703 XBd BT','GeometricSlab703BT-XtraBold','',1,1),(2071,'GeoSlab703 XBdIt BT','GeometricSlab703BT-XtraBoldItal','',1,1),(2072,'Gotham Narrow Black','GothamNarrow-Black','',1,1),(2073,'Gotham Narrow Black','GothamNarrow-BlackItalic','',1,1),(2074,'Gotham Narrow Thin','GothamNarrow-Thin','',1,1),(2075,'Gotham Narrow Thin','GothamNarrow-ThinItalic','',1,1),(2076,'Gotham Narrow Ultra','GothamNarrow-Ultra','',1,1),(2077,'Gotham Narrow Ultra','GothamNarrow-UltraItalic','',1,1),(2078,'Gotham Narrow XLight','GothamNarrow-XLight','',1,1),(2079,'Gotham Narrow XLight','GothamNarrow-XLightItalic','',1,1),(2080,'Gotham XLight','Gotham-XLight','',1,1),(2081,'Gotham XLight','Gotham-XLightItalic','',1,1),(2082,'Handsome Pro','HandsomePro-Bold','',1,1),(2083,'HYGraPhic Bold','HYGraPhicBold','',1,1),(2084,'HYGraPhic Medium','HYGraPhicMedium','',1,1),(2085,'ITC Franklin Gothic Std Bk Cd','ITCFranklinGothicStd-BkCd','',1,1),(2086,'ITC Franklin Gothic Std Bk Cd','ITCFranklinGothicStd-DmCd','',1,1),(2087,'ITC Franklin Gothic Std Bk Cd','ITCFranklinGothicStd-BkCdIt','',1,1),(2088,'ITC Franklin Gothic Std Bk Cd','ITCFranklinGothicStd-DmCdIt','',1,1),(2089,'ITC Franklin Gothic Std Bk Cp','ITCFranklinGothicStd-BkCp','',1,1),(2090,'ITC Franklin Gothic Std Bk Cp','ITCFranklinGothicStd-DmCp','',1,1),(2091,'ITC Franklin Gothic Std Bk Cp','ITCFranklinGothicStd-BkCpIt','',1,1),(2092,'ITC Franklin Gothic Std Bk Cp','ITCFranklinGothicStd-DmCpIt','',1,1),(2093,'ITC Franklin Gothic Std Bk XCp','ITCFranklinGothicStd-BkXCp','',1,1),(2094,'ITC Franklin Gothic Std Bk XCp','ITCFranklinGothicStd-DmXCp','',1,1),(2095,'ITC Franklin Gothic Std Book','ITCFranklinGothicStd-Book','',1,1),(2096,'ITC Franklin Gothic Std Book','ITCFranklinGothicStd-Demi','',1,1),(2097,'ITC Franklin Gothic Std Book','ITCFranklinGothicStd-BookIt','',1,1),(2098,'ITC Franklin Gothic Std Book','ITCFranklinGothicStd-DemiIt','',1,1),(2099,'ITC Franklin Gothic Std Med','ITCFranklinGothicStd-Med','',1,1),(2100,'ITC Franklin Gothic Std Med','ITCFranklinGothicStd-Hvy','',1,1),(2101,'ITC Franklin Gothic Std Med','ITCFranklinGothicStd-MedIt','',1,1),(2102,'ITC Franklin Gothic Std Med','ITCFranklinGothicStd-HvyIt','',1,1),(2103,'ITC Franklin Gothic Std MedCd','ITCFranklinGothicStd-MdCd','',1,1),(2104,'ITC Franklin Gothic Std MedCd','ITCFranklinGothicStd-MdCdIt','',1,1),(2105,'ITC Galliard Black','Galliard-Black','',1,1),(2106,'ITC Galliard Black','Galliard-BlackItalic','',1,1),(2107,'ITC Galliard Ultra','Galliard-Ultra','',1,1),(2108,'ITC Galliard Ultra','Galliard-UltraItalic','',1,1),(2109,'ITC New Baskerville','NewBaskerville-Roman','',1,1),(2110,'ITC New Baskerville LT','NewBaskervilleLT-Roman','',1,1),(2111,'Myriad Pro SemiCond','MyriadPro-BoldSemiCn','',1,1),(2112,'NewBaskerville','NewBaskerville-Italic','',1,1),(2113,'NewBaskerville','NewBaskerville-Bold','',1,1),(2114,'NewBaskerville','NewBaskerville-BoldItalic','',1,1),(2115,'Stainless-Bold','Stainless-Bold','',1,1),(2116,'Stainless-Light','Stainless-Light','',1,1),(2117,'StainlessComp-Black','StainlessComp-Black','',1,1),(2118,'StainlessComp-Bold','StainlessComp-Bold','',1,1),(2119,'StainlessComp-Light','StainlessComp-Light','',1,1),(2120,'StainlessComp-Regular','StainlessComp-Regular','',1,1),(2121,'StainlessCond-Black','StainlessCond-Black','',1,1),(2122,'StainlessCond-Bold','StainlessCond-Bold','',1,1),(2123,'StainlessCond-Light','StainlessCond-Light','',1,1),(2124,'StainlessCond-Regular','StainlessCond-Regular','',1,1),(2125,'StainlessExt','StainlessExt-Black','',1,1),(2126,'StainlessExt','StainlessExt-Bold','',1,1),(2127,'Streetbrush','Streetbrush','',1,1),(2128,'Times','Times-Bold','',1,1),(2129,'Trade Gothic LH','TradeGothicLH-Extended','',1,1),(2130,'Trade Gothic LH','TradeGothicLH-BoldExtended','',1,1),(2131,'Trade Gothic LT','TradeGothicLT-CondEighteen','',1,1),(2132,'Trade Gothic LT','TradeGothicLT-BoldCondTwenty','',1,1),(2133,'TradeGothic','TradeGothic','',1,1),(2134,'TradeGothic','TradeGothic-Bold','',1,1),(2135,'TradeGothic','TradeGothic-CondEighteenObl','',1,1),(2136,'TradeGothic','TradeGothic-BoldCondTwentyObl','',1,1),(2137,'Whitney Black','Whitney-Black','',1,1),(2138,'Whitney Bold','Whitney-Bold','',1,1),(2139,'Whitney Book','Whitney-BookItalic','',1,1),(2140,'Whitney Light','Whitney-Light','',1,1),(2141,'Whitney Medium','Whitney-MediumItalic','',1,1),(2142,'Whitney Semibold','Whitney-SemiboldItalic','',1,1),(2143,'Wingdings 2','Wingdings2','',1,1),(2144,'Wingdings 3','Wingdings3','',1,1),(2145,'','HYb1gj','',1,1),(2146,'','HYb2gj','',1,1),(2147,'Arial Black','Arial Black','Regular',7,1),(2148,'Calibri','','',7,0),(2149,'StainlessExt (T1)','','',7,0),(2150,'Gotham Book','Gotham Book Italic','Italic',7,1),(2151,'Mail Ray Stuff','MailRayStuff','',1,0),(2152,'Futura XBlkIt BT','FuturaBT-ExtraBlackItalic','',1,0),(2153,'ITCAvantGardeGotDem','ITCAvantGardeGot-Dem','',1,0),(2154,'','TradeGothicLTStd-Light','',1,0),(2155,'ITC Avant Garde Gothic','ITC Avant Garde Gothic Book','Book',7,1),(2156,'ITC Avant Garde Gothic','ITC Avant Garde Gothic Demi','Demi',7,1),(2157,'AvantGarde','AvantGarde-BookOblique','BookOblique',7,1),(2158,'AvantGarde','AvantGarde-DemiOblique','DemiOblique',7,1),(2159,'Bodoni BT','Bodoni BT Book','Book',7,1),(2160,'Bodoni BT','Bodoni BT Book Italic','Book Italic',7,1),(2161,'Bodoni BT','Bodoni BT Bold','Bold',7,1),(2162,'Bodoni BT','Bodoni BT Bold Italic','Bold Italic',7,1),(2163,'Futura','Futura Book','Book',7,1),(2164,'Futura','Futura-BookOblique','BookOblique',7,1),(2165,'Futura','Futura','Regular ',7,1),(2166,'Futura','Futura Medium Oblique','Medium Oblique',7,1),(2167,'Futura','Futura-BoldOblique','BoldOblique',7,1),(2168,'Futura','Futura-ExtraBold','ExtraBold',7,1),(2169,'Futura','Futura-Heavy','Heavy',7,1),(2170,'Futura','Futura Heavy Oblique','Heavy Oblique',7,1),(2171,'Futura BT','Futura BT Light','Light',7,1),(2172,'Futura BT','Futura BT Light Italic','Light Italic',7,1),(2173,'Futura BT','Futura BT Heavy','Heavy',7,1),(2248,'Univers','Univers 65 Bold Oblique','Bold Italic',7,1),(2174,'Gotham Black','Gotham Black','Regular',7,1),(2175,'Gotham Book','Gotham Book','Regular',7,1),(2176,'Gotham Light','Gotham Light','Regular',7,1),(2177,'Gotham Ultra','Gotham Ultra','Regular',7,1),(2178,'Gotham Black','Gotham Black','Regular',7,1),(2179,'Futura BT','Futura BT Heavy Italic','Heavy Italic',7,1),(2180,'Gotham Narrow','Gotham Narrow Thin','Thin',7,1),(2181,'Gotham Narrow','Gotham Narrow Thin Italic','Thin Italic',7,1),(2182,'Gotham Narrow','Gotham Narrow Black','Black',7,1),(2183,'Gotham Narrow','Gotham Narrow Black Italic','Black Italic',7,1),(2184,'Gotham Narrow','Gotham Narrow Ultra','Ultra',7,1),(2185,'Agenda (TT)','Agenda-Light','Light',7,1),(2186,'AvantGarde LT CondBook','AvantGardeLT-CondBook','',1,0),(2187,'','AvantGardeLT-CondMedium','',1,0),(2188,'AvantGarde LT Medium','AvantGardeLT-Medium','',1,0),(2189,'Franklin ITC Pro Medium','FranklinITCPro-Medium','',1,0),(2190,'TradeGothic LT Bold','TradeGothicLT-Bold','',1,0),(2191,'HelveticaNeue','12 pt Helvetica* 55 Roman 05472','Regular',7,1),(2192,'Helvetica Neue (OTF)','','',7,0),(2193,'Myriad Pro (TT)','MyriadPro-Cond','Condensed',7,1),(2194,'Helvetica Neue (OTF)','Helvetica Neue 77 Bold Condensed','77 Bold Condensed',7,1),(2195,'Helvetica Neue (OTF)','12 pt. Helvetica* 65 Medium 06472','Regular',7,0),(2196,'Helvetica Neue (OTF)','Helvetica Neue UltraLight','Regular',7,0),(2197,'Helvetica Neue (OTF)','12 pt Helvetica* 55 Roman 05472','Regular',7,1),(2198,'Arial','','',7,0),(2199,'Times New Roman','','',7,0),(2200,'ITC Franklin Gothic','','',7,0),(2201,'Arial Unicode MS','','',7,0),(2202,'nihat','','',7,0),(2203,'Nilland','','',7,0),(2204,'Helvetica Neue LT Std','','',7,0),(2205,'Rockwell','Rockwell','Regular',7,1),(2206,'American Typewriter','','',7,0),(2207,'Publico Text','','',7,0),(2208,'Bird & Bird','','',7,0),(2209,'Arial Black','','',7,0),(2210,'Helvetica LT','','',7,0),(2211,'Frutiger','','',7,0),(2212,'Adobe Garamond','','',7,0),(2213,'AdobeGaramond','Adobe Garamond Regular','Regular',7,1),(2214,'Archer','Archer Hairline','Hairline',7,1),(2215,'Archer','Archer Hairline Italic','Hairline Italic',7,1),(2216,'Archer','Archer Thin','Thin',7,1),(2217,'Archer','Archer Thin Italic','Thin Italic',7,1),(2218,'Archer','Archer Extra Light','Extra Light',7,1),(2219,'Archer','Archer Extra Light Italic','Extra Light Italic',7,1),(2220,'Archer','Archer Light','Light',7,1),(2221,'Archer','Archer Light Italic','Light Italic',7,1),(2222,'Archer','Archer Book','Book',7,1),(2223,'Archer','Archer Book Italic','Book Italic',7,1),(2224,'Archer','Archer Medium','Medium',7,1),(2225,'Archer','Archer Medium Italic','Medium Italic',7,1),(2226,'Archer','Archer Semibold','Semibold',7,1),(2227,'Archer','Archer Semibold Italic','Semibold Italic',7,1),(2228,'Archer','Archer Bold','Bold',7,1),(2229,'Archer','Archer Bold Italic','Bold Italic',7,1),(2230,'Frutiger','12 Frutiger* 45 Light   02103','Regular',7,1),(2231,'Gill Sans','Gill Sans Light','Regular',7,1),(2232,'GothamBlack','GothamBlack','Regular',7,1),(2233,'GothamBlack','GothamBlack Italic','Italic',7,1),(2234,'GothamBold','GothamBold','Regular',7,1),(2235,'GothamBold','GothamBold Italic','Italic',7,1),(2236,'GothamBook','GothamBook','Regular',7,1),(2237,'GothamBook','GothamBook Italic','Italic',7,1),(2238,'GothamExLight','GothamExLight','Regular',7,1),(2239,'GothamExLight','GothamExLight Italic','Italic',7,1),(2240,'GothamLight','GothamLight','Regular',7,1),(2241,'GothamLight','GothamLight Italic','Italic',7,1),(2242,'GothamMedium','GothamMedium','Regular',7,1),(2243,'GothamMedium','GothamMedium Italic','Italic',7,1),(2244,'GothamThin','GothamThin','Regular',7,1),(2245,'GothamThin','GothamThin Italic','Italic',7,1),(2246,'GothamUltra','GothamUltra','Regular',7,1),(2247,'GothamUltra','GothamUltra Italic','Italic',7,1);
/*!40000 ALTER TABLE `fonts` ENABLE KEYS */;
UNLOCK TABLES;

--
-- Table structure for table `ftp_cache_local`
--

DROP TABLE IF EXISTS `ftp_cache_local`;
/*!40101 SET @saved_cs_client     = @@character_set_client */;
/*!40101 SET character_set_client = utf8 */;
CREATE TABLE `ftp_cache_local` (
  `id` int(11) unsigned NOT NULL AUTO_INCREMENT,
  `dir_id` int(11) unsigned NOT NULL,
  `name` varchar(255) NOT NULL,
  `type` varchar(5) NOT NULL DEFAULT 'file',
  `ref` varchar(50) DEFAULT NULL,
  `group` varchar(50) DEFAULT NULL,
  `user` varchar(50) DEFAULT NULL,
  `size` bigint(20) unsigned NOT NULL,
  `chmod` varchar(3) NOT NULL DEFAULT '777',
  `date` timestamp NOT NULL DEFAULT '0000-00-00 00:00:00',
  PRIMARY KEY (`id`),
  KEY `dir_id` (`dir_id`)
) ENGINE=MyISAM DEFAULT CHARSET=utf8 PACK_KEYS=0 ROW_FORMAT=COMPACT COMMENT='InnoDB free: 13312 kB; InnoDB free: 13312 kB';
/*!40101 SET character_set_client = @saved_cs_client */;

--
-- Dumping data for table `ftp_cache_local`
--

LOCK TABLES `ftp_cache_local` WRITE;
/*!40000 ALTER TABLE `ftp_cache_local` DISABLE KEYS */;
/*!40000 ALTER TABLE `ftp_cache_local` ENABLE KEYS */;
UNLOCK TABLES;

--
-- Table structure for table `ftp_cache_local_dir`
--

DROP TABLE IF EXISTS `ftp_cache_local_dir`;
/*!40101 SET @saved_cs_client     = @@character_set_client */;
/*!40101 SET character_set_client = utf8 */;
CREATE TABLE `ftp_cache_local_dir` (
  `id` int(11) unsigned NOT NULL AUTO_INCREMENT,
  `company_id` int(11) unsigned NOT NULL,
  `dir` varchar(255) NOT NULL DEFAULT '/',
  `time` timestamp NOT NULL DEFAULT '0000-00-00 00:00:00',
  PRIMARY KEY (`id`),
  KEY `company_id` (`company_id`)
) ENGINE=MyISAM DEFAULT CHARSET=utf8 PACK_KEYS=0 ROW_FORMAT=COMPACT COMMENT='InnoDB free: 13312 kB; InnoDB free: 13312 kB';
/*!40101 SET character_set_client = @saved_cs_client */;

--
-- Dumping data for table `ftp_cache_local_dir`
--

LOCK TABLES `ftp_cache_local_dir` WRITE;
/*!40000 ALTER TABLE `ftp_cache_local_dir` DISABLE KEYS */;
/*!40000 ALTER TABLE `ftp_cache_local_dir` ENABLE KEYS */;
UNLOCK TABLES;

--
-- Table structure for table `ftp_cache_remote`
--

DROP TABLE IF EXISTS `ftp_cache_remote`;
/*!40101 SET @saved_cs_client     = @@character_set_client */;
/*!40101 SET character_set_client = utf8 */;
CREATE TABLE `ftp_cache_remote` (
  `id` int(11) unsigned NOT NULL AUTO_INCREMENT,
  `dir_id` int(11) unsigned NOT NULL,
  `name` varchar(255) NOT NULL,
  `type` varchar(5) NOT NULL DEFAULT 'file',
  `ref` varchar(50) DEFAULT NULL,
  `group` varchar(50) DEFAULT NULL,
  `user` varchar(50) DEFAULT NULL,
  `size` bigint(20) unsigned NOT NULL,
  `chmod` varchar(3) NOT NULL DEFAULT '777',
  `date` timestamp NOT NULL DEFAULT '0000-00-00 00:00:00',
  PRIMARY KEY (`id`),
  KEY `dir_id` (`dir_id`)
) ENGINE=MyISAM DEFAULT CHARSET=utf8 PACK_KEYS=0 ROW_FORMAT=COMPACT COMMENT='InnoDB free: 13312 kB; InnoDB free: 13312 kB';
/*!40101 SET character_set_client = @saved_cs_client */;

--
-- Dumping data for table `ftp_cache_remote`
--

LOCK TABLES `ftp_cache_remote` WRITE;
/*!40000 ALTER TABLE `ftp_cache_remote` DISABLE KEYS */;
/*!40000 ALTER TABLE `ftp_cache_remote` ENABLE KEYS */;
UNLOCK TABLES;

--
-- Table structure for table `ftp_cache_remote_dir`
--

DROP TABLE IF EXISTS `ftp_cache_remote_dir`;
/*!40101 SET @saved_cs_client     = @@character_set_client */;
/*!40101 SET character_set_client = utf8 */;
CREATE TABLE `ftp_cache_remote_dir` (
  `id` int(11) unsigned NOT NULL AUTO_INCREMENT,
  `ftp_id` int(11) unsigned NOT NULL,
  `dir` varchar(255) NOT NULL DEFAULT '/',
  `time` timestamp NOT NULL DEFAULT '0000-00-00 00:00:00',
  PRIMARY KEY (`id`),
  KEY `ftp_id` (`ftp_id`)
) ENGINE=MyISAM DEFAULT CHARSET=utf8 PACK_KEYS=0 ROW_FORMAT=COMPACT COMMENT='InnoDB free: 13312 kB; InnoDB free: 13312 kB';
/*!40101 SET character_set_client = @saved_cs_client */;

--
-- Dumping data for table `ftp_cache_remote_dir`
--

LOCK TABLES `ftp_cache_remote_dir` WRITE;
/*!40000 ALTER TABLE `ftp_cache_remote_dir` DISABLE KEYS */;
/*!40000 ALTER TABLE `ftp_cache_remote_dir` ENABLE KEYS */;
UNLOCK TABLES;

--
-- Table structure for table `ftps`
--

DROP TABLE IF EXISTS `ftps`;
/*!40101 SET @saved_cs_client     = @@character_set_client */;
/*!40101 SET character_set_client = utf8 */;
CREATE TABLE `ftps` (
  `id` int(11) unsigned NOT NULL AUTO_INCREMENT,
  `company_id` int(11) unsigned NOT NULL,
  `ftp_host` char(255) NOT NULL,
  `ftp_username` varchar(50) NOT NULL,
  `ftp_password` varchar(50) NOT NULL,
  `ftp_port` int(2) unsigned NOT NULL DEFAULT '21',
  `ftp_pasv` int(1) unsigned NOT NULL DEFAULT '1',
  `ftp_timeout` int(3) unsigned NOT NULL DEFAULT '90',
  `ftp_dir` varchar(255) NOT NULL DEFAULT '/',
  PRIMARY KEY (`id`),
  KEY `company_id` (`company_id`)
) ENGINE=MyISAM AUTO_INCREMENT=10 DEFAULT CHARSET=utf8 PACK_KEYS=0 ROW_FORMAT=COMPACT COMMENT='InnoDB free: 13312 kB; InnoDB free: 13312 kB';
/*!40101 SET character_set_client = @saved_cs_client */;

--
-- Dumping data for table `ftps`
--

LOCK TABLES `ftps` WRITE;
/*!40000 ALTER TABLE `ftps` DISABLE KEYS */;
INSERT INTO `ftps` VALUES (8,1,'ftp.hidrive.strato.com','pbdatlas','p0s1t1v3',21,1,90,'/'),(6,30,'79.99.147.2','graphics','wyn',21,1,90,'/'),(3,30,'pointandgolocalise.com','Tech','SPTech',21,1,90,'/'),(4,1,'pointandgolocalise.com','Tech','SPTech',21,1,90,'/'),(5,1,'213.177.235.230','tech','SPTech',21,1,90,'/'),(9,1,'79.99.147.2','pointandgo','pointandgo',21,1,90,'/');
/*!40000 ALTER TABLE `ftps` ENABLE KEYS */;
UNLOCK TABLES;

--
-- Table structure for table `groups_aro_map`
--

DROP TABLE IF EXISTS `groups_aro_map`;
/*!40101 SET @saved_cs_client     = @@character_set_client */;
/*!40101 SET character_set_client = utf8 */;
CREATE TABLE `groups_aro_map` (
  `group_id` int(11) NOT NULL DEFAULT '0',
  `aro_id` int(11) NOT NULL DEFAULT '0',
  PRIMARY KEY (`group_id`,`aro_id`),
  KEY `aro_id` (`aro_id`)
) ENGINE=InnoDB DEFAULT CHARSET=utf8 PACK_KEYS=0 ROW_FORMAT=COMPACT COMMENT='InnoDB free: 6144 kB; InnoDB free: 13312 kB; InnoDB free: 13';
/*!40101 SET character_set_client = @saved_cs_client */;

--
-- Dumping data for table `groups_aro_map`
--

LOCK TABLES `groups_aro_map` WRITE;
/*!40000 ALTER TABLE `groups_aro_map` DISABLE KEYS */;
INSERT INTO `groups_aro_map` VALUES (34,7),(28,129),(33,130),(34,131),(30,132),(31,133),(28,134),(28,135),(28,136),(33,137),(33,138),(33,139),(33,140),(33,141),(33,142),(33,143),(33,144),(33,146),(33,147),(33,148),(33,149),(33,150),(33,151),(33,152),(31,153),(33,154),(32,156),(31,157),(31,158),(33,159),(33,160),(28,161),(28,163),(28,164),(33,165),(28,166),(31,170),(31,171),(32,172),(33,173),(28,174),(31,175),(33,176),(33,179),(33,180),(33,181),(33,182),(33,183),(33,184),(31,185),(33,186);
/*!40000 ALTER TABLE `groups_aro_map` ENABLE KEYS */;
UNLOCK TABLES;

--
-- Table structure for table `groups_axo_map`
--

DROP TABLE IF EXISTS `groups_axo_map`;
/*!40101 SET @saved_cs_client     = @@character_set_client */;
/*!40101 SET character_set_client = utf8 */;
CREATE TABLE `groups_axo_map` (
  `group_id` int(11) NOT NULL DEFAULT '0',
  `axo_id` int(11) NOT NULL DEFAULT '0',
  PRIMARY KEY (`group_id`,`axo_id`),
  KEY `axo_id` (`axo_id`)
) ENGINE=InnoDB DEFAULT CHARSET=utf8 PACK_KEYS=0 ROW_FORMAT=COMPACT COMMENT='InnoDB free: 6144 kB; InnoDB free: 13312 kB; InnoDB free: 13';
/*!40101 SET character_set_client = @saved_cs_client */;

--
-- Dumping data for table `groups_axo_map`
--

LOCK TABLES `groups_axo_map` WRITE;
/*!40000 ALTER TABLE `groups_axo_map` DISABLE KEYS */;
/*!40000 ALTER TABLE `groups_axo_map` ENABLE KEYS */;
UNLOCK TABLES;

--
-- Table structure for table `images`
--

DROP TABLE IF EXISTS `images`;
/*!40101 SET @saved_cs_client     = @@character_set_client */;
/*!40101 SET character_set_client = utf8 */;
CREATE TABLE `images` (
  `id` int(11) unsigned NOT NULL AUTO_INCREMENT,
  `content` varchar(255) NOT NULL,
  `user_id` int(11) unsigned NOT NULL,
  `time` timestamp NOT NULL DEFAULT '0000-00-00 00:00:00',
  `lang_id` int(11) unsigned NOT NULL DEFAULT '1',
  `type_id` int(11) unsigned NOT NULL DEFAULT '0',
  `brand_id` int(11) unsigned NOT NULL DEFAULT '0',
  `subject_id` int(11) unsigned NOT NULL DEFAULT '0',
  `hash` varchar(32) NOT NULL,
  PRIMARY KEY (`id`),
  KEY `user_id` (`user_id`),
  KEY `lang_id` (`lang_id`),
  KEY `type_id` (`type_id`),
  KEY `brand_id` (`brand_id`),
  KEY `subject_id` (`subject_id`),
  KEY `hash` (`hash`)
) ENGINE=MyISAM DEFAULT CHARSET=utf8 PACK_KEYS=0 ROW_FORMAT=COMPACT COMMENT='InnoDB free: 13312 kB; InnoDB free: 13312 kB';
/*!40101 SET character_set_client = @saved_cs_client */;

--
-- Dumping data for table `images`
--

LOCK TABLES `images` WRITE;
/*!40000 ALTER TABLE `images` DISABLE KEYS */;
/*!40000 ALTER TABLE `images` ENABLE KEYS */;
UNLOCK TABLES;

--
-- Table structure for table `img_groups`
--

DROP TABLE IF EXISTS `img_groups`;
/*!40101 SET @saved_cs_client     = @@character_set_client */;
/*!40101 SET character_set_client = utf8 */;
CREATE TABLE `img_groups` (
  `id` int(11) unsigned NOT NULL AUTO_INCREMENT,
  PRIMARY KEY (`id`)
) ENGINE=MyISAM DEFAULT CHARSET=utf8 PACK_KEYS=0 ROW_FORMAT=COMPACT COMMENT='InnoDB free: 13312 kB; InnoDB free: 13312 kB';
/*!40101 SET character_set_client = @saved_cs_client */;

--
-- Dumping data for table `img_groups`
--

LOCK TABLES `img_groups` WRITE;
/*!40000 ALTER TABLE `img_groups` DISABLE KEYS */;
/*!40000 ALTER TABLE `img_groups` ENABLE KEYS */;
UNLOCK TABLES;

--
-- Table structure for table `img_links`
--

DROP TABLE IF EXISTS `img_links`;
/*!40101 SET @saved_cs_client     = @@character_set_client */;
/*!40101 SET character_set_client = utf8 */;
CREATE TABLE `img_links` (
  `id` int(11) unsigned NOT NULL AUTO_INCREMENT,
  `img_id` int(11) unsigned NOT NULL,
  `box_id` int(11) unsigned NOT NULL,
  `rebuilt` int(1) NOT NULL DEFAULT '0',
  PRIMARY KEY (`id`),
  KEY `img_id` (`img_id`),
  KEY `box_id` (`box_id`)
) ENGINE=MyISAM DEFAULT CHARSET=utf8 PACK_KEYS=0 ROW_FORMAT=COMPACT COMMENT='InnoDB free: 13312 kB; InnoDB free: 13312 kB';
/*!40101 SET character_set_client = @saved_cs_client */;

--
-- Dumping data for table `img_links`
--

LOCK TABLES `img_links` WRITE;
/*!40000 ALTER TABLE `img_links` DISABLE KEYS */;
/*!40000 ALTER TABLE `img_links` ENABLE KEYS */;
UNLOCK TABLES;

--
-- Table structure for table `img_sets`
--

DROP TABLE IF EXISTS `img_sets`;
/*!40101 SET @saved_cs_client     = @@character_set_client */;
/*!40101 SET character_set_client = utf8 */;
CREATE TABLE `img_sets` (
  `id` int(11) unsigned NOT NULL AUTO_INCREMENT,
  `img_id` int(11) unsigned NOT NULL,
  `img_group_id` int(11) unsigned NOT NULL,
  PRIMARY KEY (`id`),
  KEY `img_id` (`img_id`),
  KEY `img_group_id` (`img_group_id`)
) ENGINE=MyISAM DEFAULT CHARSET=utf8 PACK_KEYS=0 ROW_FORMAT=COMPACT COMMENT='InnoDB free: 13312 kB; InnoDB free: 13312 kB';
/*!40101 SET character_set_client = @saved_cs_client */;

--
-- Dumping data for table `img_sets`
--

LOCK TABLES `img_sets` WRITE;
/*!40000 ALTER TABLE `img_sets` DISABLE KEYS */;
/*!40000 ALTER TABLE `img_sets` ENABLE KEYS */;
UNLOCK TABLES;

--
-- Table structure for table `img_types`
--

DROP TABLE IF EXISTS `img_types`;
/*!40101 SET @saved_cs_client     = @@character_set_client */;
/*!40101 SET character_set_client = utf8 */;
CREATE TABLE `img_types` (
  `id` int(11) unsigned NOT NULL AUTO_INCREMENT,
  `name` text NOT NULL,
  PRIMARY KEY (`id`)
) ENGINE=MyISAM AUTO_INCREMENT=3 DEFAULT CHARSET=utf8 PACK_KEYS=0 ROW_FORMAT=COMPACT COMMENT='InnoDB free: 13312 kB; InnoDB free: 13312 kB';
/*!40101 SET character_set_client = @saved_cs_client */;

--
-- Dumping data for table `img_types`
--

LOCK TABLES `img_types` WRITE;
/*!40000 ALTER TABLE `img_types` DISABLE KEYS */;
INSERT INTO `img_types` VALUES (0,'Unknown'),(1,'Upload'),(2,'Library');
/*!40000 ALTER TABLE `img_types` ENABLE KEYS */;
UNLOCK TABLES;

--
-- Table structure for table `img_usage`
--

DROP TABLE IF EXISTS `img_usage`;
/*!40101 SET @saved_cs_client     = @@character_set_client */;
/*!40101 SET character_set_client = utf8 */;
CREATE TABLE `img_usage` (
  `id` int(11) unsigned NOT NULL AUTO_INCREMENT,
  `img_id` int(11) unsigned NOT NULL,
  `artwork_id` int(11) unsigned NOT NULL,
  `box_id` int(11) unsigned NOT NULL,
  `task_id` int(11) unsigned NOT NULL DEFAULT '0',
  PRIMARY KEY (`id`),
  KEY `img_id` (`img_id`),
  KEY `artwork_id` (`artwork_id`),
  KEY `box_id` (`box_id`),
  KEY `task_id` (`task_id`)
) ENGINE=MyISAM DEFAULT CHARSET=utf8 PACK_KEYS=0 ROW_FORMAT=COMPACT COMMENT='InnoDB free: 13312 kB; InnoDB free: 13312 kB';
/*!40101 SET character_set_client = @saved_cs_client */;

--
-- Dumping data for table `img_usage`
--

LOCK TABLES `img_usage` WRITE;
/*!40000 ALTER TABLE `img_usage` DISABLE KEYS */;
/*!40000 ALTER TABLE `img_usage` ENABLE KEYS */;
UNLOCK TABLES;

--
-- Table structure for table `import_map`
--

DROP TABLE IF EXISTS `import_map`;
/*!40101 SET @saved_cs_client     = @@character_set_client */;
/*!40101 SET character_set_client = utf8 */;
CREATE TABLE `import_map` (
  `id` int(11) unsigned NOT NULL AUTO_INCREMENT,
  `import_id` int(11) unsigned NOT NULL,
  `colname` varchar(20) NOT NULL,
  `label` varchar(20) NOT NULL,
  PRIMARY KEY (`id`),
  KEY `import_id` (`import_id`)
) ENGINE=MyISAM DEFAULT CHARSET=utf8 PACK_KEYS=0 ROW_FORMAT=COMPACT COMMENT='InnoDB free: 13312 kB; InnoDB free: 13312 kB';
/*!40101 SET character_set_client = @saved_cs_client */;

--
-- Dumping data for table `import_map`
--

LOCK TABLES `import_map` WRITE;
/*!40000 ALTER TABLE `import_map` DISABLE KEYS */;
/*!40000 ALTER TABLE `import_map` ENABLE KEYS */;
UNLOCK TABLES;

--
-- Table structure for table `import_map_para`
--

DROP TABLE IF EXISTS `import_map_para`;
/*!40101 SET @saved_cs_client     = @@character_set_client */;
/*!40101 SET character_set_client = utf8 */;
CREATE TABLE `import_map_para` (
  `id` int(11) unsigned NOT NULL AUTO_INCREMENT,
  `import_map_id` int(11) unsigned NOT NULL,
  `pl_id` int(11) unsigned NOT NULL,
  `artwork_id` int(11) unsigned NOT NULL,
  PRIMARY KEY (`id`),
  KEY `import_map_id` (`import_map_id`),
  KEY `artwork_id` (`artwork_id`),
  KEY `pl_id` (`pl_id`)
) ENGINE=MyISAM DEFAULT CHARSET=utf8 PACK_KEYS=0 ROW_FORMAT=FIXED COMMENT='InnoDB free: 13312 kB; InnoDB free: 13312 kB';
/*!40101 SET character_set_client = @saved_cs_client */;

--
-- Dumping data for table `import_map_para`
--

LOCK TABLES `import_map_para` WRITE;
/*!40000 ALTER TABLE `import_map_para` DISABLE KEYS */;
/*!40000 ALTER TABLE `import_map_para` ENABLE KEYS */;
UNLOCK TABLES;

--
-- Table structure for table `import_rows`
--

DROP TABLE IF EXISTS `import_rows`;
/*!40101 SET @saved_cs_client     = @@character_set_client */;
/*!40101 SET character_set_client = utf8 */;
CREATE TABLE `import_rows` (
  `id` int(11) unsigned NOT NULL AUTO_INCREMENT,
  `import_id` int(11) unsigned NOT NULL,
  `c1` text,
  `c2` text,
  `c3` text,
  `c4` text,
  `c5` text,
  `c6` text,
  `c7` text,
  `c8` text,
  `c9` text,
  `c10` text,
  `c11` text,
  PRIMARY KEY (`id`),
  KEY `import_id` (`import_id`)
) ENGINE=MyISAM DEFAULT CHARSET=utf8 PACK_KEYS=0 ROW_FORMAT=COMPACT COMMENT='InnoDB free: 13312 kB; InnoDB free: 13312 kB';
/*!40101 SET character_set_client = @saved_cs_client */;

--
-- Dumping data for table `import_rows`
--

LOCK TABLES `import_rows` WRITE;
/*!40000 ALTER TABLE `import_rows` DISABLE KEYS */;
/*!40000 ALTER TABLE `import_rows` ENABLE KEYS */;
UNLOCK TABLES;

--
-- Table structure for table `imports`
--

DROP TABLE IF EXISTS `imports`;
/*!40101 SET @saved_cs_client     = @@character_set_client */;
/*!40101 SET character_set_client = utf8 */;
CREATE TABLE `imports` (
  `id` int(11) unsigned NOT NULL AUTO_INCREMENT,
  `name` varchar(100) NOT NULL,
  `time` timestamp NOT NULL DEFAULT '0000-00-00 00:00:00',
  `user_id` int(11) unsigned NOT NULL,
  PRIMARY KEY (`id`),
  KEY `user_id` (`user_id`)
) ENGINE=MyISAM DEFAULT CHARSET=utf8 PACK_KEYS=0 ROW_FORMAT=COMPACT COMMENT='InnoDB free: 13312 kB; InnoDB free: 13312 kB';
/*!40101 SET character_set_client = @saved_cs_client */;

--
-- Dumping data for table `imports`
--

LOCK TABLES `imports` WRITE;
/*!40000 ALTER TABLE `imports` DISABLE KEYS */;
/*!40000 ALTER TABLE `imports` ENABLE KEYS */;
UNLOCK TABLES;

--
-- Table structure for table `instructions`
--

DROP TABLE IF EXISTS `instructions`;
/*!40101 SET @saved_cs_client     = @@character_set_client */;
/*!40101 SET character_set_client = utf8 */;
CREATE TABLE `instructions` (
  `uID` int(11) unsigned NOT NULL AUTO_INCREMENT,
  `sourceLangID` int(11) unsigned NOT NULL,
  `content` text NOT NULL,
  PRIMARY KEY (`uID`),
  KEY `sourceLangID` (`sourceLangID`)
) ENGINE=MyISAM AUTO_INCREMENT=4 DEFAULT CHARSET=utf8 PACK_KEYS=0 ROW_FORMAT=COMPACT COMMENT='InnoDB free: 9216 kB; InnoDB free: 6144 kB; InnoDB free: 133';
/*!40101 SET character_set_client = @saved_cs_client */;

--
-- Dumping data for table `instructions`
--

LOCK TABLES `instructions` WRITE;
/*!40000 ALTER TABLE `instructions` DISABLE KEYS */;
INSERT INTO `instructions` VALUES (1,1,'***********************************\r\n\r\nPlease open this project in Microsoft Word. If you have opened in another program, please close without saving and open again in Microsoft word.\r\n\r\nYou will see the same text appear twice, one on top of the other. Please edit the text highlighted in grey, using the text directly above it for a reference.\r\n\r\n	Please only open and edit this file in Microsoft Word.\r\n	Do not edit the original text at the top line as this will affect the importing.\r\n	Please only edit the grey highlighted text.\r\n	Do not remove any hidden characters/formatting.\r\n	Do not attempt to down save to a doc file.\r\n\r\nOnce you have completed the document save the document either by using CTRL + S or File > Save. Then exit the application.\r\n\r\n***********************************'),(2,8,'***********************************\r\n\r\nMicrosoft Word\r\n\r\n	Microsoft Word\r\n\r\n	\r\n	\r\n	doc\r\n\r\n\r\n\r\n***********************************'),(3,3,'***********************************\r\n\r\nBitte ffnen Sie dieses Projekt in Microsoft Word. Wenn Sie in einem anderen Programm geffnet haben, schlieen Sie bitte ohne zu speichern und wieder ffnen in Microsoft Word.\r\n\r\nSie werden sehen, den gleichen Text erscheint zweimal, einer ber dem anderen. Bitte bearbeiten Sie den Text in grau hervorgehoben, mit dem Text direkt ber ihr fr einen Verweis.\r\n\r\n	Bitte nur ffnen und bearbeiten Sie diese Datei in MS Word.\r\n	Bearbeiten Sie nicht den ursprnglichen Text in der oberen Zeile wie diese dem einfhrenden beeinflussen.\r\n	Bitte nur bearbeiten, die grau markierten Text.\r\n	Entfernen Sie keine versteckten Zeichen / Formatierung.\r\n	Versuchen Sie nicht, bis auf eine doc-Datei speichern.\r\n\r\nNach Abschluss des Dokuments speichern Sie das Dokument entweder ber STRG + S oder Datei> Speichern. Dann die Anwendung beenden.\r\n\r\n***********************************');
/*!40000 ALTER TABLE `instructions` ENABLE KEYS */;
UNLOCK TABLES;

--
-- Table structure for table `language_options`
--

DROP TABLE IF EXISTS `language_options`;
/*!40101 SET @saved_cs_client     = @@character_set_client */;
/*!40101 SET character_set_client = utf8 */;
CREATE TABLE `language_options` (
  `id` int(11) unsigned NOT NULL AUTO_INCREMENT,
  `name` varchar(50) NOT NULL,
  `acronym` varchar(2) NOT NULL,
  PRIMARY KEY (`id`)
) ENGINE=MyISAM AUTO_INCREMENT=10 DEFAULT CHARSET=utf8 PACK_KEYS=0 ROW_FORMAT=COMPACT COMMENT='InnoDB free: 13312 kB; InnoDB free: 13312 kB';
/*!40101 SET character_set_client = @saved_cs_client */;

--
-- Dumping data for table `language_options`
--

LOCK TABLES `language_options` WRITE;
/*!40000 ALTER TABLE `language_options` DISABLE KEYS */;
INSERT INTO `language_options` VALUES (1,'English (UK)','gb'),(2,'','cn'),(3,'Deutsch','de'),(4,'Franais','fr'),(5,'Espaol','es'),(6,'Italiano','it'),(7,'Portugus','pt'),(8,'Nederlandse','nl'),(9,'','il');
/*!40000 ALTER TABLE `language_options` ENABLE KEYS */;
UNLOCK TABLES;

--
-- Table structure for table `languages`
--

DROP TABLE IF EXISTS `languages`;
/*!40101 SET @saved_cs_client     = @@character_set_client */;
/*!40101 SET character_set_client = utf8 */;
CREATE TABLE `languages` (
  `languageID` int(10) unsigned NOT NULL AUTO_INCREMENT,
  `languageName` varchar(255) NOT NULL DEFAULT '''''',
  `flag` varchar(255) NOT NULL DEFAULT '''''',
  PRIMARY KEY (`languageID`)
) ENGINE=MyISAM AUTO_INCREMENT=43 DEFAULT CHARSET=utf8 PACK_KEYS=0 ROW_FORMAT=COMPACT COMMENT='InnoDB free: 11264 kB; InnoDB free: 6144 kB; InnoDB free: 13';
/*!40101 SET character_set_client = @saved_cs_client */;

--
-- Dumping data for table `languages`
--

LOCK TABLES `languages` WRITE;
/*!40000 ALTER TABLE `languages` DISABLE KEYS */;
INSERT INTO `languages` VALUES (1,'English (UK)','gb.gif'),(3,'German','de.gif'),(5,'Spanish','es.gif'),(8,'Chinese (Simplified)','cn.gif'),(9,'French','fr.gif'),(10,'Korean','kr.gif'),(11,'Greek','gr.gif'),(12,'Finnish','fi.gif'),(13,'Danish','dk.gif'),(14,'French (Belgium)','fr.gif'),(15,'Dutch','nl.gif'),(16,'Italian','it.gif'),(17,'Turkish','tr.gif'),(18,'Japanese','jp.gif'),(19,'Swedish','se.gif'),(20,'Hungarian','hu.gif'),(22,'Polish','pl.gif'),(23,'Czech','cz.gif'),(24,'Portuguese','pt.gif'),(25,'Malayan','my.gif'),(26,'Indonesian','id.gif'),(27,'Singaporean','sg.gif'),(28,'Thai','th.gif'),(29,'Vietnamese','vn.gif'),(30,'Urdu','pk.gif'),(31,'Punjabi','in.gif'),(32,'Arabic','ae.gif'),(33,'Hebrew','il.gif'),(36,'Chinese (Traditional)','tw.gif'),(37,'Hindi','in.gif'),(38,'English (US)','us.gif'),(39,'Russian','ru.gif'),(40,'French (Canada)','fr.gif'),(41,'Slovak','sk.gif'),(42,'Welsh','wales.gif');
/*!40000 ALTER TABLE `languages` ENABLE KEYS */;
UNLOCK TABLES;

--
-- Table structure for table `messages`
--

DROP TABLE IF EXISTS `messages`;
/*!40101 SET @saved_cs_client     = @@character_set_client */;
/*!40101 SET character_set_client = utf8 */;
CREATE TABLE `messages` (
  `messageID` int(10) unsigned NOT NULL AUTO_INCREMENT,
  `senderID` int(10) unsigned NOT NULL,
  `receiverID` int(10) unsigned NOT NULL,
  `subject` varchar(255) DEFAULT NULL,
  `content` longtext NOT NULL,
  `messageTime` timestamp NOT NULL DEFAULT '0000-00-00 00:00:00',
  `senderSideStatus` int(1) unsigned NOT NULL DEFAULT '1',
  `readStatus` int(1) unsigned NOT NULL DEFAULT '0',
  `receiverSideStatus` int(1) unsigned NOT NULL DEFAULT '1',
  PRIMARY KEY (`messageID`),
  KEY `senderID` (`senderID`),
  KEY `receiverID` (`receiverID`)
) ENGINE=MyISAM DEFAULT CHARSET=utf8 PACK_KEYS=0 ROW_FORMAT=COMPACT COMMENT='InnoDB free: 11264 kB; InnoDB free: 6144 kB; InnoDB free: 13';
/*!40101 SET character_set_client = @saved_cs_client */;

--
-- Dumping data for table `messages`
--

LOCK TABLES `messages` WRITE;
/*!40000 ALTER TABLE `messages` DISABLE KEYS */;
/*!40000 ALTER TABLE `messages` ENABLE KEYS */;
UNLOCK TABLES;

--
-- Table structure for table `mt_cache`
--

DROP TABLE IF EXISTS `mt_cache`;
/*!40101 SET @saved_cs_client     = @@character_set_client */;
/*!40101 SET character_set_client = utf8 */;
CREATE TABLE `mt_cache` (
  `id` int(11) unsigned NOT NULL AUTO_INCREMENT,
  `sourceText` text NOT NULL,
  `souceLang` varchar(10) NOT NULL,
  `targetLang` varchar(10) NOT NULL,
  `targetText` text NOT NULL,
  `timeRef` timestamp NOT NULL DEFAULT CURRENT_TIMESTAMP,
  PRIMARY KEY (`id`)
) ENGINE=MyISAM DEFAULT CHARSET=utf8 PACK_KEYS=0 ROW_FORMAT=COMPACT COMMENT='InnoDB free: 6144 kB; InnoDB free: 13312 kB; InnoDB free: 13';
/*!40101 SET character_set_client = @saved_cs_client */;

--
-- Dumping data for table `mt_cache`
--

LOCK TABLES `mt_cache` WRITE;
/*!40000 ALTER TABLE `mt_cache` DISABLE KEYS */;
/*!40000 ALTER TABLE `mt_cache` ENABLE KEYS */;
UNLOCK TABLES;

--
-- Table structure for table `page_rates`
--

DROP TABLE IF EXISTS `page_rates`;
/*!40101 SET @saved_cs_client     = @@character_set_client */;
/*!40101 SET character_set_client = utf8 */;
CREATE TABLE `page_rates` (
  `id` int(11) unsigned NOT NULL AUTO_INCREMENT,
  `client_id` int(11) unsigned NOT NULL,
  `agency_id` int(11) unsigned NOT NULL,
  `currency_id` tinyint(1) unsigned NOT NULL DEFAULT '3',
  `rate` float(9,2) unsigned NOT NULL DEFAULT '35.00',
  `date` date DEFAULT '0000-00-00',
  PRIMARY KEY (`id`),
  KEY `client_id` (`client_id`),
  KEY `agency_id` (`agency_id`),
  KEY `currency_id` (`currency_id`)
) ENGINE=MyISAM DEFAULT CHARSET=utf8 PACK_KEYS=0 ROW_FORMAT=COMPACT COMMENT='InnoDB free: 13312 kB; InnoDB free: 13312 kB';
/*!40101 SET character_set_client = @saved_cs_client */;

--
-- Dumping data for table `page_rates`
--

LOCK TABLES `page_rates` WRITE;
/*!40000 ALTER TABLE `page_rates` DISABLE KEYS */;
/*!40000 ALTER TABLE `page_rates` ENABLE KEYS */;
UNLOCK TABLES;

--
-- Table structure for table `pages`
--

DROP TABLE IF EXISTS `pages`;
/*!40101 SET @saved_cs_client     = @@character_set_client */;
/*!40101 SET character_set_client = utf8 */;
CREATE TABLE `pages` (
  `uID` mediumint(8) NOT NULL AUTO_INCREMENT,
  `ArtworkID` mediumint(8) NOT NULL,
  `PreviewFile` varchar(255) NOT NULL,
  `PreviewTimestamp` timestamp NOT NULL DEFAULT CURRENT_TIMESTAMP,
  `Page` mediumint(9) NOT NULL,
  `PageRef` varchar(50) NOT NULL DEFAULT '0',
  `PageScale` float unsigned NOT NULL DEFAULT '1',
  `Master` tinyint(1) NOT NULL DEFAULT '0',
  `MasterPageID` int(11) NOT NULL DEFAULT '0',
  PRIMARY KEY (`uID`),
  KEY `ArtworkID` (`ArtworkID`)
) ENGINE=MyISAM DEFAULT CHARSET=utf8 PACK_KEYS=0 ROW_FORMAT=DYNAMIC;
/*!40101 SET character_set_client = @saved_cs_client */;

--
-- Dumping data for table `pages`
--

LOCK TABLES `pages` WRITE;
/*!40000 ALTER TABLE `pages` DISABLE KEYS */;
/*!40000 ALTER TABLE `pages` ENABLE KEYS */;
UNLOCK TABLES;

--
-- Table structure for table `para_ignore`
--

DROP TABLE IF EXISTS `para_ignore`;
/*!40101 SET @saved_cs_client     = @@character_set_client */;
/*!40101 SET character_set_client = utf8 */;
CREATE TABLE `para_ignore` (
  `id` int(11) unsigned NOT NULL AUTO_INCREMENT,
  `pl_id` int(11) unsigned NOT NULL,
  `task_id` int(11) unsigned NOT NULL,
  `time` int(11) unsigned NOT NULL,
  PRIMARY KEY (`id`),
  KEY `pl_id` (`pl_id`,`task_id`)
) ENGINE=MyISAM DEFAULT CHARSET=utf8;
/*!40101 SET character_set_client = @saved_cs_client */;

--
-- Dumping data for table `para_ignore`
--

LOCK TABLES `para_ignore` WRITE;
/*!40000 ALTER TABLE `para_ignore` DISABLE KEYS */;
/*!40000 ALTER TABLE `para_ignore` ENABLE KEYS */;
UNLOCK TABLES;

--
-- Table structure for table `para_types`
--

DROP TABLE IF EXISTS `para_types`;
/*!40101 SET @saved_cs_client     = @@character_set_client */;
/*!40101 SET character_set_client = utf8 */;
CREATE TABLE `para_types` (
  `id` int(11) unsigned NOT NULL AUTO_INCREMENT,
  `name` varchar(20) NOT NULL,
  `icon` varchar(50) NOT NULL,
  `order` tinyint(1) NOT NULL DEFAULT '0',
  PRIMARY KEY (`id`)
) ENGINE=MyISAM AUTO_INCREMENT=7 DEFAULT CHARSET=utf8 PACK_KEYS=0 ROW_FORMAT=COMPACT COMMENT='InnoDB free: 13312 kB; InnoDB free: 13312 kB';
/*!40101 SET character_set_client = @saved_cs_client */;

--
-- Dumping data for table `para_types`
--

LOCK TABLES `para_types` WRITE;
/*!40000 ALTER TABLE `para_types` DISABLE KEYS */;
INSERT INTO `para_types` VALUES (0,'N/S','ico_translation_memory.gif',0),(1,'User Entry','ico_tm_user.png',2),(2,'Google','ico_tm_google.png',1),(3,'Phrase','ico_tm_phrase.png',3),(4,'Glossary','ico_glossary.gif',4),(5,'Import','ico_tm_import.png',2),(6,'Upload','ico_tm_upload.png',2);
/*!40000 ALTER TABLE `para_types` ENABLE KEYS */;
UNLOCK TABLES;

--
-- Table structure for table `paraedit`
--

DROP TABLE IF EXISTS `paraedit`;
/*!40101 SET @saved_cs_client     = @@character_set_client */;
/*!40101 SET character_set_client = utf8 */;
CREATE TABLE `paraedit` (
  `id` int(11) NOT NULL AUTO_INCREMENT,
  `pl_id` int(11) NOT NULL,
  `task_id` int(11) NOT NULL DEFAULT '0',
  `para_id` int(11) NOT NULL,
  `user_id` int(11) NOT NULL,
  `time` int(11) NOT NULL,
  PRIMARY KEY (`id`),
  KEY `pl_id` (`pl_id`),
  KEY `para_id` (`para_id`),
  KEY `user_id` (`user_id`),
  KEY `task_id` (`task_id`)
) ENGINE=MyISAM DEFAULT CHARSET=utf8;
/*!40101 SET character_set_client = @saved_cs_client */;

--
-- Dumping data for table `paraedit`
--

LOCK TABLES `paraedit` WRITE;
/*!40000 ALTER TABLE `paraedit` DISABLE KEYS */;
/*!40000 ALTER TABLE `paraedit` ENABLE KEYS */;
UNLOCK TABLES;

--
-- Table structure for table `paragraphs`
--

DROP TABLE IF EXISTS `paragraphs`;
/*!40101 SET @saved_cs_client     = @@character_set_client */;
/*!40101 SET character_set_client = utf8 */;
CREATE TABLE `paragraphs` (
  `uID` mediumint(8) NOT NULL AUTO_INCREMENT,
  `LangID` mediumint(8) NOT NULL,
  `ParaText` text NOT NULL,
  `Words` mediumint(8) NOT NULL DEFAULT '0',
  `timeRef` timestamp NOT NULL DEFAULT CURRENT_TIMESTAMP,
  `user_id` int(11) unsigned NOT NULL DEFAULT '0',
  `type_id` tinyint(2) unsigned NOT NULL DEFAULT '0',
  `brand_id` int(11) unsigned NOT NULL DEFAULT '0',
  `subject_id` int(11) unsigned NOT NULL DEFAULT '0',
  PRIMARY KEY (`uID`),
  KEY `LangID` (`LangID`),
  KEY `user_id` (`user_id`),
  KEY `type_id` (`type_id`),
  KEY `brand_id` (`brand_id`),
  KEY `subject_id` (`subject_id`),
  FULLTEXT KEY `ParaText` (`ParaText`)
) ENGINE=MyISAM DEFAULT CHARSET=utf8 PACK_KEYS=0 ROW_FORMAT=DYNAMIC;
/*!40101 SET character_set_client = @saved_cs_client */;

--
-- Dumping data for table `paragraphs`
--

LOCK TABLES `paragraphs` WRITE;
/*!40000 ALTER TABLE `paragraphs` DISABLE KEYS */;
/*!40000 ALTER TABLE `paragraphs` ENABLE KEYS */;
UNLOCK TABLES;

--
-- Table structure for table `paragroups`
--

DROP TABLE IF EXISTS `paragroups`;
/*!40101 SET @saved_cs_client     = @@character_set_client */;
/*!40101 SET character_set_client = utf8 */;
CREATE TABLE `paragroups` (
  `uID` mediumint(9) NOT NULL AUTO_INCREMENT,
  PRIMARY KEY (`uID`)
) ENGINE=MyISAM DEFAULT CHARSET=utf8 PACK_KEYS=0 ROW_FORMAT=COMPACT COMMENT='InnoDB free: 11264 kB; InnoDB free: 6144 kB; InnoDB free: 13';
/*!40101 SET character_set_client = @saved_cs_client */;

--
-- Dumping data for table `paragroups`
--

LOCK TABLES `paragroups` WRITE;
/*!40000 ALTER TABLE `paragroups` DISABLE KEYS */;
/*!40000 ALTER TABLE `paragroups` ENABLE KEYS */;
UNLOCK TABLES;

--
-- Table structure for table `paralinks`
--

DROP TABLE IF EXISTS `paralinks`;
/*!40101 SET @saved_cs_client     = @@character_set_client */;
/*!40101 SET character_set_client = utf8 */;
CREATE TABLE `paralinks` (
  `uID` mediumint(8) NOT NULL AUTO_INCREMENT,
  `ParaID` mediumint(8) NOT NULL,
  `BoxID` mediumint(8) NOT NULL,
  `Rebuilt` int(1) NOT NULL DEFAULT '0',
  PRIMARY KEY (`uID`),
  KEY `ParaID` (`ParaID`),
  KEY `BoxID` (`BoxID`)
) ENGINE=MyISAM DEFAULT CHARSET=utf8 PACK_KEYS=0 ROW_FORMAT=FIXED;
/*!40101 SET character_set_client = @saved_cs_client */;

--
-- Dumping data for table `paralinks`
--

LOCK TABLES `paralinks` WRITE;
/*!40000 ALTER TABLE `paralinks` DISABLE KEYS */;
/*!40000 ALTER TABLE `paralinks` ENABLE KEYS */;
UNLOCK TABLES;

--
-- Table structure for table `paraset`
--

DROP TABLE IF EXISTS `paraset`;
/*!40101 SET @saved_cs_client     = @@character_set_client */;
/*!40101 SET character_set_client = utf8 */;
CREATE TABLE `paraset` (
  `uID` mediumint(8) NOT NULL AUTO_INCREMENT,
  `ParaID` mediumint(8) NOT NULL,
  `ParaGroup` varchar(15) NOT NULL DEFAULT '''''',
  PRIMARY KEY (`uID`),
  KEY `ParaID` (`ParaID`),
  KEY `ParaGroup` (`ParaGroup`)
) ENGINE=MyISAM DEFAULT CHARSET=utf8 PACK_KEYS=0 ROW_FORMAT=DYNAMIC;
/*!40101 SET character_set_client = @saved_cs_client */;

--
-- Dumping data for table `paraset`
--

LOCK TABLES `paraset` WRITE;
/*!40000 ALTER TABLE `paraset` DISABLE KEYS */;
/*!40000 ALTER TABLE `paraset` ENABLE KEYS */;
UNLOCK TABLES;

--
-- Table structure for table `paratrans`
--

DROP TABLE IF EXISTS `paratrans`;
/*!40101 SET @saved_cs_client     = @@character_set_client */;
/*!40101 SET character_set_client = utf8 */;
CREATE TABLE `paratrans` (
  `refID` int(11) unsigned NOT NULL AUTO_INCREMENT,
  `taskID` int(11) unsigned NOT NULL,
  `ParalinkID` int(11) unsigned NOT NULL,
  `transParaID` int(11) unsigned NOT NULL,
  `time` timestamp NOT NULL DEFAULT CURRENT_TIMESTAMP ON UPDATE CURRENT_TIMESTAMP,
  PRIMARY KEY (`refID`),
  KEY `taskID` (`taskID`),
  KEY `transParaID` (`transParaID`),
  KEY `ParalinkID` (`ParalinkID`)
) ENGINE=MyISAM DEFAULT CHARSET=utf8 PACK_KEYS=0 ROW_FORMAT=COMPACT COMMENT='InnoDB free: 11264 kB; InnoDB free: 6144 kB; InnoDB free: 13';
/*!40101 SET character_set_client = @saved_cs_client */;

--
-- Dumping data for table `paratrans`
--

LOCK TABLES `paratrans` WRITE;
/*!40000 ALTER TABLE `paratrans` DISABLE KEYS */;
/*!40000 ALTER TABLE `paratrans` ENABLE KEYS */;
UNLOCK TABLES;

--
-- Table structure for table `phpacl`
--

DROP TABLE IF EXISTS `phpacl`;
/*!40101 SET @saved_cs_client     = @@character_set_client */;
/*!40101 SET character_set_client = utf8 */;
CREATE TABLE `phpacl` (
  `name` varchar(230) NOT NULL DEFAULT '''''',
  `value` varchar(230) NOT NULL DEFAULT '''''',
  PRIMARY KEY (`name`)
) ENGINE=InnoDB DEFAULT CHARSET=utf8 PACK_KEYS=0 ROW_FORMAT=COMPACT COMMENT='InnoDB free: 6144 kB; InnoDB free: 13312 kB; InnoDB free: 13';
/*!40101 SET character_set_client = @saved_cs_client */;

--
-- Dumping data for table `phpacl`
--

LOCK TABLES `phpacl` WRITE;
/*!40000 ALTER TABLE `phpacl` DISABLE KEYS */;
/*!40000 ALTER TABLE `phpacl` ENABLE KEYS */;
UNLOCK TABLES;

--
-- Table structure for table `proficiency`
--

DROP TABLE IF EXISTS `proficiency`;
/*!40101 SET @saved_cs_client     = @@character_set_client */;
/*!40101 SET character_set_client = utf8 */;
CREATE TABLE `proficiency` (
  `proID` int(10) unsigned NOT NULL AUTO_INCREMENT,
  `proLevel` varchar(255) NOT NULL DEFAULT '''''',
  PRIMARY KEY (`proID`)
) ENGINE=MyISAM AUTO_INCREMENT=6 DEFAULT CHARSET=utf8 PACK_KEYS=0 ROW_FORMAT=COMPACT COMMENT='InnoDB free: 11264 kB; InnoDB free: 6144 kB; InnoDB free: 13';
/*!40101 SET character_set_client = @saved_cs_client */;

--
-- Dumping data for table `proficiency`
--

LOCK TABLES `proficiency` WRITE;
/*!40000 ALTER TABLE `proficiency` DISABLE KEYS */;
INSERT INTO `proficiency` VALUES (1,'Elementary'),(2,'Limited Working'),(3,'Professional Working'),(4,'Full Professional'),(5,'Native or Bilingual');
/*!40000 ALTER TABLE `proficiency` ENABLE KEYS */;
UNLOCK TABLES;

--
-- Table structure for table `service_engines`
--

DROP TABLE IF EXISTS `service_engines`;
/*!40101 SET @saved_cs_client     = @@character_set_client */;
/*!40101 SET character_set_client = utf8 */;
CREATE TABLE `service_engines` (
  `id` int(11) unsigned NOT NULL AUTO_INCREMENT,
  `name` varchar(50) NOT NULL,
  `ext` varchar(20) NOT NULL,
  `engineFile` varchar(20) NOT NULL,
  `engineClass` varchar(20) NOT NULL,
  `icon` varchar(100) NOT NULL,
  `status` tinyint(1) NOT NULL DEFAULT '1',
  `version` varchar(20) NOT NULL DEFAULT '1.00',
  `cache` tinyint(1) NOT NULL DEFAULT '0',
  PRIMARY KEY (`id`)
) ENGINE=MyISAM AUTO_INCREMENT=10 DEFAULT CHARSET=utf8 PACK_KEYS=0 ROW_FORMAT=COMPACT COMMENT='InnoDB free: 6144 kB; InnoDB free: 13312 kB; InnoDB free: 13';
/*!40101 SET character_set_client = @saved_cs_client */;

--
-- Dumping data for table `service_engines`
--

LOCK TABLES `service_engines` WRITE;
/*!40000 ALTER TABLE `service_engines` DISABLE KEYS */;
INSERT INTO `service_engines` VALUES (1,'Quark','QXP','Quark.php','QuarkEngine','ico_qxp.png',1,'8.0.0r0',0),(3,'RTF','RTF','','','ico_rtf.png',1,'0.1.0',0),(4,'PDF','PDF','','','ico_pdf.png',1,'1.0.0',0),(5,'JPG','JPG','','','ico_jpg.png',1,'1.0.0',0),(6,'IDML','IDML','IDML.php','IDMLEngine','ico_ind.png',1,'0.1.0',0),(7,'InDesign','INDD','InDesign.php','InDesignEngine','ico_ind.png',1,'7.0.0.355',1),(8,'DOCX','DOCX','','','ico_docx.png',1,'0.3.0',0),(9,'XLIFF','XLF','','','ico_xlf.png',1,'0.0.1',0);
/*!40000 ALTER TABLE `service_engines` ENABLE KEYS */;
UNLOCK TABLES;

--
-- Table structure for table `service_package_items`
--

DROP TABLE IF EXISTS `service_package_items`;
/*!40101 SET @saved_cs_client     = @@character_set_client */;
/*!40101 SET character_set_client = utf8 */;
CREATE TABLE `service_package_items` (
  `id` int(11) unsigned NOT NULL AUTO_INCREMENT,
  `packageID` int(11) NOT NULL,
  `service_tID` int(11) NOT NULL,
  PRIMARY KEY (`id`),
  KEY `packageID` (`packageID`),
  KEY `service_tID` (`service_tID`)
) ENGINE=MyISAM AUTO_INCREMENT=1145 DEFAULT CHARSET=utf8 PACK_KEYS=0 ROW_FORMAT=COMPACT COMMENT='InnoDB free: 6144 kB; InnoDB free: 13312 kB; InnoDB free: 13';
/*!40101 SET character_set_client = @saved_cs_client */;

--
-- Dumping data for table `service_package_items`
--

LOCK TABLES `service_package_items` WRITE;
/*!40000 ALTER TABLE `service_package_items` DISABLE KEYS */;
INSERT INTO `service_package_items` VALUES (1106,1,4),(1105,1,1),(1104,1,41),(1103,1,5),(1102,1,8),(1142,2,41),(1141,2,5),(1140,2,8),(1139,2,14),(1138,2,15),(1137,2,26),(1136,2,27),(1135,2,38),(1134,2,7),(1133,2,6),(1132,2,3),(1131,2,42),(1130,2,21),(1129,2,22),(1128,2,24),(1127,2,18),(1126,2,20),(1125,2,23),(1124,2,28),(1123,2,29),(1122,2,30),(1121,2,37),(1120,2,25),(1119,2,19),(1118,2,17),(1117,2,16),(1116,2,35),(1115,2,34),(1101,1,14),(1100,1,15),(1114,2,32),(1113,2,36),(1099,1,26),(1098,1,27),(1097,1,38),(1096,1,7),(1095,1,6),(1094,1,3),(1093,1,42),(1092,1,21),(1091,1,22),(1090,1,24),(1089,1,18),(1088,1,20),(1087,1,23),(1086,1,28),(1085,1,29),(1084,1,30),(1083,1,37),(1082,1,25),(1081,1,19),(1080,1,17),(1079,1,16),(1078,1,12),(1077,1,11),(1076,1,13),(1075,1,35),(1074,1,34),(1073,1,32),(1072,1,36),(1071,1,33),(1070,1,31),(1112,2,33),(1111,2,31),(1069,1,40),(1068,1,39),(1110,2,40),(1109,2,39),(1107,1,43),(1108,1,44),(1143,2,43),(1144,2,44);
/*!40000 ALTER TABLE `service_package_items` ENABLE KEYS */;
UNLOCK TABLES;

--
-- Table structure for table `service_packages`
--

DROP TABLE IF EXISTS `service_packages`;
/*!40101 SET @saved_cs_client     = @@character_set_client */;
/*!40101 SET character_set_client = utf8 */;
CREATE TABLE `service_packages` (
  `id` int(11) unsigned NOT NULL AUTO_INCREMENT,
  `name` varchar(50) NOT NULL,
  PRIMARY KEY (`id`)
) ENGINE=MyISAM AUTO_INCREMENT=3 DEFAULT CHARSET=utf8 PACK_KEYS=0 ROW_FORMAT=COMPACT COMMENT='InnoDB free: 6144 kB; InnoDB free: 13312 kB; InnoDB free: 13';
/*!40101 SET character_set_client = @saved_cs_client */;

--
-- Dumping data for table `service_packages`
--

LOCK TABLES `service_packages` WRITE;
/*!40000 ALTER TABLE `service_packages` DISABLE KEYS */;
INSERT INTO `service_packages` VALUES (1,'Default'),(2,'Ultimate');
/*!40000 ALTER TABLE `service_packages` ENABLE KEYS */;
UNLOCK TABLES;

--
-- Table structure for table `service_transaction_process`
--

DROP TABLE IF EXISTS `service_transaction_process`;
/*!40101 SET @saved_cs_client     = @@character_set_client */;
/*!40101 SET character_set_client = utf8 */;
CREATE TABLE `service_transaction_process` (
  `id` int(11) unsigned NOT NULL AUTO_INCREMENT,
  `serviceID` int(11) unsigned NOT NULL,
  `transactionID` int(11) unsigned NOT NULL,
  `file` varchar(20) NOT NULL,
  `class` varchar(20) NOT NULL,
  `notes` varchar(255) NOT NULL,
  `type_id` int(11) unsigned NOT NULL DEFAULT '0',
  `allow` tinyint(1) NOT NULL DEFAULT '1',
  PRIMARY KEY (`id`),
  KEY `serviceID` (`serviceID`),
  KEY `transactionID` (`transactionID`),
  KEY `type_id` (`type_id`)
) ENGINE=MyISAM AUTO_INCREMENT=45 DEFAULT CHARSET=utf8 PACK_KEYS=0 ROW_FORMAT=COMPACT COMMENT='InnoDB free: 6144 kB; InnoDB free: 13312 kB; InnoDB free: 13';
/*!40101 SET character_set_client = @saved_cs_client */;

--
-- Dumping data for table `service_transaction_process`
--

LOCK TABLES `service_transaction_process` WRITE;
/*!40000 ALTER TABLE `service_transaction_process` DISABLE KEYS */;
INSERT INTO `service_transaction_process` VALUES (1,3,3,'RTF.php','RTFEngine','Import RTF',3,1),(3,1,1,'QuarkFile.php','OriginalQuark','Upload QXP',0,1),(4,3,4,'RTF.php','RTFEngine','Export RTF',3,1),(5,1,2,'QuarkFile.php','TranslatedQuark','Download Translated QXP',3,0),(6,1,2,'QuarkFile.php','OriginalQuark','Download Original QXP',0,0),(7,1,2,'QuarkFile.php','OriginalPDF','Download Original PDF',0,1),(8,1,2,'QuarkFile.php','TranslatedPDF','Download Translated PDF',3,1),(11,6,2,'IDMLFile.php','OriginalIDML','Download Original IDML',0,0),(12,6,2,'IDMLFile.php','TranslatedIDML','Download Translated IDML',3,0),(13,6,1,'IDMLFile.php','OriginalIDML','Upload IDML',0,1),(14,1,2,'QuarkFile.php','AmendedQuark','Download Amended QXP',2,0),(15,1,2,'QuarkFile.php','AmendedPDF','Download Amended PDF',2,1),(16,7,1,'INDDFile.php','OriginalINDD','Upload INDD',0,1),(17,7,2,'INDDFile.php','OriginalINDD','Download Original INDD',0,0),(18,7,2,'INDDFile.php','AmendedINDD','Download Amended INDD',2,0),(19,7,2,'INDDFile.php','OriginalPDF','Download Original PDF',0,1),(20,7,2,'INDDFile.php','AmendedPDF','Download Amended PDF',2,1),(21,7,2,'INDDFile.php','TranslatedINDD','Download Translated INDD',3,0),(22,7,2,'INDDFile.php','TranslatedPDF','Download Translated PDF',3,1),(23,7,2,'INDDFile.php','AmendedIDML','Download Amended IDML',2,0),(24,7,2,'INDDFile.php','TranslatedIDML','Download Translated IDML',3,0),(25,7,2,'INDDFile.php','OriginalIDML','Download Original IDML',0,0),(26,1,2,'QuarkFile.php','TemplatedPDF','Download Updated PDF',1,1),(27,1,2,'QuarkFile.php','TemplatedQXP','Download Updated QXP',1,0),(28,7,2,'INDDFile.php','TemplatedPDF','Download Updated PDF',1,1),(29,7,2,'INDDFile.php','TemplatedINDD','Download Updated INDD',1,0),(30,7,2,'INDDFile.php','TemplatedIDML','Download Updated IDML',1,0),(31,8,3,'DOCX.php','DocXParsa','Import DOCX',3,1),(32,8,4,'DOCX.php','DocXParsa','Export DOCX',3,1),(33,8,3,'Trados.php','TradosParsa','Import Trados (SDLXLIFF)',3,1),(34,8,4,'Trados.php','TradosParsa','Export DOCX for Trados (Full)',3,1),(35,8,4,'Trados_lite.php','TradosLiteParsa','Export DOCX for Trados (Lite)',3,1),(36,8,3,'Trados_DOCX.php','TradosDocXParsa','Import DOCX for Trados 2007',3,1),(37,7,5,'INDDFile.php','OriginalINDD','Rebuild INDD Base File',0,1),(38,1,5,'QuarkFile.php','OriginalQuark','Rebuild QXP Base File',0,1),(39,8,3,'DOCX_A.php','DocXParsa','Import DOCX',2,1),(40,8,4,'DOCX_A.php','DocXParsa','Export DOCX',2,1),(41,1,1,'QuarkFile.php','TweakQuark','Upload QXP',4,0),(42,7,1,'INDDFile.php','TweakINDD','Upload INDD',4,0),(43,9,3,'XLIFF.php','XLIFFParsa','Import XLIFF',3,1),(44,9,4,'XLIFF.php','XLIFFParsa','Export XLIFF',3,1);
/*!40000 ALTER TABLE `service_transaction_process` ENABLE KEYS */;
UNLOCK TABLES;

--
-- Table structure for table `service_transactions`
--

DROP TABLE IF EXISTS `service_transactions`;
/*!40101 SET @saved_cs_client     = @@character_set_client */;
/*!40101 SET character_set_client = utf8 */;
CREATE TABLE `service_transactions` (
  `id` int(11) unsigned NOT NULL AUTO_INCREMENT,
  `name` varchar(20) NOT NULL,
  PRIMARY KEY (`id`)
) ENGINE=MyISAM AUTO_INCREMENT=6 DEFAULT CHARSET=utf8 PACK_KEYS=0 ROW_FORMAT=DYNAMIC COMMENT='InnoDB free: 6144 kB; InnoDB free: 13312 kB; InnoDB free: 13';
/*!40101 SET character_set_client = @saved_cs_client */;

--
-- Dumping data for table `service_transactions`
--

LOCK TABLES `service_transactions` WRITE;
/*!40000 ALTER TABLE `service_transactions` DISABLE KEYS */;
INSERT INTO `service_transactions` VALUES (1,'Upload'),(2,'Download'),(3,'Import'),(4,'Export'),(5,'Rebuild');
/*!40000 ALTER TABLE `service_transactions` ENABLE KEYS */;
UNLOCK TABLES;

--
-- Table structure for table `service_types`
--

DROP TABLE IF EXISTS `service_types`;
/*!40101 SET @saved_cs_client     = @@character_set_client */;
/*!40101 SET character_set_client = utf8 */;
CREATE TABLE `service_types` (
  `id` int(11) unsigned NOT NULL AUTO_INCREMENT,
  `name` varchar(20) NOT NULL,
  PRIMARY KEY (`id`)
) ENGINE=MyISAM AUTO_INCREMENT=5 DEFAULT CHARSET=utf8 PACK_KEYS=0 ROW_FORMAT=COMPACT COMMENT='InnoDB free: 13312 kB; InnoDB free: 13312 kB';
/*!40101 SET character_set_client = @saved_cs_client */;

--
-- Dumping data for table `service_types`
--

LOCK TABLES `service_types` WRITE;
/*!40000 ALTER TABLE `service_types` DISABLE KEYS */;
INSERT INTO `service_types` VALUES (0,'Original'),(1,'Template'),(2,'Prework'),(3,'Translation'),(4,'Tweak');
/*!40000 ALTER TABLE `service_types` ENABLE KEYS */;
UNLOCK TABLES;

--
-- Table structure for table `signoff_report_cache`
--

DROP TABLE IF EXISTS `signoff_report_cache`;
/*!40101 SET @saved_cs_client     = @@character_set_client */;
/*!40101 SET character_set_client = utf8 */;
CREATE TABLE `signoff_report_cache` (
  `id` int(11) unsigned NOT NULL AUTO_INCREMENT,
  `company_id` int(11) unsigned NOT NULL,
  `date` date NOT NULL DEFAULT '0000-00-00',
  `pages` int(11) unsigned NOT NULL DEFAULT '0',
  `words_tm` int(11) unsigned NOT NULL,
  `words_total` int(11) unsigned NOT NULL,
  `cost` float(9,2) DEFAULT '0.00',
  PRIMARY KEY (`id`),
  KEY `company_id` (`company_id`)
) ENGINE=MyISAM DEFAULT CHARSET=utf8 PACK_KEYS=0 ROW_FORMAT=COMPACT COMMENT='InnoDB free: 13312 kB; InnoDB free: 13312 kB';
/*!40101 SET character_set_client = @saved_cs_client */;

--
-- Dumping data for table `signoff_report_cache`
--

LOCK TABLES `signoff_report_cache` WRITE;
/*!40000 ALTER TABLE `signoff_report_cache` DISABLE KEYS */;
/*!40000 ALTER TABLE `signoff_report_cache` ENABLE KEYS */;
UNLOCK TABLES;

--
-- Table structure for table `signoff_reports`
--

DROP TABLE IF EXISTS `signoff_reports`;
/*!40101 SET @saved_cs_client     = @@character_set_client */;
/*!40101 SET character_set_client = utf8 */;
CREATE TABLE `signoff_reports` (
  `id` int(11) unsigned NOT NULL AUTO_INCREMENT,
  `user_id` int(11) unsigned NOT NULL,
  `time` timestamp NOT NULL DEFAULT '0000-00-00 00:00:00',
  `pages` int(11) unsigned NOT NULL DEFAULT '1',
  `task_id` int(11) unsigned NOT NULL,
  PRIMARY KEY (`id`),
  KEY `user_id` (`user_id`),
  KEY `task_id` (`task_id`)
) ENGINE=MyISAM DEFAULT CHARSET=utf8 PACK_KEYS=0 ROW_FORMAT=COMPACT COMMENT='InnoDB free: 13312 kB; InnoDB free: 13312 kB';
/*!40101 SET character_set_client = @saved_cs_client */;

--
-- Dumping data for table `signoff_reports`
--

LOCK TABLES `signoff_reports` WRITE;
/*!40000 ALTER TABLE `signoff_reports` DISABLE KEYS */;
/*!40000 ALTER TABLE `signoff_reports` ENABLE KEYS */;
UNLOCK TABLES;

--
-- Table structure for table `status`
--

DROP TABLE IF EXISTS `status`;
/*!40101 SET @saved_cs_client     = @@character_set_client */;
/*!40101 SET character_set_client = utf8 */;
CREATE TABLE `status` (
  `statusID` int(1) unsigned NOT NULL AUTO_INCREMENT,
  `statusInfo` varchar(30) NOT NULL DEFAULT '''''',
  PRIMARY KEY (`statusID`)
) ENGINE=MyISAM AUTO_INCREMENT=11 DEFAULT CHARSET=utf8 PACK_KEYS=0 ROW_FORMAT=COMPACT COMMENT='InnoDB free: 11264 kB; InnoDB free: 6144 kB; InnoDB free: 13';
/*!40101 SET character_set_client = @saved_cs_client */;

--
-- Dumping data for table `status`
--

LOCK TABLES `status` WRITE;
/*!40000 ALTER TABLE `status` DISABLE KEYS */;
INSERT INTO `status` VALUES (1,'Active'),(2,'Complete'),(3,'Archived'),(4,'Trashed'),(5,'Shortlisted'),(6,'Assigned'),(7,'Paused'),(8,'Awaiting for Approval'),(9,'Approved'),(10,'Signed Off');
/*!40000 ALTER TABLE `status` ENABLE KEYS */;
UNLOCK TABLES;

--
-- Table structure for table `streams`
--

DROP TABLE IF EXISTS `streams`;
/*!40101 SET @saved_cs_client     = @@character_set_client */;
/*!40101 SET character_set_client = utf8 */;
CREATE TABLE `streams` (
  `streamID` int(11) unsigned NOT NULL AUTO_INCREMENT,
  `streamTitle` varchar(255) NOT NULL DEFAULT '''''',
  PRIMARY KEY (`streamID`)
) ENGINE=MyISAM AUTO_INCREMENT=3 DEFAULT CHARSET=utf8 PACK_KEYS=0 ROW_FORMAT=COMPACT COMMENT='InnoDB free: 11264 kB; InnoDB free: 6144 kB; InnoDB free: 13';
/*!40101 SET character_set_client = @saved_cs_client */;

--
-- Dumping data for table `streams`
--

LOCK TABLES `streams` WRITE;
/*!40000 ALTER TABLE `streams` DISABLE KEYS */;
INSERT INTO `streams` VALUES (1,'Technology & Engineering, Natural & Applied Sciences'),(2,'Philosophy & Psychology, Religion & Social Sciences, Arts & Literature, Geography & History, Law');
/*!40000 ALTER TABLE `streams` ENABLE KEYS */;
UNLOCK TABLES;

--
-- Table structure for table `subjects`
--

DROP TABLE IF EXISTS `subjects`;
/*!40101 SET @saved_cs_client     = @@character_set_client */;
/*!40101 SET character_set_client = utf8 */;
CREATE TABLE `subjects` (
  `subjectID` int(11) unsigned NOT NULL AUTO_INCREMENT,
  `streamID` int(1) unsigned NOT NULL,
  `subjectTitle` varchar(255) NOT NULL DEFAULT '''''',
  PRIMARY KEY (`subjectID`),
  KEY `subjectTitle` (`subjectTitle`),
  KEY `streamID` (`streamID`)
) ENGINE=MyISAM AUTO_INCREMENT=62 DEFAULT CHARSET=utf8 PACK_KEYS=0 ROW_FORMAT=COMPACT COMMENT='InnoDB free: 11264 kB; InnoDB free: 6144 kB; InnoDB free: 13';
/*!40101 SET character_set_client = @saved_cs_client */;

--
-- Dumping data for table `subjects`
--

LOCK TABLES `subjects` WRITE;
/*!40000 ALTER TABLE `subjects` DISABLE KEYS */;
INSERT INTO `subjects` VALUES (1,1,'Computers'),(2,1,'Software and Data Processing'),(3,1,'Applied Sciences and Technology'),(4,1,'Engineering'),(5,1,'Communication'),(6,1,'Chemical Industry'),(7,1,'Manufacturing'),(8,1,'Military Science'),(9,1,'Naval Science'),(10,1,'Transport'),(11,1,'Agriculture'),(12,1,'Fisheries'),(13,1,'Farming'),(14,1,'Food Industry'),(15,1,'Forestry'),(16,1,'Housekeeping and Hospitality'),(17,1,'Stockbreeding'),(18,1,'Wildlife Exploration'),(19,1,'Medicine'),(20,1,'Health'),(21,1,'Mathematics'),(22,1,'Astronomy'),(23,1,'Biology'),(24,1,'Botany'),(25,1,'Chemistry'),(26,1,'Geology'),(27,1,'Meteorology'),(28,1,'Physics'),(29,1,'Zoology'),(30,2,'Social Sciences'),(31,2,'Accounting'),(32,2,'Business'),(33,2,'Economics'),(34,2,'Education'),(35,2,'Finance'),(36,2,'Government'),(37,2,'Political Science'),(38,2,'Law'),(39,2,'Generalities'),(40,2,'Anthropology'),(41,2,'Archaeology'),(42,2,'Geography'),(43,2,'History'),(44,2,'Philosophy'),(45,2,'Psychology'),(46,2,'Religion'),(47,2,'Theology'),(48,2,'Arts'),(49,2,'Music'),(50,2,'Language'),(51,2,'Linguistics'),(52,2,'Literature'),(53,2,'Recreation'),(54,2,'Entertainment'),(55,2,'Architecture'),(56,2,'Photography'),(57,2,'Cinematography'),(58,2,'Fashion'),(61,2,'Sport');
/*!40000 ALTER TABLE `subjects` ENABLE KEYS */;
UNLOCK TABLES;

--
-- Table structure for table `systemconfig`
--

DROP TABLE IF EXISTS `systemconfig`;
/*!40101 SET @saved_cs_client     = @@character_set_client */;
/*!40101 SET character_set_client = utf8 */;
CREATE TABLE `systemconfig` (
  `indexID` int(11) unsigned NOT NULL AUTO_INCREMENT,
  `companyID` int(11) unsigned NOT NULL,
  `siteURL` varchar(255) NOT NULL DEFAULT 'localhost',
  `systemName` varchar(50) NOT NULL DEFAULT 'PointandGo! Localise',
  `systemVersion` varchar(20) NOT NULL DEFAULT '4.4.2',
  `templateName` varchar(50) NOT NULL DEFAULT 'default',
  `logoFile` varchar(50) NOT NULL DEFAULT 'pagl.gif',
  `smallLogoFile` varchar(50) NOT NULL DEFAULT 's_pagl.gif',
  `currency` int(1) NOT NULL DEFAULT '3',
  `format_date` varchar(20) NOT NULL DEFAULT 'j M Y',
  `format_time` varchar(20) NOT NULL DEFAULT 'j M Y, H:i',
  `default_sub_font_id` int(11) unsigned NOT NULL DEFAULT '0',
  `default_img_dir` varchar(500) DEFAULT '/',
  PRIMARY KEY (`indexID`),
  KEY `companyID` (`companyID`),
  KEY `default_sub_font_id` (`default_sub_font_id`)
) ENGINE=MyISAM AUTO_INCREMENT=56 DEFAULT CHARSET=utf8 PACK_KEYS=0 ROW_FORMAT=COMPACT COMMENT='InnoDB free: 6144 kB; InnoDB free: 13312 kB; InnoDB free: 13';
/*!40101 SET character_set_client = @saved_cs_client */;

--
-- Dumping data for table `systemconfig`
--

LOCK TABLES `systemconfig` WRITE;
/*!40000 ALTER TABLE `systemconfig` DISABLE KEYS */;
INSERT INTO `systemconfig` VALUES (10,1,'beta.pointandgolocalise.com','PointandGo! Localise','4.4.2','default','20110411100007_localise_logo_large.gif','s_pagl.gif',3,'j M Y','j M Y, H:i',0,'/'),(30,22,'localhost','PointandGo! Localise','4.4.2','default','pagl.gif','s_pagl.gif',3,'j M Y','j M Y, H:i',0,NULL),(31,23,'localhost','PointandGo! Localise','4.4.2','default','pagl.gif','s_pagl.gif',3,'j M Y','j M Y, H:i',0,'/'),(32,24,'dpb.pointandgolocalise.com','PointandGo! Localise','4.4.2','green','20110207090617_DPB-Digitalprintbusiness.png','20110207090617_DPB-Digitalprintbusiness.png',3,'j M Y','j M Y, H:i',0,'/'),(33,25,'tls.pointandgolocalise.com','PointandGo! Localise','4.4.2','default','tls_logo.png','tls_logo.png',3,'j M Y','j M Y, H:i',0,'/'),(34,26,'om','PointandGo! Localise','4.4.2','default','tag_logo.png','tag_logo.png',3,'j M Y','j M Y, H:i',0,'/'),(35,27,'localhost','PointandGo! Localise','4.4.2','default','pagl.gif','s_pagl.gif',3,'j M Y','j M Y, H:i',0,'/'),(36,28,'cmc.pointandgolocalise.com','Printflow Ltd','4.4.2','scarlet','cmc_logo.png','cmc_logo.png',3,'j M Y','j M Y, H:i',0,'/'),(37,29,'localhost','PointandGo! Localise','4.4.2','default','pagl.gif','s_pagl.gif',3,'j M Y','j M Y, H:i',0,'/'),(38,30,'emagine.pointandgolocalise.com','Emagine','4.4.2','green','emagine_logo.png','emagine_logo.png',3,'j M Y','j M Y, H:i',0,'/'),(39,31,'diy.pointandgolocalise.com','PointandGo! Localise','4.4.2','default','20110315154622_kingfisher.png','20110315154622_kingfisher.png',3,'j M Y','j M Y, H:i',0,'/'),(40,32,'localhost','PointandGo! Localise','4.4.2','default','pagl.gif','s_pagl.gif',3,'j M Y','j M Y, H:i',0,'/'),(41,33,'localhost','PointandGo! Localise','4.4.2','default','pagl.gif','s_pagl.gif',3,'j M Y','j M Y, H:i',0,'/'),(43,35,'hays.pointandgolocalise.com','PointandGo! Localise','4.4.2','default','20110412084245_HAYS_RGB_LoRes.png','20110412084245_HAYS_RGB_LoRes.png',3,'j M Y','j M Y, H:i',0,'/'),(44,36,'localhost','PointandGo! Localise','4.4.2','default','pagl.gif','s_pagl.gif',3,'j M Y','j M Y, H:i',0,'/'),(45,37,'proco.pointandgolocalise.com','Proco','4.4.2','grey','20110506124508_mime-attachment.gif','20110506124508_mime-attachment.gif',3,'j M Y','j M Y, H:i',0,'/'),(46,38,'localhost','PointandGo! Localise','4.4.2','default','pagl.gif','s_pagl.gif',3,'j M Y','j M Y, H:i',0,'/'),(47,39,'localhost','PointandGo! Localise','4.4.2','default','pagl.gif','s_pagl.gif',3,'j M Y','j M Y, H:i',0,'/'),(48,40,'localhost','PointandGo! Localise','4.4.2','default','pagl.gif','s_pagl.gif',3,'j M Y','j M Y, H:i',0,'/'),(49,41,'localhost','PointandGo! Localise','4.4.2','default','pagl.gif','s_pagl.gif',3,'j M Y','j M Y, H:i',0,'/'),(50,42,'pageflow.creativetranslation.com','PageFlow','4.4.2','grey','20110711135902_PAGEflow-logo-lrg-v1.gif','20110711135902_PAGEflow-logo-lrg-v1.gif',3,'j M Y','j M Y, H:i',0,'/'),(51,43,'demo.transcogent.com','TransCogent','4.4.2','grey','20110715091632_logo_transcogent_s.png','20110715091632_logo_transcogent_s.png',3,'j M Y','j M Y, H:i',0,'/'),(52,44,'localhost','PointandGo! Localise','4.4.2','default','pagl.gif','s_pagl.gif',3,'j M Y','j M Y, H:i',0,'/'),(53,45,'localhost','PageFlow','4.4.2','grey','pagl.gif','s_pagl.gif',3,'j M Y','j M Y, H:i',0,'/'),(54,46,'localhost','PointandGo! Localise','4.4.2','default','pagl.gif','s_pagl.gif',3,'j M Y','j M Y, H:i',0,'/'),(55,47,'localhost','PageFlow','4.4.2','grey','pagl.gif','s_pagl.gif',3,'j M Y','j M Y, H:i',0,'/');
/*!40000 ALTER TABLE `systemconfig` ENABLE KEYS */;
UNLOCK TABLES;

--
-- Table structure for table `systemlog`
--

DROP TABLE IF EXISTS `systemlog`;
/*!40101 SET @saved_cs_client     = @@character_set_client */;
/*!40101 SET character_set_client = utf8 */;
CREATE TABLE `systemlog` (
  `logID` int(11) unsigned NOT NULL AUTO_INCREMENT,
  `userID` int(11) unsigned DEFAULT NULL,
  `action` varchar(255) CHARACTER SET utf8 COLLATE utf8_unicode_ci NOT NULL DEFAULT '''''',
  `time` timestamp NOT NULL DEFAULT '0000-00-00 00:00:00',
  `reference` varchar(255) CHARACTER SET utf8 COLLATE utf8_unicode_ci DEFAULT NULL,
  PRIMARY KEY (`logID`),
  KEY `userID` (`userID`)
) ENGINE=MyISAM DEFAULT CHARSET=utf8 PACK_KEYS=0 ROW_FORMAT=COMPACT COMMENT='InnoDB free: 9216 kB; InnoDB free: 6144 kB; InnoDB free: 133';
/*!40101 SET character_set_client = @saved_cs_client */;

--
-- Dumping data for table `systemlog`
--

LOCK TABLES `systemlog` WRITE;
/*!40000 ALTER TABLE `systemlog` DISABLE KEYS */;
/*!40000 ALTER TABLE `systemlog` ENABLE KEYS */;
UNLOCK TABLES;

--
-- Table structure for table `task_font_subs`
--

DROP TABLE IF EXISTS `task_font_subs`;
/*!40101 SET @saved_cs_client     = @@character_set_client */;
/*!40101 SET character_set_client = utf8 */;
CREATE TABLE `task_font_subs` (
  `id` int(11) unsigned NOT NULL AUTO_INCREMENT,
  `task_id` int(11) unsigned NOT NULL,
  `font_id` int(11) unsigned NOT NULL,
  `sub_font_id` int(11) DEFAULT NULL,
  PRIMARY KEY (`id`),
  KEY `task_id` (`task_id`),
  KEY `font_id` (`font_id`),
  KEY `sub_font_id` (`sub_font_id`)
) ENGINE=MyISAM DEFAULT CHARSET=utf8 PACK_KEYS=0 ROW_FORMAT=COMPACT COMMENT='InnoDB free: 13312 kB; InnoDB free: 13312 kB';
/*!40101 SET character_set_client = @saved_cs_client */;

--
-- Dumping data for table `task_font_subs`
--

LOCK TABLES `task_font_subs` WRITE;
/*!40000 ALTER TABLE `task_font_subs` DISABLE KEYS */;
/*!40000 ALTER TABLE `task_font_subs` ENABLE KEYS */;
UNLOCK TABLES;

--
-- Table structure for table `task_import_rows`
--

DROP TABLE IF EXISTS `task_import_rows`;
/*!40101 SET @saved_cs_client     = @@character_set_client */;
/*!40101 SET character_set_client = utf8 */;
CREATE TABLE `task_import_rows` (
  `id` int(11) unsigned NOT NULL AUTO_INCREMENT,
  `import_id` int(11) unsigned NOT NULL,
  `source` text,
  `target` text,
  `imported` int(1) unsigned NOT NULL DEFAULT '0',
  PRIMARY KEY (`id`),
  KEY `import_id` (`import_id`)
) ENGINE=MyISAM DEFAULT CHARSET=utf8 PACK_KEYS=0 ROW_FORMAT=COMPACT COMMENT='InnoDB free: 13312 kB; InnoDB free: 13312 kB';
/*!40101 SET character_set_client = @saved_cs_client */;

--
-- Dumping data for table `task_import_rows`
--

LOCK TABLES `task_import_rows` WRITE;
/*!40000 ALTER TABLE `task_import_rows` DISABLE KEYS */;
/*!40000 ALTER TABLE `task_import_rows` ENABLE KEYS */;
UNLOCK TABLES;

--
-- Table structure for table `task_imports`
--

DROP TABLE IF EXISTS `task_imports`;
/*!40101 SET @saved_cs_client     = @@character_set_client */;
/*!40101 SET character_set_client = utf8 */;
CREATE TABLE `task_imports` (
  `id` int(11) unsigned NOT NULL AUTO_INCREMENT,
  `artwork_id` int(11) unsigned NOT NULL DEFAULT '0',
  `task_id` int(11) unsigned NOT NULL,
  `file_type` varchar(10) DEFAULT NULL,
  `option` tinyint(1) NOT NULL DEFAULT '1',
  `loose` tinyint(1) NOT NULL DEFAULT '0',
  `time_start` timestamp NOT NULL DEFAULT '0000-00-00 00:00:00',
  `time_end` timestamp NOT NULL DEFAULT '0000-00-00 00:00:00',
  PRIMARY KEY (`id`),
  KEY `task_id` (`task_id`),
  KEY `artwork_id` (`artwork_id`)
) ENGINE=MyISAM DEFAULT CHARSET=utf8 PACK_KEYS=0 ROW_FORMAT=COMPACT COMMENT='InnoDB free: 13312 kB; InnoDB free: 13312 kB';
/*!40101 SET character_set_client = @saved_cs_client */;

--
-- Dumping data for table `task_imports`
--

LOCK TABLES `task_imports` WRITE;
/*!40000 ALTER TABLE `task_imports` DISABLE KEYS */;
/*!40000 ALTER TABLE `task_imports` ENABLE KEYS */;
UNLOCK TABLES;

--
-- Table structure for table `task_proofreaders`
--

DROP TABLE IF EXISTS `task_proofreaders`;
/*!40101 SET @saved_cs_client     = @@character_set_client */;
/*!40101 SET character_set_client = utf8 */;
CREATE TABLE `task_proofreaders` (
  `id` int(11) NOT NULL AUTO_INCREMENT,
  `task_id` int(11) NOT NULL,
  `user_id` int(11) NOT NULL,
  `order` tinyint(2) NOT NULL DEFAULT '0',
  `deadline` date DEFAULT NULL,
  `done` tinyint(1) NOT NULL DEFAULT '0',
  PRIMARY KEY (`id`),
  KEY `task_id` (`task_id`,`user_id`)
) ENGINE=MyISAM DEFAULT CHARSET=utf8;
/*!40101 SET character_set_client = @saved_cs_client */;

--
-- Dumping data for table `task_proofreaders`
--

LOCK TABLES `task_proofreaders` WRITE;
/*!40000 ALTER TABLE `task_proofreaders` DISABLE KEYS */;
/*!40000 ALTER TABLE `task_proofreaders` ENABLE KEYS */;
UNLOCK TABLES;

--
-- Table structure for table `tasklog`
--

DROP TABLE IF EXISTS `tasklog`;
/*!40101 SET @saved_cs_client     = @@character_set_client */;
/*!40101 SET character_set_client = utf8 */;
CREATE TABLE `tasklog` (
  `logID` int(11) unsigned NOT NULL AUTO_INCREMENT,
  `taskID` int(11) unsigned NOT NULL,
  `userID` int(11) unsigned NOT NULL,
  `action` varchar(255) NOT NULL DEFAULT '''''',
  `time` timestamp NOT NULL DEFAULT '0000-00-00 00:00:00',
  `reference` varchar(255) DEFAULT NULL,
  PRIMARY KEY (`logID`),
  KEY `taskID` (`taskID`),
  KEY `userID` (`userID`)
) ENGINE=MyISAM DEFAULT CHARSET=utf8 PACK_KEYS=0 ROW_FORMAT=COMPACT COMMENT='InnoDB free: 6144 kB; InnoDB free: 13312 kB; InnoDB free: 13';
/*!40101 SET character_set_client = @saved_cs_client */;

--
-- Dumping data for table `tasklog`
--

LOCK TABLES `tasklog` WRITE;
/*!40000 ALTER TABLE `tasklog` DISABLE KEYS */;
/*!40000 ALTER TABLE `tasklog` ENABLE KEYS */;
UNLOCK TABLES;

--
-- Table structure for table `tasks`
--

DROP TABLE IF EXISTS `tasks`;
/*!40101 SET @saved_cs_client     = @@character_set_client */;
/*!40101 SET character_set_client = utf8 */;
CREATE TABLE `tasks` (
  `taskID` int(11) unsigned NOT NULL AUTO_INCREMENT,
  `artworkID` int(11) unsigned NOT NULL,
  `desiredLanguageID` int(11) unsigned NOT NULL,
  `agentID` int(11) NOT NULL DEFAULT '0',
  `translatorID` int(11) unsigned DEFAULT '0',
  `tdeadline` date DEFAULT NULL,
  `creatorID` int(11) unsigned NOT NULL,
  `lastUpdate` timestamp NOT NULL DEFAULT '0000-00-00 00:00:00',
  `deadline` date NOT NULL,
  `taskStatus` int(1) unsigned DEFAULT '5',
  `vCode` varchar(96) DEFAULT NULL,
  `userWords` int(11) unsigned NOT NULL DEFAULT '0',
  `tmWords` int(11) unsigned NOT NULL DEFAULT '0',
  `missingWords` int(11) unsigned NOT NULL DEFAULT '0',
  `currencyID` int(1) unsigned NOT NULL DEFAULT '3',
  `cost` float(9,2) unsigned NOT NULL DEFAULT '0.00',
  `brief` text,
  `attachment` varchar(500) DEFAULT NULL,
  `serviceCurrencyID` tinyint(1) unsigned NOT NULL DEFAULT '3',
  `serviceCharge` float(9,2) unsigned NOT NULL DEFAULT '0.00',
  `cache` tinyint(1) NOT NULL DEFAULT '1',
  PRIMARY KEY (`taskID`),
  KEY `artworkID` (`artworkID`),
  KEY `desiredLanguageID` (`desiredLanguageID`),
  KEY `translatorID` (`translatorID`),
  KEY `creatorID` (`creatorID`),
  KEY `taskStatus` (`taskStatus`),
  KEY `currencyID` (`currencyID`),
  KEY `serviceCurrencyID` (`serviceCurrencyID`),
  KEY `agentID` (`agentID`)
) ENGINE=MyISAM DEFAULT CHARSET=utf8 PACK_KEYS=0 ROW_FORMAT=COMPACT COMMENT='InnoDB free: 11264 kB; InnoDB free: 6144 kB; InnoDB free: 13';
/*!40101 SET character_set_client = @saved_cs_client */;

--
-- Dumping data for table `tasks`
--

LOCK TABLES `tasks` WRITE;
/*!40000 ALTER TABLE `tasks` DISABLE KEYS */;
/*!40000 ALTER TABLE `tasks` ENABLE KEYS */;
UNLOCK TABLES;

--
-- Table structure for table `userlanguages`
--

DROP TABLE IF EXISTS `userlanguages`;
/*!40101 SET @saved_cs_client     = @@character_set_client */;
/*!40101 SET character_set_client = utf8 */;
CREATE TABLE `userlanguages` (
  `indexID` int(10) unsigned NOT NULL AUTO_INCREMENT,
  `userID` int(10) unsigned NOT NULL,
  `languageID` int(10) unsigned NOT NULL,
  `proID` int(10) unsigned NOT NULL,
  PRIMARY KEY (`indexID`),
  KEY `userID` (`userID`),
  KEY `languageID` (`languageID`),
  KEY `proID` (`proID`)
) ENGINE=MyISAM AUTO_INCREMENT=348 DEFAULT CHARSET=utf8 PACK_KEYS=0 ROW_FORMAT=COMPACT COMMENT='InnoDB free: 11264 kB; InnoDB free: 6144 kB; InnoDB free: 13';
/*!40101 SET character_set_client = @saved_cs_client */;

--
-- Dumping data for table `userlanguages`
--

LOCK TABLES `userlanguages` WRITE;
/*!40000 ALTER TABLE `userlanguages` DISABLE KEYS */;
INSERT INTO `userlanguages` VALUES (23,7,1,5),(28,7,8,5),(295,7,5,2),(230,88,1,4),(231,88,9,4),(232,88,3,4),(233,88,5,5),(293,7,3,1),(296,116,38,5),(297,116,16,5),(298,116,9,5),(299,117,38,5),(300,117,16,5),(301,117,9,5),(302,118,38,5),(303,118,9,5),(304,119,38,5),(305,119,16,5),(306,130,1,5),(307,130,8,4),(308,135,1,4),(309,135,9,5),(310,137,1,4),(311,137,3,5),(317,142,5,5),(316,142,38,5),(314,140,9,5),(315,140,1,4),(318,144,37,4),(319,144,8,4),(320,144,36,4),(321,147,1,4),(322,147,37,4),(323,150,1,5),(324,150,16,5),(334,154,1,5),(333,154,3,5),(332,155,1,5),(331,155,32,5),(335,158,1,5),(336,158,3,5),(337,158,9,5),(338,159,1,5),(339,159,9,5),(340,159,3,5),(341,164,1,5),(342,164,9,5),(343,158,38,5),(344,169,1,5),(345,168,1,5),(346,168,9,5),(347,169,3,5);
/*!40000 ALTER TABLE `userlanguages` ENABLE KEYS */;
UNLOCK TABLES;

--
-- Table structure for table `userrates`
--

DROP TABLE IF EXISTS `userrates`;
/*!40101 SET @saved_cs_client     = @@character_set_client */;
/*!40101 SET character_set_client = utf8 */;
CREATE TABLE `userrates` (
  `indexID` int(11) unsigned NOT NULL AUTO_INCREMENT,
  `userID` int(11) unsigned NOT NULL,
  `sourceLangID` int(11) unsigned NOT NULL DEFAULT '0',
  `targetLangID` int(11) unsigned NOT NULL DEFAULT '0',
  `currencyID` int(11) unsigned NOT NULL,
  `rate` double(3,2) unsigned zerofill NOT NULL,
  `preference` int(1) unsigned zerofill NOT NULL DEFAULT '1',
  PRIMARY KEY (`indexID`),
  KEY `userID` (`userID`),
  KEY `sourceLangID` (`sourceLangID`),
  KEY `targetLangID` (`targetLangID`),
  KEY `currencyID` (`currencyID`)
) ENGINE=MyISAM AUTO_INCREMENT=125 DEFAULT CHARSET=utf8 PACK_KEYS=0 ROW_FORMAT=COMPACT COMMENT='InnoDB free: 11264 kB; InnoDB free: 6144 kB; InnoDB free: 13';
/*!40101 SET character_set_client = @saved_cs_client */;

--
-- Dumping data for table `userrates`
--

LOCK TABLES `userrates` WRITE;
/*!40000 ALTER TABLE `userrates` DISABLE KEYS */;
INSERT INTO `userrates` VALUES (114,7,0,0,3,0.01,1),(8,7,8,5,1,0.08,0),(9,7,0,8,2,0.02,1),(13,7,8,1,2,0.07,1),(26,42,0,0,3,0.05,1),(74,88,0,0,3,0.05,1),(90,7,1,8,3,0.05,1),(92,7,1,5,1,0.04,1),(95,7,3,8,3,0.06,1),(96,7,1,3,3,0.03,1),(119,142,38,5,3,0.50,1),(117,140,1,9,2,0.40,1),(118,140,9,1,3,0.60,1),(120,142,5,1,3,0.50,1),(121,144,37,1,3,0.10,1),(122,144,8,1,3,0.12,1),(123,144,36,1,3,0.12,1),(124,169,1,3,3,0.16,0);
/*!40000 ALTER TABLE `userrates` ENABLE KEYS */;
UNLOCK TABLES;

--
-- Table structure for table `users`
--

DROP TABLE IF EXISTS `users`;
/*!40101 SET @saved_cs_client     = @@character_set_client */;
/*!40101 SET character_set_client = utf8 */;
CREATE TABLE `users` (
  `userID` int(10) unsigned NOT NULL AUTO_INCREMENT,
  `username` varchar(160) NOT NULL DEFAULT '''''',
  `password` varchar(20) NOT NULL DEFAULT '''''',
  `userGroupID` int(1) unsigned NOT NULL,
  `forename` varchar(160) DEFAULT NULL,
  `surname` varchar(160) DEFAULT NULL,
  `email` varchar(255) DEFAULT NULL,
  `companyID` int(10) unsigned NOT NULL,
  `telephone` varchar(20) DEFAULT NULL,
  `mobile` varchar(20) DEFAULT NULL,
  `fax` varchar(20) DEFAULT NULL,
  `photo` varchar(255) NOT NULL DEFAULT 'default.jpg',
  `lastLogin` timestamp NOT NULL DEFAULT '0000-00-00 00:00:00',
  `lastIP` varchar(20) DEFAULT NULL,
  `active` int(1) unsigned NOT NULL DEFAULT '1',
  `lastActive` timestamp NOT NULL DEFAULT '0000-00-00 00:00:00',
  `vtID` int(11) unsigned NOT NULL,
  `vCode` varchar(32) DEFAULT NULL,
  `agent` tinyint(1) unsigned NOT NULL DEFAULT '0',
  `langID` int(11) NOT NULL DEFAULT '1',
  PRIMARY KEY (`userID`),
  UNIQUE KEY `username` (`username`),
  KEY `userGroupID` (`userGroupID`),
  KEY `companyID` (`companyID`)
) ENGINE=MyISAM AUTO_INCREMENT=171 DEFAULT CHARSET=utf8 PACK_KEYS=0 ROW_FORMAT=COMPACT COMMENT='InnoDB free: 11264 kB; InnoDB free: 6144 kB; InnoDB free: 13';
/*!40101 SET character_set_client = @saved_cs_client */;

--
-- Dumping data for table `users`
--

LOCK TABLES `users` WRITE;
/*!40000 ALTER TABLE `users` DISABLE KEYS */;
INSERT INTO `users` VALUES (7,'admin','spadmin',34,'SP','Admin','rick.xu@sp-int.com',1,'0208 614 4944','07525 833 476','0208 614 4949','admin_avatar.jpg','2011-11-01 12:58:40','78.105.12.188',1,'2011-11-01 12:59:15',0,NULL,1,1),(113,'googlebot','24yellow24',28,'Google','Bot','tech@sp-int.com',1,'0208 614 4944','','0208 614 4949','default.jpg','2010-12-23 11:19:18','127.0.0.1',1,'2010-12-23 11:22:13',0,NULL,0,1),(114,'demo','demo',33,'demo','user','andy.chan@sp-int.com',1,'','','','default.jpg','2011-04-06 10:37:42','78.105.12.188',1,'2011-04-06 10:42:38',1,NULL,0,1),(115,'luke.alexandre@sp-int.com','hopper',34,'Luke','Alexandre','luke.alexandre@sp-int.com',23,'','','','default.jpg','2011-04-14 14:04:30','78.105.12.188',1,'2011-04-14 14:04:36',23,NULL,0,1),(116,'jan.ohye@goexp.com','paramount',30,'Jan','Ohye','jan.ohye@goexp.com',23,'','','','default.jpg','0000-00-00 00:00:00',NULL,1,'0000-00-00 00:00:00',23,NULL,0,1),(117,'nigel.kent@wgexp.com','paramount',31,'Nigel','Kent','orb.demo@goexp.com',23,'','','','default.jpg','0000-00-00 00:00:00',NULL,1,'0000-00-00 00:00:00',23,NULL,0,1),(118,'charlotte.lannoy@hotmail.fr','translator',28,'Charlotte','Lannoy','charlotte.lannoy@hotmail.fr',23,'','','','default.jpg','0000-00-00 00:00:00',NULL,1,'0000-00-00 00:00:00',23,NULL,0,1),(119,'mattia.brundo@gmail.com','translator',28,'Mattia','Brundo','mattia.brundo@gmail.com',23,'','','','default.jpg','0000-00-00 00:00:00',NULL,1,'0000-00-00 00:00:00',23,NULL,0,1),(120,'atranslator','pagl',28,'a','translator','andy.chan@sp-int.com',1,'','','','default.jpg','2011-02-02 12:13:37','87.194.3.238',1,'2011-02-02 14:14:32',1,NULL,0,1),(121,'paul','digital',33,'Paul','Hopkins','paul@digitalprintbusiness.ie',24,'','','','default.jpg','2011-02-09 16:17:49','78.105.12.188',1,'2011-02-09 16:51:05',24,NULL,0,1),(122,'nmole@tls-translations.com','tlsadmin',33,'Nick','Mole','nmole@tls-translations.com',25,'','','','default.jpg','2011-02-10 17:04:32','79.99.147.62',1,'2011-02-10 17:34:12',25,NULL,0,1),(123,'rtredway@tagworldwide.com','tagadmin',33,'Ross','Tredway','rtredway@tagworldwide.com',26,'','','','default.jpg','2011-03-17 14:22:17','78.105.12.188',1,'2011-03-17 17:13:43',26,NULL,0,1),(124,'fabio.ercole@chefdumonde.co.uk','chefadmin',33,'Fabio','Ercole','fabio.ercole@chefdumonde.co.uk',27,'','','','default.jpg','2011-02-23 09:53:19','78.105.12.188',1,'2011-02-23 09:53:33',27,NULL,0,1),(125,'david.timpson@printflow.com','cmcadmin',33,'David','Timpson','david.timpson@printflow.com',28,'','','','default.jpg','0000-00-00 00:00:00',NULL,1,'0000-00-00 00:00:00',28,NULL,0,1),(126,'joe.balamash@uk.e-graphics.com','eadmin',33,'Joe','Balamash','joe.balamash@uk.e-graphics.com',29,'','','','default.jpg','0000-00-00 00:00:00',NULL,1,'0000-00-00 00:00:00',29,NULL,0,1),(127,'darrenayles@wyndeham-prepress.co.uk','emagineadmin',33,'Darren','Ayles','darrenayles@wyndeham-prepress.co.uk',30,'','','','default.jpg','2011-05-12 13:54:07','78.105.12.188',1,'2011-05-12 14:02:41',30,NULL,0,1),(128,'gregfeltham@wyndeham-prepress.co.uk','emagineadmin1',33,'Greg','Feltham','gregfeltham@wyndeham-prepress.co.uk',30,'','','','default.jpg','2011-05-04 13:25:09','79.99.147.62',1,'2011-05-04 13:25:38',30,NULL,0,1),(130,'diyadmin','diyadmin',33,'Matt ','Offin','luke.alexandre@sp-int.com',31,'','','','default.jpg','2011-03-17 16:13:14','78.105.12.188',1,'2011-03-17 16:55:58',31,NULL,0,1),(131,'tagadmin','tagadmin',33,'luke','alexandre','luke.alexandre@sp-int.com',26,'','','','default.jpg','2011-04-05 09:01:28','78.105.12.188',1,'2011-04-05 09:28:42',26,NULL,0,1),(132,'rpurton@tagworldwide.com','tagadmin',33,'Richard','Purton','rpurton@tagworldwide.com',26,'','','','default.jpg','0000-00-00 00:00:00',NULL,1,'0000-00-00 00:00:00',26,NULL,0,1),(133,'shickman@tagworldwide.com','tagadmin',33,'Scott','Hickman','shickman@tagworldwide.com',26,'','','','default.jpg','2011-03-25 11:07:03','193.111.227.10',1,'2011-03-25 11:31:55',26,NULL,0,1),(134,'paul.stoddart@parlourwood.co.uk','parlour1',33,'Paul','Stoddart','paul.stoddart@parlourwood.co.uk',32,'','','','default.jpg','2011-04-27 09:19:01','62.133.6.58',1,'2011-04-27 10:40:35',32,NULL,0,1),(135,'flavie.bordes@storyworldwide.com','storyadmin',33,'Flavie','Bordes','flavie.bordes@storyworldwide.com',33,'','','','default.jpg','2011-04-11 14:47:45','83.244.245.98',1,'2011-04-11 14:52:30',33,NULL,0,1),(136,'smathews@masterpiececreate.co.uk','cheese82',33,'Sam','Mathews','smathews@masterpiececreate.co.uk',30,'','','','default.jpg','2011-09-01 12:47:09','79.99.147.62',1,'2011-09-01 12:47:36',30,NULL,0,1),(137,'Julian','taxfree',31,'Julian','Ramirez','julian.ramirez@sp-int.com',33,'','','','default.jpg','2011-05-25 12:48:37','78.105.12.188',1,'2011-05-25 12:48:39',33,NULL,0,1),(138,'Simon.Evered@hays.com','haysadmin',33,'Simon','Evered','Simon.Evered@hays.com',35,'','','','default.jpg','2011-06-29 11:18:33','212.240.141.49',1,'2011-06-29 11:23:25',35,NULL,0,1),(142,'juls_tra','123',31,'j','j','julian.ramirez@sp-int.com',1,'','','','default.jpg','2011-04-26 09:17:12','94.193.132.35',1,'2011-04-26 09:18:45',1,NULL,0,1),(140,'Julie.Griffouliere@hays.com','haysmanager',32,'Julie','Griffouliere','Julie.Griffouliere@hays.com',35,'','','','default.jpg','2011-04-14 14:50:43','212.240.141.49',1,'2011-04-14 14:51:24',0,NULL,0,4),(141,'luca.rosi@hays.com','haystranslate',31,'Luca','Rosi','luca.rosi@hays.com',35,'','','','default.jpg','0000-00-00 00:00:00',NULL,1,'0000-00-00 00:00:00',35,NULL,0,1),(143,'ken.whild@proco.com','proco',33,'Ken','Whild','ken.whild@proco.com',37,'','','','default.jpg','2011-05-17 06:56:06','94.193.132.35',1,'2011-05-17 06:56:17',37,NULL,0,1),(144,'Hemant','Hemant',33,'Hemant','Budhivant','hbraju@gmail.com',38,'07760872782','07760872782','','default.jpg','2011-06-09 21:21:36','81.100.100.200',1,'2011-06-09 21:24:52',38,NULL,1,1),(145,'jamesH','james',28,'James','Hewlings','james.hewling@proco.com',37,'','','','default.jpg','0000-00-00 00:00:00',NULL,1,'0000-00-00 00:00:00',37,NULL,0,1),(147,'Hemant_translator','password',28,'Hemant','Budhivant','hbraju@gmail.com',38,'','','','default.jpg','2011-05-25 14:37:07','78.105.12.188',1,'2011-05-25 15:17:54',0,NULL,1,1),(148,'test_trans','123',28,'Test','Trans','sdfasdfas@dfa.COM',1,'','','','default.jpg','0000-00-00 00:00:00',NULL,1,'0000-00-00 00:00:00',1,NULL,0,1),(149,'comp_','1234',33,'comp','com','werwe@gmail.com',39,'','','','default.jpg','0000-00-00 00:00:00',NULL,1,'0000-00-00 00:00:00',0,NULL,0,1),(150,'AgencyTrans','123',28,'Julian','J','julian.ramirez@sp-int.com',40,'','','','default.jpg','0000-00-00 00:00:00',NULL,1,'0000-00-00 00:00:00',0,NULL,1,1),(155,'pr1','123',31,'pr1','pr1','pr1@pr1.com',1,'','','','default.jpg','2011-06-13 09:16:12','78.105.12.188',1,'2011-06-13 09:16:15',1,NULL,0,1),(154,'pr2','123',31,'pr2','pr2','pr2@pr2.com',1,'','','','default.jpg','2011-06-29 15:40:15','78.105.12.188',1,'2011-06-29 15:40:34',1,NULL,0,1),(156,'ma','123',32,'hkgk','kljh','juliantgh@gmail.com',1,'','','','default.jpg','2011-06-13 11:31:43','78.105.12.188',1,'2011-06-13 11:52:51',1,NULL,0,1),(157,'projectm','projectm',33,'luke','projectm','luke.alexandre@sp-int.com',1,'','','','default.jpg','2011-08-08 10:55:59','195.99.190.130',1,'2011-08-08 10:56:53',1,NULL,0,1),(158,'translator','translator',28,'luke','translator','luke.alexandre@sp-int.com',1,'','','','default.jpg','2011-08-08 10:39:30','195.99.190.130',1,'2011-08-08 10:53:17',1,NULL,0,1),(159,'approver','approver',31,'Luke','approver','luke.alexandre@sp-int.com',1,'','','','default.jpg','2011-08-08 10:53:27','195.99.190.130',1,'2011-08-08 10:55:39',1,NULL,0,1),(160,'creative-services@duomedia.com','duomedia',33,'Seb','Le Roux','creative-services@duomedia.com',41,'','','','default.jpg','2011-06-30 14:37:50','94.193.132.35',1,'2011-06-30 14:38:04',41,NULL,0,1),(163,'mark@creativetranslation.com','pageflow',33,'Mark','Alford','mark@creativetranslation.com',42,'','','','default.jpg','2011-09-13 09:15:33','78.105.12.188',1,'2011-09-13 14:41:49',42,NULL,0,1),(164,'generic','generic',33,'Demo','Account','kevin.burgess@cogent.co.uk',43,'','','','default.jpg','2011-08-03 12:47:26','81.137.41.105',1,'2011-08-03 15:09:07',43,NULL,0,1),(165,'gudrun.claeys@walker.co.uk','walker',33,'Gudrun','Claeys','gudrun.claeys@walker.co.uk',44,'','','','default.jpg','2011-07-19 13:53:06','217.169.40.110',1,'2011-07-19 13:54:01',44,NULL,0,1),(166,'nmccutcheon@christies.com','christies',33,'Neil','Mccutcheon','nmccutcheon@christies.com',45,'','','','default.jpg','2011-09-27 07:47:09','195.171.89.226',1,'2011-09-27 07:49:48',45,NULL,0,1),(167,'addisonadmin','admin',33,'Leif','Skogstadt','leif.skogstad@addison.co.uk',46,'','','','default.jpg','0000-00-00 00:00:00',NULL,1,'0000-00-00 00:00:00',46,NULL,0,1),(168,'Mark Alford','creative1',33,'Mark','Alford','mark@creativetranslation.com',47,'02086144945','07973803446','','default.jpg','2011-08-17 14:49:21','195.99.156.162',1,'2011-08-17 14:55:42',47,NULL,1,1),(169,'Luke Innis','creative2',31,'Luke','Innis','luke@creativetrasnlation.com',47,'02071383819','07714287260','','default.jpg','0000-00-00 00:00:00',NULL,1,'0000-00-00 00:00:00',47,NULL,1,1),(170,'luke@creativetranslation.com','pageflow',33,'Luke','Innis','luke@creativetranslation.com',42,'','','','default.jpg','2011-09-08 15:44:37','87.236.134.133',1,'2011-09-08 16:24:54',42,NULL,0,1);
/*!40000 ALTER TABLE `users` ENABLE KEYS */;
UNLOCK TABLES;

--
-- Table structure for table `userspecs`
--

DROP TABLE IF EXISTS `userspecs`;
/*!40101 SET @saved_cs_client     = @@character_set_client */;
/*!40101 SET character_set_client = utf8 */;
CREATE TABLE `userspecs` (
  `indexID` int(11) unsigned NOT NULL AUTO_INCREMENT,
  `userID` int(11) unsigned NOT NULL,
  `subjectID` int(11) unsigned NOT NULL,
  PRIMARY KEY (`indexID`),
  KEY `userID` (`userID`),
  KEY `subjectID` (`subjectID`)
) ENGINE=MyISAM AUTO_INCREMENT=171 DEFAULT CHARSET=utf8 PACK_KEYS=0 ROW_FORMAT=COMPACT COMMENT='InnoDB free: 11264 kB; InnoDB free: 6144 kB; InnoDB free: 13';
/*!40101 SET character_set_client = @saved_cs_client */;

--
-- Dumping data for table `userspecs`
--

LOCK TABLES `userspecs` WRITE;
/*!40000 ALTER TABLE `userspecs` DISABLE KEYS */;
INSERT INTO `userspecs` VALUES (132,7,2),(131,7,4),(130,7,1),(129,7,48),(133,120,32),(134,120,6),(135,120,56),(167,144,51),(166,144,50),(165,144,43),(164,144,34),(163,144,1),(162,144,32),(161,144,48),(160,147,34),(168,144,2),(170,169,52);
/*!40000 ALTER TABLE `userspecs` ENABLE KEYS */;
UNLOCK TABLES;
/*!40103 SET TIME_ZONE=@OLD_TIME_ZONE */;

/*!40101 SET SQL_MODE=@OLD_SQL_MODE */;
/*!40014 SET FOREIGN_KEY_CHECKS=@OLD_FOREIGN_KEY_CHECKS */;
/*!40014 SET UNIQUE_CHECKS=@OLD_UNIQUE_CHECKS */;
/*!40101 SET CHARACTER_SET_CLIENT=@OLD_CHARACTER_SET_CLIENT */;
/*!40101 SET CHARACTER_SET_RESULTS=@OLD_CHARACTER_SET_RESULTS */;
/*!40101 SET COLLATION_CONNECTION=@OLD_COLLATION_CONNECTION */;
/*!40111 SET SQL_NOTES=@OLD_SQL_NOTES */;

-- Dump completed on 2011-11-03 12:08:56
